business_name,phone,email,website,about_blurb,country_code,city,source_url,last_scraped_at
Carrefour UAE,,,https://www.carrefouruae.com/mafuae/en/,,AE,Sharjah,https://www.carrefouruae.com/mafuae/en/?city=Sharjah&country=AE&utm_source=mealdeals_scraper,2026-08-07T20:58:09.547211+00:00
Carrefour UAE,,,https://www.carrefouruae.com/mafuae/en/,,AE,Dubai,https://www.carrefouruae.com/mafuae/en/?city=Dubai&country=AE&utm_source=mealdeals_scraper,2026-08-07T20:58:09.508599+00:00
Carrefour UAE,,,https://www.carrefouruae.com/mafuae/en/,,AE,Abu Dhabi,https://www.carrefouruae.com/mafuae/en/?city=Abu+Dhabi&country=AE&utm_source=mealdeals_scraper,2026-08-07T20:58:09.528397+00:00
Hilton Hotels,+1-855-672-1138,,https://www.hilton.com/,"Take advantage of hotel offers, unique promotions, and exclusive online specials directly from Hilton Portfolio.",AE,Abu Dhabi,https://www.hilton.com/en/offers/?city=Abu+Dhabi&country=AE&utm_source=mealdeals_scraper,2026-08-07T20:58:09.529896+00:00
Hilton Hotels,+1-855-672-1138,,https://www.hilton.com/,"Take advantage of hotel offers, unique promotions, and exclusive online specials directly from Hilton Portfolio.",AE,Sharjah,https://www.hilton.com/en/offers/?city=Sharjah&country=AE&utm_source=mealdeals_scraper,2026-08-07T20:58:09.548622+00:00
Hilton Hotels,+1-855-672-1138,,https://www.hilton.com/,"Take advantage of hotel offers, unique promotions, and exclusive online specials directly from Hilton Portfolio.",AE,Dubai,https://www.hilton.com/en/offers/?city=Dubai&country=AE&utm_source=mealdeals_scraper,2026-08-07T20:58:09.510413+00:00
Jones the Grocer Cafe,,,https://jonesthegrocer.com/,,AE,Abu Dhabi,https://jonesthegrocer.com/?city=Abu+Dhabi&country=AE&utm_source=mealdeals_scraper,2026-08-07T20:58:09.531330+00:00
Jones the Grocer Cafe,,,https://jonesthegrocer.com/,,AE,Dubai,https://jonesthegrocer.com/?city=Dubai&country=AE&utm_source=mealdeals_scraper,2026-08-07T20:58:09.512174+00:00
Jones the Grocer Cafe,,,https://jonesthegrocer.com/,,AE,Sharjah,https://jonesthegrocer.com/?city=Sharjah&country=AE&utm_source=mealdeals_scraper,2026-08-07T20:58:09.549899+00:00
Lulu Hypermarket,,,https://www.luluhypermarket.com/,,AE,Dubai,https://www.luluhypermarket.com/?city=Dubai&country=AE&utm_source=mealdeals_scraper,2026-08-07T20:58:09.509233+00:00
Lulu Hypermarket,,,https://www.luluhypermarket.com/,,AE,Sharjah,https://www.luluhypermarket.com/?city=Sharjah&country=AE&utm_source=mealdeals_scraper,2026-08-07T20:58:09.547711+00:00
Lulu Hypermarket,,,https://www.luluhypermarket.com/,,AE,Abu Dhabi,https://www.luluhypermarket.com/?city=Abu+Dhabi&country=AE&utm_source=mealdeals_scraper,2026-08-07T20:58:09.528927+00:00
Marriott Hotels,,,https://www.marriott.com/en-ae/offers.mi,,AE,Dubai,https://www.marriott.com/en-ae/offers.mi?city=Dubai&country=AE&utm_source=mealdeals_scraper,2026-08-07T20:58:09.509838+00:00
Marriott Hotels,,,https://www.marriott.com/en-ae/offers.mi,,AE,Sharjah,https://www.marriott.com/en-ae/offers.mi?city=Sharjah&country=AE&utm_source=mealdeals_scraper,2026-08-07T20:58:09.548155+00:00
Marriott Hotels,,,https://www.marriott.com/en-ae/offers.mi,,AE,Abu Dhabi,https://www.marriott.com/en-ae/offers.mi?city=Abu+Dhabi&country=AE&utm_source=mealdeals_scraper,2026-08-07T20:58:09.529378+00:00
Riva Beach Bar,,,https://www.rivabeachbar.com/,,AE,Dubai,https://www.rivabeachbar.com/?city=Dubai&country=AE&utm_source=mealdeals_scraper,2026-08-07T20:58:09.510993+00:00
Riva Beach Bar,,,https://www.rivabeachbar.com/,,AE,Abu Dhabi,https://www.rivabeachbar.com/?city=Abu+Dhabi&country=AE&utm_source=mealdeals_scraper,2026-08-07T20:58:09.530412+00:00
Riva Beach Bar,,,https://www.rivabeachbar.com/,,AE,Sharjah,https://www.rivabeachbar.com/?city=Sharjah&country=AE&utm_source=mealdeals_scraper,2026-08-07T20:58:09.549064+00:00
Starbucks Coffee,,,https://www.starbucks.ae/,,AE,Abu Dhabi,https://www.starbucks.ae/?city=Abu+Dhabi&country=AE&utm_source=mealdeals_scraper,2026-08-07T20:58:09.530861+00:00
Starbucks Coffee,,,https://www.starbucks.ae/,,AE,Sharjah,https://www.starbucks.ae/?city=Sharjah&country=AE&utm_source=mealdeals_scraper,2026-08-07T20:58:09.549488+00:00
Starbucks Coffee,,,https://www.starbucks.ae/,,AE,Dubai,https://www.starbucks.ae/?city=Dubai&country=AE&utm_source=mealdeals_scraper,2026-08-07T20:58:09.511555+00:00
Epicurean,,,https://www.epicureanantigua.com/,,AG,St Johns,https://www.epicureanantigua.com/?city=St+Johns&country=AG&utm_source=mealdeals_scraper,2026-08-07T20:58:09.578132+00:00
Food City Antigua,,,https://www.foodcityantigua.com/,,AG,St Johns,https://www.foodcityantigua.com/?city=St+Johns&country=AG&utm_source=mealdeals_scraper,2026-08-07T20:58:09.579001+00:00
Hilton Hotels,+1-855-672-1138,,https://www.hilton.com/,"Take advantage of hotel offers, unique promotions, and exclusive online specials directly from Hilton Portfolio.",AG,St Johns,https://www.hilton.com/en/offers/?city=St+Johns&country=AG&utm_source=mealdeals_scraper,2026-08-07T20:58:09.580455+00:00
Ibis Hotel,,,https://all.accor.com/hotel/ibis/index.en.shtml,,AG,St Johns,https://all.accor.com/hotel/ibis/index.en.shtml?city=St+Johns&country=AG&utm_source=mealdeals_scraper,2026-08-07T20:58:09.581325+00:00
Marriott Hotels,,,https://www.marriott.com/,Make the most of your next stay with hotel deals and promotional travel discounts from Marriott Bonvoy.,AG,St Johns,https://www.marriott.com/offers.mi?city=St+Johns&country=AG&utm_source=mealdeals_scraper,2026-08-07T20:58:09.579819+00:00
Rum Bar,,,https://www.tripadvisor.com/Restaurants,,AG,St Johns,https://www.tripadvisor.com/Restaurants?city=St+Johns&country=AG&utm_source=mealdeals_scraper,2026-08-07T20:58:09.584699+00:00
Sandals Resort,,,https://www.sandals.com/specials/,,AG,St Johns,https://www.sandals.com/specials/?city=St+Johns&country=AG&utm_source=mealdeals_scraper,2026-08-07T20:58:09.584090+00:00
Starbucks Coffee,,,https://www.starbucks.com/,,AG,St Johns,https://www.starbucks.com/menu?city=St+Johns&country=AG&utm_source=mealdeals_scraper,2026-08-07T20:58:09.582322+00:00
Carrefour Argentina,,,https://www.carrefour.com.ar/,"Comprá online con las mejores ofertas, promociones y descuentos en supermercados todas las semanas. Envíos a domicilio dentro de las 24 horas.",AR,Cordoba,https://www.carrefour.com.ar/?city=Cordoba&country=AR&utm_source=mealdeals_scraper,2026-08-07T20:58:09.645593+00:00
Carrefour Argentina,,,https://www.carrefour.com.ar/,"Comprá online con las mejores ofertas, promociones y descuentos en supermercados todas las semanas. Envíos a domicilio dentro de las 24 horas.",AR,Rosario,https://www.carrefour.com.ar/?city=Rosario&country=AR&utm_source=mealdeals_scraper,2026-08-07T20:58:09.707675+00:00
Carrefour Argentina,,,https://www.carrefour.com.ar/,"Comprá online con las mejores ofertas, promociones y descuentos en supermercados todas las semanas. Envíos a domicilio dentro de las 24 horas.",AR,Buenos Aires,https://www.carrefour.com.ar/?city=Buenos+Aires&country=AR&utm_source=mealdeals_scraper,2026-08-07T20:58:09.614411+00:00
Carrefour Argentina,,,https://www.carrefour.com.ar/,"Comprá online con las mejores ofertas, promociones y descuentos en supermercados todas las semanas. Envíos a domicilio dentro de las 24 horas.",AR,Mendoza,https://www.carrefour.com.ar/?city=Mendoza&country=AR&utm_source=mealdeals_scraper,2026-08-07T20:58:09.677181+00:00
Catena Zapata Winery,,,https://www.catenazapata.com/,Nicolás Catena Zapata planted the Adrianna vineyard in Gualtallary with a single goal in mind: to find the coolest location for growing vines in Mendoza.,AR,Mendoza,https://www.catenazapata.com/?city=Mendoza&country=AR&utm_source=mealdeals_scraper,2026-08-07T20:58:09.681206+00:00
Catena Zapata Winery,,,https://www.catenazapata.com/,Nicolás Catena Zapata planted the Adrianna vineyard in Gualtallary with a single goal in mind: to find the coolest location for growing vines in Mendoza.,AR,Rosario,https://www.catenazapata.com/?city=Rosario&country=AR&utm_source=mealdeals_scraper,2026-08-07T20:58:09.712041+00:00
Catena Zapata Winery,,,https://www.catenazapata.com/,Nicolás Catena Zapata planted the Adrianna vineyard in Gualtallary with a single goal in mind: to find the coolest location for growing vines in Mendoza.,AR,Buenos Aires,https://www.catenazapata.com/?city=Buenos+Aires&country=AR&utm_source=mealdeals_scraper,2026-08-07T20:58:09.618599+00:00
Catena Zapata Winery,,,https://www.catenazapata.com/,Nicolás Catena Zapata planted the Adrianna vineyard in Gualtallary with a single goal in mind: to find the coolest location for growing vines in Mendoza.,AR,Cordoba,https://www.catenazapata.com/?city=Cordoba&country=AR&utm_source=mealdeals_scraper,2026-08-07T20:58:09.649879+00:00
Chili's Restaurant,,,https://www.chilis.com/,"Order online from Chili's Grill & Bar for pickup or delivery. Enjoy fresh burgers, fajitas, ribs, and famous margaritas. Find a location near you today!",AR,Mendoza,https://www.chilis.com/menu?city=Mendoza&country=AR&utm_source=mealdeals_scraper,2026-08-07T20:58:09.680823+00:00
Chili's Restaurant,,,https://www.chilis.com/,"Order online from Chili's Grill & Bar for pickup or delivery. Enjoy fresh burgers, fajitas, ribs, and famous margaritas. Find a location near you today!",AR,Cordoba,https://www.chilis.com/menu?city=Cordoba&country=AR&utm_source=mealdeals_scraper,2026-08-07T20:58:09.649457+00:00
Chili's Restaurant,,,https://www.chilis.com/,"Order online from Chili's Grill & Bar for pickup or delivery. Enjoy fresh burgers, fajitas, ribs, and famous margaritas. Find a location near you today!",AR,Buenos Aires,https://www.chilis.com/menu?city=Buenos+Aires&country=AR&utm_source=mealdeals_scraper,2026-08-07T20:58:09.618202+00:00
Chili's Restaurant,,,https://www.chilis.com/,"Order online from Chili's Grill & Bar for pickup or delivery. Enjoy fresh burgers, fajitas, ribs, and famous margaritas. Find a location near you today!",AR,Rosario,https://www.chilis.com/menu?city=Rosario&country=AR&utm_source=mealdeals_scraper,2026-08-07T20:58:09.711615+00:00
Hilton Hotels,+1-855-672-1138,,https://www.hilton.com/,"Take advantage of hotel offers, unique promotions, and exclusive online specials directly from Hilton Portfolio.",AR,Mendoza,https://www.hilton.com/en/offers/?city=Mendoza&country=AR&utm_source=mealdeals_scraper,2026-08-07T20:58:09.678752+00:00
Hilton Hotels,+1-855-672-1138,,https://www.hilton.com/,"Take advantage of hotel offers, unique promotions, and exclusive online specials directly from Hilton Portfolio.",AR,Rosario,https://www.hilton.com/en/offers/?city=Rosario&country=AR&utm_source=mealdeals_scraper,2026-08-07T20:58:09.709438+00:00
Hilton Hotels,+1-855-672-1138,,https://www.hilton.com/,"Take advantage of hotel offers, unique promotions, and exclusive online specials directly from Hilton Portfolio.",AR,Cordoba,https://www.hilton.com/en/offers/?city=Cordoba&country=AR&utm_source=mealdeals_scraper,2026-08-07T20:58:09.647291+00:00
Hilton Hotels,+1-855-672-1138,,https://www.hilton.com/,"Take advantage of hotel offers, unique promotions, and exclusive online specials directly from Hilton Portfolio.",AR,Buenos Aires,https://www.hilton.com/en/offers/?city=Buenos+Aires&country=AR&utm_source=mealdeals_scraper,2026-08-07T20:58:09.616065+00:00
Holiday Inn Hotel,,,https://www.ihg.com/holidayinn/hotels/us/en/reservation,,AR,Cordoba,https://www.ihg.com/holidayinn/hotels/us/en/reservation?city=Cordoba&country=AR&utm_source=mealdeals_scraper,2026-08-07T20:58:09.649063+00:00
Holiday Inn Hotel,,,https://www.ihg.com/holidayinn/hotels/us/en/reservation,,AR,Buenos Aires,https://www.ihg.com/holidayinn/hotels/us/en/reservation?city=Buenos+Aires&country=AR&utm_source=mealdeals_scraper,2026-08-07T20:58:09.617776+00:00
Holiday Inn Hotel,,,https://www.ihg.com/holidayinn/hotels/us/en/reservation,,AR,Mendoza,https://www.ihg.com/holidayinn/hotels/us/en/reservation?city=Mendoza&country=AR&utm_source=mealdeals_scraper,2026-08-07T20:58:09.680419+00:00
Holiday Inn Hotel,,,https://www.ihg.com/holidayinn/hotels/us/en/reservation,,AR,Rosario,https://www.ihg.com/holidayinn/hotels/us/en/reservation?city=Rosario&country=AR&utm_source=mealdeals_scraper,2026-08-07T20:58:09.711216+00:00
Ibis Hotel,,,https://all.accor.com/hotel/ibis/index.en.shtml,,AR,Rosario,https://all.accor.com/hotel/ibis/index.en.shtml?city=Rosario&country=AR&utm_source=mealdeals_scraper,2026-08-07T20:58:09.709933+00:00
Ibis Hotel,,,https://all.accor.com/hotel/ibis/index.en.shtml,,AR,Mendoza,https://all.accor.com/hotel/ibis/index.en.shtml?city=Mendoza&country=AR&utm_source=mealdeals_scraper,2026-08-07T20:58:09.679197+00:00
Ibis Hotel,,,https://all.accor.com/hotel/ibis/index.en.shtml,,AR,Buenos Aires,https://all.accor.com/hotel/ibis/index.en.shtml?city=Buenos+Aires&country=AR&utm_source=mealdeals_scraper,2026-08-07T20:58:09.616508+00:00
Ibis Hotel,,,https://all.accor.com/hotel/ibis/index.en.shtml,,AR,Cordoba,https://all.accor.com/hotel/ibis/index.en.shtml?city=Cordoba&country=AR&utm_source=mealdeals_scraper,2026-08-07T20:58:09.647740+00:00
Local Pub & Grill,,,https://www.tripadvisor.com/Restaurants,,AR,Buenos Aires,https://www.tripadvisor.com/Restaurants?city=Buenos+Aires&country=AR&utm_source=mealdeals_scraper,2026-08-07T20:58:09.617349+00:00
Local Pub & Grill,,,https://www.tripadvisor.com/Restaurants,,AR,Mendoza,https://www.tripadvisor.com/Restaurants?city=Mendoza&country=AR&utm_source=mealdeals_scraper,2026-08-07T20:58:09.680031+00:00
Local Pub & Grill,,,https://www.tripadvisor.com/Restaurants,,AR,Rosario,https://www.tripadvisor.com/Restaurants?city=Rosario&country=AR&utm_source=mealdeals_scraper,2026-08-07T20:58:09.710800+00:00
Local Pub & Grill,,,https://www.tripadvisor.com/Restaurants,,AR,Cordoba,https://www.tripadvisor.com/Restaurants?city=Cordoba&country=AR&utm_source=mealdeals_scraper,2026-08-07T20:58:09.648635+00:00
Luigi Bosca Wine Estate,,,https://www.luigibosca.com/,,AR,Mendoza,https://www.luigibosca.com/?city=Mendoza&country=AR&utm_source=mealdeals_scraper,2026-08-07T20:58:09.681588+00:00
Luigi Bosca Wine Estate,,,https://www.luigibosca.com/,,AR,Rosario,https://www.luigibosca.com/?city=Rosario&country=AR&utm_source=mealdeals_scraper,2026-08-07T20:58:09.712433+00:00
Luigi Bosca Wine Estate,,,https://www.luigibosca.com/,,AR,Cordoba,https://www.luigibosca.com/?city=Cordoba&country=AR&utm_source=mealdeals_scraper,2026-08-07T20:58:09.650278+00:00
Luigi Bosca Wine Estate,,,https://www.luigibosca.com/,,AR,Buenos Aires,https://www.luigibosca.com/?city=Buenos+Aires&country=AR&utm_source=mealdeals_scraper,2026-08-07T20:58:09.618996+00:00
Marriott Hotels,,,https://www.marriott.com/,Make the most of your next stay with hotel deals and promotional travel discounts from Marriott Bonvoy.,AR,Cordoba,https://www.marriott.com/offers.mi?city=Cordoba&country=AR&utm_source=mealdeals_scraper,2026-08-07T20:58:09.646834+00:00
Marriott Hotels,,,https://www.marriott.com/,Make the most of your next stay with hotel deals and promotional travel discounts from Marriott Bonvoy.,AR,Rosario,https://www.marriott.com/offers.mi?city=Rosario&country=AR&utm_source=mealdeals_scraper,2026-08-07T20:58:09.708901+00:00
Marriott Hotels,,,https://www.marriott.com/,Make the most of your next stay with hotel deals and promotional travel discounts from Marriott Bonvoy.,AR,Mendoza,https://www.marriott.com/offers.mi?city=Mendoza&country=AR&utm_source=mealdeals_scraper,2026-08-07T20:58:09.678300+00:00
Marriott Hotels,,,https://www.marriott.com/,Make the most of your next stay with hotel deals and promotional travel discounts from Marriott Bonvoy.,AR,Buenos Aires,https://www.marriott.com/offers.mi?city=Buenos+Aires&country=AR&utm_source=mealdeals_scraper,2026-08-07T20:58:09.615610+00:00
Mostaza,,,https://www.mostazaweb.com.ar/,"Mostaza, cada vez más grandes. Cuenta con más de 140 sucursales en todo el país y 20 años de trayectoria.",AR,Rosario,https://www.mostazaweb.com.ar/?city=Rosario&country=AR&utm_source=mealdeals_scraper,2026-08-07T20:58:09.708314+00:00
Mostaza,,,https://www.mostazaweb.com.ar/,"Mostaza, cada vez más grandes. Cuenta con más de 140 sucursales en todo el país y 20 años de trayectoria.",AR,Cordoba,https://www.mostazaweb.com.ar/?city=Cordoba&country=AR&utm_source=mealdeals_scraper,2026-08-07T20:58:09.646277+00:00
Mostaza,,,https://www.mostazaweb.com.ar/,"Mostaza, cada vez más grandes. Cuenta con más de 140 sucursales en todo el país y 20 años de trayectoria.",AR,Buenos Aires,https://www.mostazaweb.com.ar/?city=Buenos+Aires&country=AR&utm_source=mealdeals_scraper,2026-08-07T20:58:09.615138+00:00
Mostaza,,,https://www.mostazaweb.com.ar/,"Mostaza, cada vez más grandes. Cuenta con más de 140 sucursales en todo el país y 20 años de trayectoria.",AR,Mendoza,https://www.mostazaweb.com.ar/?city=Mendoza&country=AR&utm_source=mealdeals_scraper,2026-08-07T20:58:09.677827+00:00
Norton Winery,,,https://www.norton.com.ar/,,AR,Buenos Aires,https://www.norton.com.ar/?city=Buenos+Aires&country=AR&utm_source=mealdeals_scraper,2026-08-07T20:58:09.619380+00:00
Norton Winery,,,https://www.norton.com.ar/,,AR,Rosario,https://www.norton.com.ar/?city=Rosario&country=AR&utm_source=mealdeals_scraper,2026-08-07T20:58:09.712856+00:00
Norton Winery,,,https://www.norton.com.ar/,,AR,Mendoza,https://www.norton.com.ar/?city=Mendoza&country=AR&utm_source=mealdeals_scraper,2026-08-07T20:58:09.682006+00:00
Norton Winery,,,https://www.norton.com.ar/,,AR,Cordoba,https://www.norton.com.ar/?city=Cordoba&country=AR&utm_source=mealdeals_scraper,2026-08-07T20:58:09.650712+00:00
Starbucks Coffee,,,https://www.starbucks.com/,,AR,Mendoza,https://www.starbucks.com/menu?city=Mendoza&country=AR&utm_source=mealdeals_scraper,2026-08-07T20:58:09.679610+00:00
Starbucks Coffee,,,https://www.starbucks.com/,,AR,Cordoba,https://www.starbucks.com/menu?city=Cordoba&country=AR&utm_source=mealdeals_scraper,2026-08-07T20:58:09.648173+00:00
Starbucks Coffee,,,https://www.starbucks.com/,,AR,Buenos Aires,https://www.starbucks.com/menu?city=Buenos+Aires&country=AR&utm_source=mealdeals_scraper,2026-08-07T20:58:09.616950+00:00
Starbucks Coffee,,,https://www.starbucks.com/,,AR,Rosario,https://www.starbucks.com/menu?city=Rosario&country=AR&utm_source=mealdeals_scraper,2026-08-07T20:58:09.710370+00:00
Accor Hotels,,,https://all.accor.com/,"Discover exclusive hotel offers, bonus Reward Points, unforgettable experiences and member benefits that elevate every journey with ALL Accor.",AT,Salzburg,https://all.accor.com/a/en/offers.html?city=Salzburg&country=AT&utm_source=mealdeals_scraper,2026-08-07T20:58:09.774140+00:00
Accor Hotels,,,https://all.accor.com/,"Discover exclusive hotel offers, bonus Reward Points, unforgettable experiences and member benefits that elevate every journey with ALL Accor.",AT,Innsbruck,https://all.accor.com/a/en/offers.html?city=Innsbruck&country=AT&utm_source=mealdeals_scraper,2026-08-07T20:58:09.800366+00:00
Accor Hotels,,,https://all.accor.com/,"Discover exclusive hotel offers, bonus Reward Points, unforgettable experiences and member benefits that elevate every journey with ALL Accor.",AT,Vienna,https://all.accor.com/a/en/offers.html?city=Vienna&country=AT&utm_source=mealdeals_scraper,2026-08-07T20:58:09.747822+00:00
Billa,,,https://www.billa.at/,"Entdecken Sie bei BILLA in ca. 1.200 Märkten und im Online Shop beste Lebensmittel. Aktionen, Services, regionale Produkte und die Zutaten für ein volleres Leben.",AT,Vienna,https://www.billa.at/?city=Vienna&country=AT&utm_source=mealdeals_scraper,2026-08-07T20:58:09.743605+00:00
Billa,,,https://www.billa.at/,"Entdecken Sie bei BILLA in ca. 1.200 Märkten und im Online Shop beste Lebensmittel. Aktionen, Services, regionale Produkte und die Zutaten für ein volleres Leben.",AT,Salzburg,https://www.billa.at/?city=Salzburg&country=AT&utm_source=mealdeals_scraper,2026-08-07T20:58:09.770350+00:00
Billa,,,https://www.billa.at/,"Entdecken Sie bei BILLA in ca. 1.200 Märkten und im Online Shop beste Lebensmittel. Aktionen, Services, regionale Produkte und die Zutaten für ein volleres Leben.",AT,Innsbruck,https://www.billa.at/?city=Innsbruck&country=AT&utm_source=mealdeals_scraper,2026-08-07T20:58:09.795894+00:00
Hard Rock Cafe,+1-800-201-1949,,https://cafe.hardrock.com/,"Welcome to Hard Rock Cafe, our music themed restaurant, serving up Legendary burgers and more.",AT,Innsbruck,https://www.hardrockcafe.com/?city=Innsbruck&country=AT&utm_source=mealdeals_scraper,2026-08-07T20:58:09.800830+00:00
Hard Rock Cafe,+1-800-201-1949,,https://cafe.hardrock.com/,"Welcome to Hard Rock Cafe, our music themed restaurant, serving up Legendary burgers and more.",AT,Salzburg,https://www.hardrockcafe.com/?city=Salzburg&country=AT&utm_source=mealdeals_scraper,2026-08-07T20:58:09.774546+00:00
Hard Rock Cafe,+1-800-201-1949,,https://cafe.hardrock.com/,"Welcome to Hard Rock Cafe, our music themed restaurant, serving up Legendary burgers and more.",AT,Vienna,https://www.hardrockcafe.com/?city=Vienna&country=AT&utm_source=mealdeals_scraper,2026-08-07T20:58:09.748280+00:00
Hilton Hotels,+1-855-672-1138,,https://www.hilton.com/,"Take advantage of hotel offers, unique promotions, and exclusive online specials directly from Hilton Portfolio.",AT,Salzburg,https://www.hilton.com/en/offers/?city=Salzburg&country=AT&utm_source=mealdeals_scraper,2026-08-07T20:58:09.772204+00:00
Hilton Hotels,+1-855-672-1138,,https://www.hilton.com/,"Take advantage of hotel offers, unique promotions, and exclusive online specials directly from Hilton Portfolio.",AT,Vienna,https://www.hilton.com/en/offers/?city=Vienna&country=AT&utm_source=mealdeals_scraper,2026-08-07T20:58:09.745500+00:00
Hilton Hotels,+1-855-672-1138,,https://www.hilton.com/,"Take advantage of hotel offers, unique promotions, and exclusive online specials directly from Hilton Portfolio.",AT,Innsbruck,https://www.hilton.com/en/offers/?city=Innsbruck&country=AT&utm_source=mealdeals_scraper,2026-08-07T20:58:09.798235+00:00
Ibis Hotel,,,https://all.accor.com/hotel/ibis/index.en.shtml,,AT,Vienna,https://all.accor.com/hotel/ibis/index.en.shtml?city=Vienna&country=AT&utm_source=mealdeals_scraper,2026-08-07T20:58:09.746110+00:00
Ibis Hotel,,,https://all.accor.com/hotel/ibis/index.en.shtml,,AT,Innsbruck,https://all.accor.com/hotel/ibis/index.en.shtml?city=Innsbruck&country=AT&utm_source=mealdeals_scraper,2026-08-07T20:58:09.798897+00:00
Ibis Hotel,,,https://all.accor.com/hotel/ibis/index.en.shtml,,AT,Salzburg,https://all.accor.com/hotel/ibis/index.en.shtml?city=Salzburg&country=AT&utm_source=mealdeals_scraper,2026-08-07T20:58:09.772798+00:00
Local Pub & Grill,,,https://www.tripadvisor.com/Restaurants,,AT,Salzburg,https://www.tripadvisor.com/Restaurants?city=Salzburg&country=AT&utm_source=mealdeals_scraper,2026-08-07T20:58:09.773715+00:00
Local Pub & Grill,,,https://www.tripadvisor.com/Restaurants,,AT,Innsbruck,https://www.tripadvisor.com/Restaurants?city=Innsbruck&country=AT&utm_source=mealdeals_scraper,2026-08-07T20:58:09.799931+00:00
Local Pub & Grill,,,https://www.tripadvisor.com/Restaurants,,AT,Vienna,https://www.tripadvisor.com/Restaurants?city=Vienna&country=AT&utm_source=mealdeals_scraper,2026-08-07T20:58:09.747330+00:00
Marriott Hotels,,,https://www.marriott.com/,Make the most of your next stay with hotel deals and promotional travel discounts from Marriott Bonvoy.,AT,Salzburg,https://www.marriott.com/offers.mi?city=Salzburg&country=AT&utm_source=mealdeals_scraper,2026-08-07T20:58:09.771603+00:00
Marriott Hotels,,,https://www.marriott.com/,Make the most of your next stay with hotel deals and promotional travel discounts from Marriott Bonvoy.,AT,Vienna,https://www.marriott.com/offers.mi?city=Vienna&country=AT&utm_source=mealdeals_scraper,2026-08-07T20:58:09.744937+00:00
Marriott Hotels,,,https://www.marriott.com/,Make the most of your next stay with hotel deals and promotional travel discounts from Marriott Bonvoy.,AT,Innsbruck,https://www.marriott.com/offers.mi?city=Innsbruck&country=AT&utm_source=mealdeals_scraper,2026-08-07T20:58:09.797393+00:00
Spar Austria,,,https://www.spar.at/,,AT,Innsbruck,https://www.spar.at/?city=Innsbruck&country=AT&utm_source=mealdeals_scraper,2026-08-07T20:58:09.796765+00:00
Spar Austria,,,https://www.spar.at/,,AT,Vienna,https://www.spar.at/?city=Vienna&country=AT&utm_source=mealdeals_scraper,2026-08-07T20:58:09.744305+00:00
Spar Austria,,,https://www.spar.at/,,AT,Salzburg,https://www.spar.at/?city=Salzburg&country=AT&utm_source=mealdeals_scraper,2026-08-07T20:58:09.771020+00:00
Starbucks Coffee,,,https://www.starbucks.com/,,AT,Salzburg,https://www.starbucks.com/menu?city=Salzburg&country=AT&utm_source=mealdeals_scraper,2026-08-07T20:58:09.773268+00:00
Starbucks Coffee,,,https://www.starbucks.com/,,AT,Vienna,https://www.starbucks.com/menu?city=Vienna&country=AT&utm_source=mealdeals_scraper,2026-08-07T20:58:09.746781+00:00
Starbucks Coffee,,,https://www.starbucks.com/,,AT,Innsbruck,https://www.starbucks.com/menu?city=Innsbruck&country=AT&utm_source=mealdeals_scraper,2026-08-07T20:58:09.799447+00:00
Accor Hotels,,,https://all.accor.com/,"Discover exclusive hotel offers, bonus Reward Points, unforgettable experiences and member benefits that elevate every journey with ALL Accor.",AU,Sydney,https://all.accor.com/a/en/offers.html?city=Sydney&country=AU&utm_source=mealdeals_scraper,2026-08-07T20:58:07.663020+00:00
Accor Hotels,,,https://all.accor.com/,"Discover exclusive hotel offers, bonus Reward Points, unforgettable experiences and member benefits that elevate every journey with ALL Accor.",AU,Cairns,https://all.accor.com/a/en/offers.html?city=Cairns&country=AU&utm_source=mealdeals_scraper,2026-08-07T20:58:08.036893+00:00
Accor Hotels,,,https://all.accor.com/,"Discover exclusive hotel offers, bonus Reward Points, unforgettable experiences and member benefits that elevate every journey with ALL Accor.",AU,Canberra,https://all.accor.com/a/en/offers.html?city=Canberra&country=AU&utm_source=mealdeals_scraper,2026-08-07T20:58:07.826202+00:00
Accor Hotels,,,https://all.accor.com/,"Discover exclusive hotel offers, bonus Reward Points, unforgettable experiences and member benefits that elevate every journey with ALL Accor.",AU,Geelong,https://all.accor.com/a/en/offers.html?city=Geelong&country=AU&utm_source=mealdeals_scraper,2026-08-07T20:58:07.991460+00:00
Accor Hotels,,,https://all.accor.com/,"Discover exclusive hotel offers, bonus Reward Points, unforgettable experiences and member benefits that elevate every journey with ALL Accor.",AU,Melbourne,https://all.accor.com/a/en/offers.html?city=Melbourne&country=AU&utm_source=mealdeals_scraper,2026-08-07T20:58:07.695803+00:00
Accor Hotels,,,https://all.accor.com/,"Discover exclusive hotel offers, bonus Reward Points, unforgettable experiences and member benefits that elevate every journey with ALL Accor.",AU,Hobart,https://all.accor.com/a/en/offers.html?city=Hobart&country=AU&utm_source=mealdeals_scraper,2026-08-07T20:58:07.859399+00:00
Accor Hotels,,,https://all.accor.com/,"Discover exclusive hotel offers, bonus Reward Points, unforgettable experiences and member benefits that elevate every journey with ALL Accor.",AU,Darwin,https://all.accor.com/a/en/offers.html?city=Darwin&country=AU&utm_source=mealdeals_scraper,2026-08-07T20:58:08.085073+00:00
Accor Hotels,,,https://all.accor.com/,"Discover exclusive hotel offers, bonus Reward Points, unforgettable experiences and member benefits that elevate every journey with ALL Accor.",AU,Adelaide,https://all.accor.com/a/en/offers.html?city=Adelaide&country=AU&utm_source=mealdeals_scraper,2026-08-07T20:58:07.793253+00:00
Accor Hotels,,,https://all.accor.com/,"Discover exclusive hotel offers, bonus Reward Points, unforgettable experiences and member benefits that elevate every journey with ALL Accor.",AU,Wollongong,https://all.accor.com/a/en/offers.html?city=Wollongong&country=AU&utm_source=mealdeals_scraper,2026-08-07T20:58:07.958802+00:00
Accor Hotels,,,https://all.accor.com/,"Discover exclusive hotel offers, bonus Reward Points, unforgettable experiences and member benefits that elevate every journey with ALL Accor.",AU,Brisbane,https://all.accor.com/a/en/offers.html?city=Brisbane&country=AU&utm_source=mealdeals_scraper,2026-08-07T20:58:07.728456+00:00
Accor Hotels,,,https://all.accor.com/,"Discover exclusive hotel offers, bonus Reward Points, unforgettable experiences and member benefits that elevate every journey with ALL Accor.",AU,Newcastle,https://all.accor.com/a/en/offers.html?city=Newcastle&country=AU&utm_source=mealdeals_scraper,2026-08-07T20:58:07.924845+00:00
Accor Hotels,,,https://all.accor.com/,"Discover exclusive hotel offers, bonus Reward Points, unforgettable experiences and member benefits that elevate every journey with ALL Accor.",AU,Perth,https://all.accor.com/a/en/offers.html?city=Perth&country=AU&utm_source=mealdeals_scraper,2026-08-07T20:58:07.760442+00:00
Accor Hotels,,,https://all.accor.com/,"Discover exclusive hotel offers, bonus Reward Points, unforgettable experiences and member benefits that elevate every journey with ALL Accor.",AU,Sunshine Coast,https://all.accor.com/a/en/offers.html?city=Sunshine+Coast&country=AU&utm_source=mealdeals_scraper,2026-08-07T20:58:08.151499+00:00
Accor Hotels,,,https://all.accor.com/,"Discover exclusive hotel offers, bonus Reward Points, unforgettable experiences and member benefits that elevate every journey with ALL Accor.",AU,Townsville,https://all.accor.com/a/en/offers.html?city=Townsville&country=AU&utm_source=mealdeals_scraper,2026-08-07T20:58:08.117615+00:00
Accor Hotels,,,https://all.accor.com/,"Discover exclusive hotel offers, bonus Reward Points, unforgettable experiences and member benefits that elevate every journey with ALL Accor.",AU,Gold Coast,https://all.accor.com/a/en/offers.html?city=Gold+Coast&country=AU&utm_source=mealdeals_scraper,2026-08-07T20:58:07.892360+00:00
Coles,,,https://www.coles.com.au/,,AU,Canberra,https://www.coles.com.au/catalogues?city=Canberra&country=AU&utm_source=mealdeals_scraper,2026-08-07T20:58:07.825094+00:00
Coles,,,https://www.coles.com.au/,,AU,Gold Coast,https://www.coles.com.au/catalogues?city=Gold+Coast&country=AU&utm_source=mealdeals_scraper,2026-08-07T20:58:07.891184+00:00
Coles,,,https://www.coles.com.au/,,AU,Hobart,https://www.coles.com.au/catalogues?city=Hobart&country=AU&utm_source=mealdeals_scraper,2026-08-07T20:58:07.858288+00:00
Coles,,,https://www.coles.com.au/,,AU,Brisbane,https://www.coles.com.au/catalogues?city=Brisbane&country=AU&utm_source=mealdeals_scraper,2026-08-07T20:58:07.727416+00:00
Coles,,,https://www.coles.com.au/,,AU,Perth,https://www.coles.com.au/catalogues?city=Perth&country=AU&utm_source=mealdeals_scraper,2026-08-07T20:58:07.759562+00:00
Coles,,,https://www.coles.com.au/,,AU,Adelaide,https://www.coles.com.au/catalogues?city=Adelaide&country=AU&utm_source=mealdeals_scraper,2026-08-07T20:58:07.792096+00:00
Coles,,,https://www.coles.com.au/,,AU,Sydney,https://www.coles.com.au/catalogues?city=Sydney&country=AU&utm_source=mealdeals_scraper,2026-08-07T20:58:07.661880+00:00
Coles,,,https://www.coles.com.au/,,AU,Melbourne,https://www.coles.com.au/catalogues?city=Melbourne&country=AU&utm_source=mealdeals_scraper,2026-08-07T20:58:07.694637+00:00
Coles,,,https://www.coles.com.au/,,AU,Darwin,https://www.coles.com.au/catalogues?city=Darwin&country=AU&utm_source=mealdeals_scraper,2026-08-07T20:58:08.083975+00:00
Coles,,,https://www.coles.com.au/,,AU,Townsville,https://www.coles.com.au/catalogues?city=Townsville&country=AU&utm_source=mealdeals_scraper,2026-08-07T20:58:08.116700+00:00
Coles,,,https://www.coles.com.au/,,AU,Sunshine Coast,https://www.coles.com.au/catalogues?city=Sunshine+Coast&country=AU&utm_source=mealdeals_scraper,2026-08-07T20:58:08.150341+00:00
Coles,,,https://www.coles.com.au/,,AU,Newcastle,https://www.coles.com.au/catalogues?city=Newcastle&country=AU&utm_source=mealdeals_scraper,2026-08-07T20:58:07.923934+00:00
Coles,,,https://www.coles.com.au/,,AU,Wollongong,https://www.coles.com.au/catalogues?city=Wollongong&country=AU&utm_source=mealdeals_scraper,2026-08-07T20:58:07.957604+00:00
Coles,,,https://www.coles.com.au/,,AU,Geelong,https://www.coles.com.au/catalogues?city=Geelong&country=AU&utm_source=mealdeals_scraper,2026-08-07T20:58:07.990258+00:00
Coles,,,https://www.coles.com.au/,,AU,Cairns,https://www.coles.com.au/catalogues?city=Cairns&country=AU&utm_source=mealdeals_scraper,2026-08-07T20:58:08.034131+00:00
d'Arenberg Winery,,,https://www.darenberg.com.au/,,AU,Hobart,https://www.darenberg.com.au/?city=Hobart&country=AU&utm_source=mealdeals_scraper,2026-08-07T20:58:07.863187+00:00
d'Arenberg Winery,,,https://www.darenberg.com.au/,,AU,Gold Coast,https://www.darenberg.com.au/?city=Gold+Coast&country=AU&utm_source=mealdeals_scraper,2026-08-07T20:58:07.895745+00:00
d'Arenberg Winery,,,https://www.darenberg.com.au/,,AU,Adelaide,https://www.darenberg.com.au/?city=Adelaide&country=AU&utm_source=mealdeals_scraper,2026-08-07T20:58:07.797034+00:00
d'Arenberg Winery,,,https://www.darenberg.com.au/,,AU,Cairns,https://www.darenberg.com.au/?city=Cairns&country=AU&utm_source=mealdeals_scraper,2026-08-07T20:58:08.045432+00:00
d'Arenberg Winery,,,https://www.darenberg.com.au/,,AU,Newcastle,https://www.darenberg.com.au/?city=Newcastle&country=AU&utm_source=mealdeals_scraper,2026-08-07T20:58:07.928539+00:00
d'Arenberg Winery,,,https://www.darenberg.com.au/,,AU,Perth,https://www.darenberg.com.au/?city=Perth&country=AU&utm_source=mealdeals_scraper,2026-08-07T20:58:07.764066+00:00
d'Arenberg Winery,,,https://www.darenberg.com.au/,,AU,Sydney,https://www.darenberg.com.au/?city=Sydney&country=AU&utm_source=mealdeals_scraper,2026-08-07T20:58:07.666948+00:00
d'Arenberg Winery,,,https://www.darenberg.com.au/,,AU,Geelong,https://www.darenberg.com.au/?city=Geelong&country=AU&utm_source=mealdeals_scraper,2026-08-07T20:58:07.995106+00:00
d'Arenberg Winery,,,https://www.darenberg.com.au/,,AU,Sunshine Coast,https://www.darenberg.com.au/?city=Sunshine+Coast&country=AU&utm_source=mealdeals_scraper,2026-08-07T20:58:08.155169+00:00
d'Arenberg Winery,,,https://www.darenberg.com.au/,,AU,Melbourne,https://www.darenberg.com.au/?city=Melbourne&country=AU&utm_source=mealdeals_scraper,2026-08-07T20:58:07.699365+00:00
d'Arenberg Winery,,,https://www.darenberg.com.au/,,AU,Darwin,https://www.darenberg.com.au/?city=Darwin&country=AU&utm_source=mealdeals_scraper,2026-08-07T20:58:08.088688+00:00
d'Arenberg Winery,,,https://www.darenberg.com.au/,,AU,Canberra,https://www.darenberg.com.au/?city=Canberra&country=AU&utm_source=mealdeals_scraper,2026-08-07T20:58:07.829616+00:00
d'Arenberg Winery,,,https://www.darenberg.com.au/,,AU,Brisbane,https://www.darenberg.com.au/?city=Brisbane&country=AU&utm_source=mealdeals_scraper,2026-08-07T20:58:07.731776+00:00
d'Arenberg Winery,,,https://www.darenberg.com.au/,,AU,Townsville,https://www.darenberg.com.au/?city=Townsville&country=AU&utm_source=mealdeals_scraper,2026-08-07T20:58:08.121013+00:00
d'Arenberg Winery,,,https://www.darenberg.com.au/,,AU,Wollongong,https://www.darenberg.com.au/?city=Wollongong&country=AU&utm_source=mealdeals_scraper,2026-08-07T20:58:07.962470+00:00
Gloria Jean's Coffee,,,https://www.gloriajeans.com.au/,Our Story Who We Are Mission Statement Coffee Blends Coffee Regions Sustainability,AU,Sydney,https://www.gloriajeans.com.au/?city=Sydney&country=AU&utm_source=mealdeals_scraper,2026-08-07T20:58:07.665168+00:00
Gloria Jean's Coffee,,,https://www.gloriajeans.com.au/,Our Story Who We Are Mission Statement Coffee Blends Coffee Regions Sustainability,AU,Darwin,https://www.gloriajeans.com.au/?city=Darwin&country=AU&utm_source=mealdeals_scraper,2026-08-07T20:58:08.086928+00:00
Gloria Jean's Coffee,,,https://www.gloriajeans.com.au/,Our Story Who We Are Mission Statement Coffee Blends Coffee Regions Sustainability,AU,Brisbane,https://www.gloriajeans.com.au/?city=Brisbane&country=AU&utm_source=mealdeals_scraper,2026-08-07T20:58:07.730212+00:00
Gloria Jean's Coffee,,,https://www.gloriajeans.com.au/,Our Story Who We Are Mission Statement Coffee Blends Coffee Regions Sustainability,AU,Sunshine Coast,https://www.gloriajeans.com.au/?city=Sunshine+Coast&country=AU&utm_source=mealdeals_scraper,2026-08-07T20:58:08.153396+00:00
Gloria Jean's Coffee,,,https://www.gloriajeans.com.au/,Our Story Who We Are Mission Statement Coffee Blends Coffee Regions Sustainability,AU,Cairns,https://www.gloriajeans.com.au/?city=Cairns&country=AU&utm_source=mealdeals_scraper,2026-08-07T20:58:08.041557+00:00
Gloria Jean's Coffee,,,https://www.gloriajeans.com.au/,Our Story Who We Are Mission Statement Coffee Blends Coffee Regions Sustainability,AU,Geelong,https://www.gloriajeans.com.au/?city=Geelong&country=AU&utm_source=mealdeals_scraper,2026-08-07T20:58:07.993336+00:00
Gloria Jean's Coffee,,,https://www.gloriajeans.com.au/,Our Story Who We Are Mission Statement Coffee Blends Coffee Regions Sustainability,AU,Adelaide,https://www.gloriajeans.com.au/?city=Adelaide&country=AU&utm_source=mealdeals_scraper,2026-08-07T20:58:07.795289+00:00
Gloria Jean's Coffee,,,https://www.gloriajeans.com.au/,Our Story Who We Are Mission Statement Coffee Blends Coffee Regions Sustainability,AU,Canberra,https://www.gloriajeans.com.au/?city=Canberra&country=AU&utm_source=mealdeals_scraper,2026-08-07T20:58:07.827965+00:00
Gloria Jean's Coffee,,,https://www.gloriajeans.com.au/,Our Story Who We Are Mission Statement Coffee Blends Coffee Regions Sustainability,AU,Hobart,https://www.gloriajeans.com.au/?city=Hobart&country=AU&utm_source=mealdeals_scraper,2026-08-07T20:58:07.861480+00:00
Gloria Jean's Coffee,,,https://www.gloriajeans.com.au/,Our Story Who We Are Mission Statement Coffee Blends Coffee Regions Sustainability,AU,Perth,https://www.gloriajeans.com.au/?city=Perth&country=AU&utm_source=mealdeals_scraper,2026-08-07T20:58:07.762110+00:00
Gloria Jean's Coffee,,,https://www.gloriajeans.com.au/,Our Story Who We Are Mission Statement Coffee Blends Coffee Regions Sustainability,AU,Townsville,https://www.gloriajeans.com.au/?city=Townsville&country=AU&utm_source=mealdeals_scraper,2026-08-07T20:58:08.119317+00:00
Gloria Jean's Coffee,,,https://www.gloriajeans.com.au/,Our Story Who We Are Mission Statement Coffee Blends Coffee Regions Sustainability,AU,Melbourne,https://www.gloriajeans.com.au/?city=Melbourne&country=AU&utm_source=mealdeals_scraper,2026-08-07T20:58:07.697668+00:00
Gloria Jean's Coffee,,,https://www.gloriajeans.com.au/,Our Story Who We Are Mission Statement Coffee Blends Coffee Regions Sustainability,AU,Wollongong,https://www.gloriajeans.com.au/?city=Wollongong&country=AU&utm_source=mealdeals_scraper,2026-08-07T20:58:07.960833+00:00
Gloria Jean's Coffee,,,https://www.gloriajeans.com.au/,Our Story Who We Are Mission Statement Coffee Blends Coffee Regions Sustainability,AU,Gold Coast,https://www.gloriajeans.com.au/?city=Gold+Coast&country=AU&utm_source=mealdeals_scraper,2026-08-07T20:58:07.894126+00:00
Gloria Jean's Coffee,,,https://www.gloriajeans.com.au/,Our Story Who We Are Mission Statement Coffee Blends Coffee Regions Sustainability,AU,Newcastle,https://www.gloriajeans.com.au/?city=Newcastle&country=AU&utm_source=mealdeals_scraper,2026-08-07T20:58:07.926753+00:00
Grill'd Restaurant,,,https://www.grilld.com.au/,"Browse our full menu of healthy burgers, vegan and vegetarian burgers, a range of salads, chips and drinks. Order online, in restaurant, or in-app today.",AU,Geelong,https://www.grilld.com.au/menu?city=Geelong&country=AU&utm_source=mealdeals_scraper,2026-08-07T20:58:07.992874+00:00
Grill'd Restaurant,,,https://www.grilld.com.au/,"Browse our full menu of healthy burgers, vegan and vegetarian burgers, a range of salads, chips and drinks. Order online, in restaurant, or in-app today.",AU,Melbourne,https://www.grilld.com.au/menu?city=Melbourne&country=AU&utm_source=mealdeals_scraper,2026-08-07T20:58:07.697266+00:00
Grill'd Restaurant,,,https://www.grilld.com.au/,"Browse our full menu of healthy burgers, vegan and vegetarian burgers, a range of salads, chips and drinks. Order online, in restaurant, or in-app today.",AU,Townsville,https://www.grilld.com.au/menu?city=Townsville&country=AU&utm_source=mealdeals_scraper,2026-08-07T20:58:08.118906+00:00
Grill'd Restaurant,,,https://www.grilld.com.au/,"Browse our full menu of healthy burgers, vegan and vegetarian burgers, a range of salads, chips and drinks. Order online, in restaurant, or in-app today.",AU,Canberra,https://www.grilld.com.au/menu?city=Canberra&country=AU&utm_source=mealdeals_scraper,2026-08-07T20:58:07.827544+00:00
Grill'd Restaurant,,,https://www.grilld.com.au/,"Browse our full menu of healthy burgers, vegan and vegetarian burgers, a range of salads, chips and drinks. Order online, in restaurant, or in-app today.",AU,Sunshine Coast,https://www.grilld.com.au/menu?city=Sunshine+Coast&country=AU&utm_source=mealdeals_scraper,2026-08-07T20:58:08.152965+00:00
Grill'd Restaurant,,,https://www.grilld.com.au/,"Browse our full menu of healthy burgers, vegan and vegetarian burgers, a range of salads, chips and drinks. Order online, in restaurant, or in-app today.",AU,Hobart,https://www.grilld.com.au/menu?city=Hobart&country=AU&utm_source=mealdeals_scraper,2026-08-07T20:58:07.861041+00:00
Grill'd Restaurant,,,https://www.grilld.com.au/,"Browse our full menu of healthy burgers, vegan and vegetarian burgers, a range of salads, chips and drinks. Order online, in restaurant, or in-app today.",AU,Sydney,https://www.grilld.com.au/menu?city=Sydney&country=AU&utm_source=mealdeals_scraper,2026-08-07T20:58:07.664679+00:00
Grill'd Restaurant,,,https://www.grilld.com.au/,"Browse our full menu of healthy burgers, vegan and vegetarian burgers, a range of salads, chips and drinks. Order online, in restaurant, or in-app today.",AU,Perth,https://www.grilld.com.au/menu?city=Perth&country=AU&utm_source=mealdeals_scraper,2026-08-07T20:58:07.761687+00:00
Grill'd Restaurant,,,https://www.grilld.com.au/,"Browse our full menu of healthy burgers, vegan and vegetarian burgers, a range of salads, chips and drinks. Order online, in restaurant, or in-app today.",AU,Gold Coast,https://www.grilld.com.au/menu?city=Gold+Coast&country=AU&utm_source=mealdeals_scraper,2026-08-07T20:58:07.893681+00:00
Grill'd Restaurant,,,https://www.grilld.com.au/,"Browse our full menu of healthy burgers, vegan and vegetarian burgers, a range of salads, chips and drinks. Order online, in restaurant, or in-app today.",AU,Wollongong,https://www.grilld.com.au/menu?city=Wollongong&country=AU&utm_source=mealdeals_scraper,2026-08-07T20:58:07.960315+00:00
Grill'd Restaurant,,,https://www.grilld.com.au/,"Browse our full menu of healthy burgers, vegan and vegetarian burgers, a range of salads, chips and drinks. Order online, in restaurant, or in-app today.",AU,Newcastle,https://www.grilld.com.au/menu?city=Newcastle&country=AU&utm_source=mealdeals_scraper,2026-08-07T20:58:07.926258+00:00
Grill'd Restaurant,,,https://www.grilld.com.au/,"Browse our full menu of healthy burgers, vegan and vegetarian burgers, a range of salads, chips and drinks. Order online, in restaurant, or in-app today.",AU,Cairns,https://www.grilld.com.au/menu?city=Cairns&country=AU&utm_source=mealdeals_scraper,2026-08-07T20:58:08.040524+00:00
Grill'd Restaurant,,,https://www.grilld.com.au/,"Browse our full menu of healthy burgers, vegan and vegetarian burgers, a range of salads, chips and drinks. Order online, in restaurant, or in-app today.",AU,Brisbane,https://www.grilld.com.au/menu?city=Brisbane&country=AU&utm_source=mealdeals_scraper,2026-08-07T20:58:07.729739+00:00
Grill'd Restaurant,,,https://www.grilld.com.au/,"Browse our full menu of healthy burgers, vegan and vegetarian burgers, a range of salads, chips and drinks. Order online, in restaurant, or in-app today.",AU,Darwin,https://www.grilld.com.au/menu?city=Darwin&country=AU&utm_source=mealdeals_scraper,2026-08-07T20:58:08.086435+00:00
Grill'd Restaurant,,,https://www.grilld.com.au/,"Browse our full menu of healthy burgers, vegan and vegetarian burgers, a range of salads, chips and drinks. Order online, in restaurant, or in-app today.",AU,Adelaide,https://www.grilld.com.au/menu?city=Adelaide&country=AU&utm_source=mealdeals_scraper,2026-08-07T20:58:07.794832+00:00
Guzman y Gomez,,,https://www.guzmanygomez.com.au/,"At Guzman y Gomez, our passion is creating delicious 100% clean Mexican food using only the best ingredients. Order today!",AU,Townsville,https://www.guzmanygomez.com.au/?city=Townsville&country=AU&utm_source=mealdeals_scraper,2026-08-07T20:58:08.117173+00:00
Guzman y Gomez,,,https://www.guzmanygomez.com.au/,"At Guzman y Gomez, our passion is creating delicious 100% clean Mexican food using only the best ingredients. Order today!",AU,Adelaide,https://www.guzmanygomez.com.au/?city=Adelaide&country=AU&utm_source=mealdeals_scraper,2026-08-07T20:58:07.792674+00:00
Guzman y Gomez,,,https://www.guzmanygomez.com.au/,"At Guzman y Gomez, our passion is creating delicious 100% clean Mexican food using only the best ingredients. Order today!",AU,Sunshine Coast,https://www.guzmanygomez.com.au/?city=Sunshine+Coast&country=AU&utm_source=mealdeals_scraper,2026-08-07T20:58:08.150932+00:00
Guzman y Gomez,,,https://www.guzmanygomez.com.au/,"At Guzman y Gomez, our passion is creating delicious 100% clean Mexican food using only the best ingredients. Order today!",AU,Cairns,https://www.guzmanygomez.com.au/?city=Cairns&country=AU&utm_source=mealdeals_scraper,2026-08-07T20:58:08.035672+00:00
Guzman y Gomez,,,https://www.guzmanygomez.com.au/,"At Guzman y Gomez, our passion is creating delicious 100% clean Mexican food using only the best ingredients. Order today!",AU,Brisbane,https://www.guzmanygomez.com.au/?city=Brisbane&country=AU&utm_source=mealdeals_scraper,2026-08-07T20:58:07.727905+00:00
Guzman y Gomez,,,https://www.guzmanygomez.com.au/,"At Guzman y Gomez, our passion is creating delicious 100% clean Mexican food using only the best ingredients. Order today!",AU,Melbourne,https://www.guzmanygomez.com.au/?city=Melbourne&country=AU&utm_source=mealdeals_scraper,2026-08-07T20:58:07.695243+00:00
Guzman y Gomez,,,https://www.guzmanygomez.com.au/,"At Guzman y Gomez, our passion is creating delicious 100% clean Mexican food using only the best ingredients. Order today!",AU,Canberra,https://www.guzmanygomez.com.au/?city=Canberra&country=AU&utm_source=mealdeals_scraper,2026-08-07T20:58:07.825661+00:00
Guzman y Gomez,,,https://www.guzmanygomez.com.au/,"At Guzman y Gomez, our passion is creating delicious 100% clean Mexican food using only the best ingredients. Order today!",AU,Darwin,https://www.guzmanygomez.com.au/?city=Darwin&country=AU&utm_source=mealdeals_scraper,2026-08-07T20:58:08.084560+00:00
Guzman y Gomez,,,https://www.guzmanygomez.com.au/,"At Guzman y Gomez, our passion is creating delicious 100% clean Mexican food using only the best ingredients. Order today!",AU,Geelong,https://www.guzmanygomez.com.au/?city=Geelong&country=AU&utm_source=mealdeals_scraper,2026-08-07T20:58:07.990827+00:00
Guzman y Gomez,,,https://www.guzmanygomez.com.au/,"At Guzman y Gomez, our passion is creating delicious 100% clean Mexican food using only the best ingredients. Order today!",AU,Newcastle,https://www.guzmanygomez.com.au/?city=Newcastle&country=AU&utm_source=mealdeals_scraper,2026-08-07T20:58:07.924394+00:00
Guzman y Gomez,,,https://www.guzmanygomez.com.au/,"At Guzman y Gomez, our passion is creating delicious 100% clean Mexican food using only the best ingredients. Order today!",AU,Gold Coast,https://www.guzmanygomez.com.au/?city=Gold+Coast&country=AU&utm_source=mealdeals_scraper,2026-08-07T20:58:07.891815+00:00
Guzman y Gomez,,,https://www.guzmanygomez.com.au/,"At Guzman y Gomez, our passion is creating delicious 100% clean Mexican food using only the best ingredients. Order today!",AU,Hobart,https://www.guzmanygomez.com.au/?city=Hobart&country=AU&utm_source=mealdeals_scraper,2026-08-07T20:58:07.858852+00:00
Guzman y Gomez,,,https://www.guzmanygomez.com.au/,"At Guzman y Gomez, our passion is creating delicious 100% clean Mexican food using only the best ingredients. Order today!",AU,Wollongong,https://www.guzmanygomez.com.au/?city=Wollongong&country=AU&utm_source=mealdeals_scraper,2026-08-07T20:58:07.958213+00:00
Guzman y Gomez,,,https://www.guzmanygomez.com.au/,"At Guzman y Gomez, our passion is creating delicious 100% clean Mexican food using only the best ingredients. Order today!",AU,Perth,https://www.guzmanygomez.com.au/?city=Perth&country=AU&utm_source=mealdeals_scraper,2026-08-07T20:58:07.760016+00:00
Guzman y Gomez,,,https://www.guzmanygomez.com.au/,"At Guzman y Gomez, our passion is creating delicious 100% clean Mexican food using only the best ingredients. Order today!",AU,Sydney,https://www.guzmanygomez.com.au/?city=Sydney&country=AU&utm_source=mealdeals_scraper,2026-08-07T20:58:07.662454+00:00
Hilton Hotels,+1-855-672-1138,,https://www.hilton.com/,"Take advantage of hotel offers, unique promotions, and exclusive online specials directly from Hilton Portfolio.",AU,Adelaide,https://www.hilton.com/en/offers/?city=Adelaide&country=AU&utm_source=mealdeals_scraper,2026-08-07T20:58:07.793801+00:00
Hilton Hotels,+1-855-672-1138,,https://www.hilton.com/,"Take advantage of hotel offers, unique promotions, and exclusive online specials directly from Hilton Portfolio.",AU,Geelong,https://www.hilton.com/en/offers/?city=Geelong&country=AU&utm_source=mealdeals_scraper,2026-08-07T20:58:07.991966+00:00
Hilton Hotels,+1-855-672-1138,,https://www.hilton.com/,"Take advantage of hotel offers, unique promotions, and exclusive online specials directly from Hilton Portfolio.",AU,Sunshine Coast,https://www.hilton.com/en/offers/?city=Sunshine+Coast&country=AU&utm_source=mealdeals_scraper,2026-08-07T20:58:08.152049+00:00
Hilton Hotels,+1-855-672-1138,,https://www.hilton.com/,"Take advantage of hotel offers, unique promotions, and exclusive online specials directly from Hilton Portfolio.",AU,Brisbane,https://www.hilton.com/en/offers/?city=Brisbane&country=AU&utm_source=mealdeals_scraper,2026-08-07T20:58:07.728898+00:00
Hilton Hotels,+1-855-672-1138,,https://www.hilton.com/,"Take advantage of hotel offers, unique promotions, and exclusive online specials directly from Hilton Portfolio.",AU,Canberra,https://www.hilton.com/en/offers/?city=Canberra&country=AU&utm_source=mealdeals_scraper,2026-08-07T20:58:07.826661+00:00
Hilton Hotels,+1-855-672-1138,,https://www.hilton.com/,"Take advantage of hotel offers, unique promotions, and exclusive online specials directly from Hilton Portfolio.",AU,Darwin,https://www.hilton.com/en/offers/?city=Darwin&country=AU&utm_source=mealdeals_scraper,2026-08-07T20:58:08.085532+00:00
Hilton Hotels,+1-855-672-1138,,https://www.hilton.com/,"Take advantage of hotel offers, unique promotions, and exclusive online specials directly from Hilton Portfolio.",AU,Sydney,https://www.hilton.com/en/offers/?city=Sydney&country=AU&utm_source=mealdeals_scraper,2026-08-07T20:58:07.663560+00:00
Hilton Hotels,+1-855-672-1138,,https://www.hilton.com/,"Take advantage of hotel offers, unique promotions, and exclusive online specials directly from Hilton Portfolio.",AU,Gold Coast,https://www.hilton.com/en/offers/?city=Gold+Coast&country=AU&utm_source=mealdeals_scraper,2026-08-07T20:58:07.892837+00:00
Hilton Hotels,+1-855-672-1138,,https://www.hilton.com/,"Take advantage of hotel offers, unique promotions, and exclusive online specials directly from Hilton Portfolio.",AU,Melbourne,https://www.hilton.com/en/offers/?city=Melbourne&country=AU&utm_source=mealdeals_scraper,2026-08-07T20:58:07.696387+00:00
Hilton Hotels,+1-855-672-1138,,https://www.hilton.com/,"Take advantage of hotel offers, unique promotions, and exclusive online specials directly from Hilton Portfolio.",AU,Wollongong,https://www.hilton.com/en/offers/?city=Wollongong&country=AU&utm_source=mealdeals_scraper,2026-08-07T20:58:07.959395+00:00
Hilton Hotels,+1-855-672-1138,,https://www.hilton.com/,"Take advantage of hotel offers, unique promotions, and exclusive online specials directly from Hilton Portfolio.",AU,Hobart,https://www.hilton.com/en/offers/?city=Hobart&country=AU&utm_source=mealdeals_scraper,2026-08-07T20:58:07.859964+00:00
Hilton Hotels,+1-855-672-1138,,https://www.hilton.com/,"Take advantage of hotel offers, unique promotions, and exclusive online specials directly from Hilton Portfolio.",AU,Townsville,https://www.hilton.com/en/offers/?city=Townsville&country=AU&utm_source=mealdeals_scraper,2026-08-07T20:58:08.118067+00:00
Hilton Hotels,+1-855-672-1138,,https://www.hilton.com/,"Take advantage of hotel offers, unique promotions, and exclusive online specials directly from Hilton Portfolio.",AU,Newcastle,https://www.hilton.com/en/offers/?city=Newcastle&country=AU&utm_source=mealdeals_scraper,2026-08-07T20:58:07.925265+00:00
Hilton Hotels,+1-855-672-1138,,https://www.hilton.com/,"Take advantage of hotel offers, unique promotions, and exclusive online specials directly from Hilton Portfolio.",AU,Perth,https://www.hilton.com/en/offers/?city=Perth&country=AU&utm_source=mealdeals_scraper,2026-08-07T20:58:07.760848+00:00
Hilton Hotels,+1-855-672-1138,,https://www.hilton.com/,"Take advantage of hotel offers, unique promotions, and exclusive online specials directly from Hilton Portfolio.",AU,Cairns,https://www.hilton.com/en/offers/?city=Cairns&country=AU&utm_source=mealdeals_scraper,2026-08-07T20:58:08.038534+00:00
Hungry Jack's,,,https://www.hungryjacks.com.au/,"Discover The Latest Hungry Jack's Burgers, Meal Deals & Promotional Menu Items. For A Limited Time Only.",AU,Brisbane,https://www.hungryjacks.com.au/menu?city=Brisbane&country=AU&utm_source=mealdeals_scraper,2026-08-07T20:58:07.730605+00:00
Hungry Jack's,,,https://www.hungryjacks.com.au/,"Discover The Latest Hungry Jack's Burgers, Meal Deals & Promotional Menu Items. For A Limited Time Only.",AU,Sydney,https://www.hungryjacks.com.au/menu?city=Sydney&country=AU&utm_source=mealdeals_scraper,2026-08-07T20:58:07.665602+00:00
Hungry Jack's,,,https://www.hungryjacks.com.au/,"Discover The Latest Hungry Jack's Burgers, Meal Deals & Promotional Menu Items. For A Limited Time Only.",AU,Gold Coast,https://www.hungryjacks.com.au/menu?city=Gold+Coast&country=AU&utm_source=mealdeals_scraper,2026-08-07T20:58:07.894528+00:00
Hungry Jack's,,,https://www.hungryjacks.com.au/,"Discover The Latest Hungry Jack's Burgers, Meal Deals & Promotional Menu Items. For A Limited Time Only.",AU,Perth,https://www.hungryjacks.com.au/menu?city=Perth&country=AU&utm_source=mealdeals_scraper,2026-08-07T20:58:07.762554+00:00
Hungry Jack's,,,https://www.hungryjacks.com.au/,"Discover The Latest Hungry Jack's Burgers, Meal Deals & Promotional Menu Items. For A Limited Time Only.",AU,Geelong,https://www.hungryjacks.com.au/menu?city=Geelong&country=AU&utm_source=mealdeals_scraper,2026-08-07T20:58:07.993779+00:00
Hungry Jack's,,,https://www.hungryjacks.com.au/,"Discover The Latest Hungry Jack's Burgers, Meal Deals & Promotional Menu Items. For A Limited Time Only.",AU,Melbourne,https://www.hungryjacks.com.au/menu?city=Melbourne&country=AU&utm_source=mealdeals_scraper,2026-08-07T20:58:07.698090+00:00
Hungry Jack's,,,https://www.hungryjacks.com.au/,"Discover The Latest Hungry Jack's Burgers, Meal Deals & Promotional Menu Items. For A Limited Time Only.",AU,Wollongong,https://www.hungryjacks.com.au/menu?city=Wollongong&country=AU&utm_source=mealdeals_scraper,2026-08-07T20:58:07.961251+00:00
Hungry Jack's,,,https://www.hungryjacks.com.au/,"Discover The Latest Hungry Jack's Burgers, Meal Deals & Promotional Menu Items. For A Limited Time Only.",AU,Canberra,https://www.hungryjacks.com.au/menu?city=Canberra&country=AU&utm_source=mealdeals_scraper,2026-08-07T20:58:07.828386+00:00
Hungry Jack's,,,https://www.hungryjacks.com.au/,"Discover The Latest Hungry Jack's Burgers, Meal Deals & Promotional Menu Items. For A Limited Time Only.",AU,Newcastle,https://www.hungryjacks.com.au/menu?city=Newcastle&country=AU&utm_source=mealdeals_scraper,2026-08-07T20:58:07.927187+00:00
Hungry Jack's,,,https://www.hungryjacks.com.au/,"Discover The Latest Hungry Jack's Burgers, Meal Deals & Promotional Menu Items. For A Limited Time Only.",AU,Cairns,https://www.hungryjacks.com.au/menu?city=Cairns&country=AU&utm_source=mealdeals_scraper,2026-08-07T20:58:08.042425+00:00
Hungry Jack's,,,https://www.hungryjacks.com.au/,"Discover The Latest Hungry Jack's Burgers, Meal Deals & Promotional Menu Items. For A Limited Time Only.",AU,Adelaide,https://www.hungryjacks.com.au/menu?city=Adelaide&country=AU&utm_source=mealdeals_scraper,2026-08-07T20:58:07.795778+00:00
Hungry Jack's,,,https://www.hungryjacks.com.au/,"Discover The Latest Hungry Jack's Burgers, Meal Deals & Promotional Menu Items. For A Limited Time Only.",AU,Darwin,https://www.hungryjacks.com.au/menu?city=Darwin&country=AU&utm_source=mealdeals_scraper,2026-08-07T20:58:08.087338+00:00
Hungry Jack's,,,https://www.hungryjacks.com.au/,"Discover The Latest Hungry Jack's Burgers, Meal Deals & Promotional Menu Items. For A Limited Time Only.",AU,Sunshine Coast,https://www.hungryjacks.com.au/menu?city=Sunshine+Coast&country=AU&utm_source=mealdeals_scraper,2026-08-07T20:58:08.153839+00:00
Hungry Jack's,,,https://www.hungryjacks.com.au/,"Discover The Latest Hungry Jack's Burgers, Meal Deals & Promotional Menu Items. For A Limited Time Only.",AU,Hobart,https://www.hungryjacks.com.au/menu?city=Hobart&country=AU&utm_source=mealdeals_scraper,2026-08-07T20:58:07.861965+00:00
Hungry Jack's,,,https://www.hungryjacks.com.au/,"Discover The Latest Hungry Jack's Burgers, Meal Deals & Promotional Menu Items. For A Limited Time Only.",AU,Townsville,https://www.hungryjacks.com.au/menu?city=Townsville&country=AU&utm_source=mealdeals_scraper,2026-08-07T20:58:08.119744+00:00
Jacob's Creek Cellar Door,,,https://jacobscreek.com,Jacob's Creek is an Australia's largest wine brand with over 160 years of winemaking expertise. Explore and discover Jacob's Creek - Learn More!,AU,Darwin,https://www.jacobscreek.com/?city=Darwin&country=AU&utm_source=mealdeals_scraper,2026-08-07T20:58:08.087779+00:00
Jacob's Creek Cellar Door,,,https://jacobscreek.com,Jacob's Creek is an Australia's largest wine brand with over 160 years of winemaking expertise. Explore and discover Jacob's Creek - Learn More!,AU,Gold Coast,https://www.jacobscreek.com/?city=Gold+Coast&country=AU&utm_source=mealdeals_scraper,2026-08-07T20:58:07.894951+00:00
Jacob's Creek Cellar Door,,,https://jacobscreek.com,Jacob's Creek is an Australia's largest wine brand with over 160 years of winemaking expertise. Explore and discover Jacob's Creek - Learn More!,AU,Newcastle,https://www.jacobscreek.com/?city=Newcastle&country=AU&utm_source=mealdeals_scraper,2026-08-07T20:58:07.927625+00:00
Jacob's Creek Cellar Door,,,https://jacobscreek.com,Jacob's Creek is an Australia's largest wine brand with over 160 years of winemaking expertise. Explore and discover Jacob's Creek - Learn More!,AU,Cairns,https://www.jacobscreek.com/?city=Cairns&country=AU&utm_source=mealdeals_scraper,2026-08-07T20:58:08.043375+00:00
Jacob's Creek Cellar Door,,,https://jacobscreek.com,Jacob's Creek is an Australia's largest wine brand with over 160 years of winemaking expertise. Explore and discover Jacob's Creek - Learn More!,AU,Geelong,https://www.jacobscreek.com/?city=Geelong&country=AU&utm_source=mealdeals_scraper,2026-08-07T20:58:07.994257+00:00
Jacob's Creek Cellar Door,,,https://jacobscreek.com,Jacob's Creek is an Australia's largest wine brand with over 160 years of winemaking expertise. Explore and discover Jacob's Creek - Learn More!,AU,Melbourne,https://www.jacobscreek.com/?city=Melbourne&country=AU&utm_source=mealdeals_scraper,2026-08-07T20:58:07.698554+00:00
Jacob's Creek Cellar Door,,,https://jacobscreek.com,Jacob's Creek is an Australia's largest wine brand with over 160 years of winemaking expertise. Explore and discover Jacob's Creek - Learn More!,AU,Hobart,https://www.jacobscreek.com/?city=Hobart&country=AU&utm_source=mealdeals_scraper,2026-08-07T20:58:07.862380+00:00
Jacob's Creek Cellar Door,,,https://jacobscreek.com,Jacob's Creek is an Australia's largest wine brand with over 160 years of winemaking expertise. Explore and discover Jacob's Creek - Learn More!,AU,Sunshine Coast,https://www.jacobscreek.com/?city=Sunshine+Coast&country=AU&utm_source=mealdeals_scraper,2026-08-07T20:58:08.154251+00:00
Jacob's Creek Cellar Door,,,https://jacobscreek.com,Jacob's Creek is an Australia's largest wine brand with over 160 years of winemaking expertise. Explore and discover Jacob's Creek - Learn More!,AU,Wollongong,https://www.jacobscreek.com/?city=Wollongong&country=AU&utm_source=mealdeals_scraper,2026-08-07T20:58:07.961649+00:00
Jacob's Creek Cellar Door,,,https://jacobscreek.com,Jacob's Creek is an Australia's largest wine brand with over 160 years of winemaking expertise. Explore and discover Jacob's Creek - Learn More!,AU,Perth,https://www.jacobscreek.com/?city=Perth&country=AU&utm_source=mealdeals_scraper,2026-08-07T20:58:07.763144+00:00
Jacob's Creek Cellar Door,,,https://jacobscreek.com,Jacob's Creek is an Australia's largest wine brand with over 160 years of winemaking expertise. Explore and discover Jacob's Creek - Learn More!,AU,Sydney,https://www.jacobscreek.com/?city=Sydney&country=AU&utm_source=mealdeals_scraper,2026-08-07T20:58:07.666039+00:00
Jacob's Creek Cellar Door,,,https://jacobscreek.com,Jacob's Creek is an Australia's largest wine brand with over 160 years of winemaking expertise. Explore and discover Jacob's Creek - Learn More!,AU,Townsville,https://www.jacobscreek.com/?city=Townsville&country=AU&utm_source=mealdeals_scraper,2026-08-07T20:58:08.120204+00:00
Jacob's Creek Cellar Door,,,https://jacobscreek.com,Jacob's Creek is an Australia's largest wine brand with over 160 years of winemaking expertise. Explore and discover Jacob's Creek - Learn More!,AU,Adelaide,https://www.jacobscreek.com/?city=Adelaide&country=AU&utm_source=mealdeals_scraper,2026-08-07T20:58:07.796220+00:00
Jacob's Creek Cellar Door,,,https://jacobscreek.com,Jacob's Creek is an Australia's largest wine brand with over 160 years of winemaking expertise. Explore and discover Jacob's Creek - Learn More!,AU,Brisbane,https://www.jacobscreek.com/?city=Brisbane&country=AU&utm_source=mealdeals_scraper,2026-08-07T20:58:07.730998+00:00
Jacob's Creek Cellar Door,,,https://jacobscreek.com,Jacob's Creek is an Australia's largest wine brand with over 160 years of winemaking expertise. Explore and discover Jacob's Creek - Learn More!,AU,Canberra,https://www.jacobscreek.com/?city=Canberra&country=AU&utm_source=mealdeals_scraper,2026-08-07T20:58:07.828786+00:00
Penfolds Magill Estate Winery,+61883015569,,https://www.penfolds.com/,About Penfolds,AU,Melbourne,https://www.penfolds.com/?city=Melbourne&country=AU&utm_source=mealdeals_scraper,2026-08-07T20:58:07.698966+00:00
Penfolds Magill Estate Winery,+61883015569,,https://www.penfolds.com/,About Penfolds,AU,Perth,https://www.penfolds.com/?city=Perth&country=AU&utm_source=mealdeals_scraper,2026-08-07T20:58:07.763616+00:00
Penfolds Magill Estate Winery,+61883015569,,https://www.penfolds.com/,About Penfolds,AU,Cairns,https://www.penfolds.com/?city=Cairns&country=AU&utm_source=mealdeals_scraper,2026-08-07T20:58:08.044473+00:00
Penfolds Magill Estate Winery,+61883015569,,https://www.penfolds.com/,About Penfolds,AU,Sunshine Coast,https://www.penfolds.com/?city=Sunshine+Coast&country=AU&utm_source=mealdeals_scraper,2026-08-07T20:58:08.154739+00:00
Penfolds Magill Estate Winery,+61883015569,,https://www.penfolds.com/,About Penfolds,AU,Sydney,https://www.penfolds.com/?city=Sydney&country=AU&utm_source=mealdeals_scraper,2026-08-07T20:58:07.666526+00:00
Penfolds Magill Estate Winery,+61883015569,,https://www.penfolds.com/,About Penfolds,AU,Geelong,https://www.penfolds.com/?city=Geelong&country=AU&utm_source=mealdeals_scraper,2026-08-07T20:58:07.994689+00:00
Penfolds Magill Estate Winery,+61883015569,,https://www.penfolds.com/,About Penfolds,AU,Canberra,https://www.penfolds.com/?city=Canberra&country=AU&utm_source=mealdeals_scraper,2026-08-07T20:58:07.829215+00:00
Penfolds Magill Estate Winery,+61883015569,,https://www.penfolds.com/,About Penfolds,AU,Hobart,https://www.penfolds.com/?city=Hobart&country=AU&utm_source=mealdeals_scraper,2026-08-07T20:58:07.862786+00:00
Penfolds Magill Estate Winery,+61883015569,,https://www.penfolds.com/,About Penfolds,AU,Wollongong,https://www.penfolds.com/?city=Wollongong&country=AU&utm_source=mealdeals_scraper,2026-08-07T20:58:07.962073+00:00
Penfolds Magill Estate Winery,+61883015569,,https://www.penfolds.com/,About Penfolds,AU,Newcastle,https://www.penfolds.com/?city=Newcastle&country=AU&utm_source=mealdeals_scraper,2026-08-07T20:58:07.928129+00:00
Penfolds Magill Estate Winery,+61883015569,,https://www.penfolds.com/,About Penfolds,AU,Gold Coast,https://www.penfolds.com/?city=Gold+Coast&country=AU&utm_source=mealdeals_scraper,2026-08-07T20:58:07.895345+00:00
Penfolds Magill Estate Winery,+61883015569,,https://www.penfolds.com/,About Penfolds,AU,Brisbane,https://www.penfolds.com/?city=Brisbane&country=AU&utm_source=mealdeals_scraper,2026-08-07T20:58:07.731388+00:00
Penfolds Magill Estate Winery,+61883015569,,https://www.penfolds.com/,About Penfolds,AU,Darwin,https://www.penfolds.com/?city=Darwin&country=AU&utm_source=mealdeals_scraper,2026-08-07T20:58:08.088277+00:00
Penfolds Magill Estate Winery,+61883015569,,https://www.penfolds.com/,About Penfolds,AU,Adelaide,https://www.penfolds.com/?city=Adelaide&country=AU&utm_source=mealdeals_scraper,2026-08-07T20:58:07.796626+00:00
Penfolds Magill Estate Winery,+61883015569,,https://www.penfolds.com/,About Penfolds,AU,Townsville,https://www.penfolds.com/?city=Townsville&country=AU&utm_source=mealdeals_scraper,2026-08-07T20:58:08.120600+00:00
Seppeltsfield Wine Estate,,,https://seppeltsfield.com.au/,"175 Years of Seppeltsfield - a story worth sharingTo honour this anniversary, we are proud to release our 175th Anniversary Video, reflecting on the people,...",AU,Sunshine Coast,https://seppeltsfield.com.au/?city=Sunshine+Coast&country=AU&utm_source=mealdeals_scraper,2026-08-07T20:58:08.155571+00:00
Seppeltsfield Wine Estate,,,https://seppeltsfield.com.au/,"175 Years of Seppeltsfield - a story worth sharingTo honour this anniversary, we are proud to release our 175th Anniversary Video, reflecting on the people,...",AU,Newcastle,https://seppeltsfield.com.au/?city=Newcastle&country=AU&utm_source=mealdeals_scraper,2026-08-07T20:58:07.928965+00:00
Seppeltsfield Wine Estate,,,https://seppeltsfield.com.au/,"175 Years of Seppeltsfield - a story worth sharingTo honour this anniversary, we are proud to release our 175th Anniversary Video, reflecting on the people,...",AU,Geelong,https://seppeltsfield.com.au/?city=Geelong&country=AU&utm_source=mealdeals_scraper,2026-08-07T20:58:07.995496+00:00
Seppeltsfield Wine Estate,,,https://seppeltsfield.com.au/,"175 Years of Seppeltsfield - a story worth sharingTo honour this anniversary, we are proud to release our 175th Anniversary Video, reflecting on the people,...",AU,Cairns,https://seppeltsfield.com.au/?city=Cairns&country=AU&utm_source=mealdeals_scraper,2026-08-07T20:58:08.046251+00:00
Seppeltsfield Wine Estate,,,https://seppeltsfield.com.au/,"175 Years of Seppeltsfield - a story worth sharingTo honour this anniversary, we are proud to release our 175th Anniversary Video, reflecting on the people,...",AU,Hobart,https://seppeltsfield.com.au/?city=Hobart&country=AU&utm_source=mealdeals_scraper,2026-08-07T20:58:07.863583+00:00
Seppeltsfield Wine Estate,,,https://seppeltsfield.com.au/,"175 Years of Seppeltsfield - a story worth sharingTo honour this anniversary, we are proud to release our 175th Anniversary Video, reflecting on the people,...",AU,Gold Coast,https://seppeltsfield.com.au/?city=Gold+Coast&country=AU&utm_source=mealdeals_scraper,2026-08-07T20:58:07.896140+00:00
Seppeltsfield Wine Estate,,,https://seppeltsfield.com.au/,"175 Years of Seppeltsfield - a story worth sharingTo honour this anniversary, we are proud to release our 175th Anniversary Video, reflecting on the people,...",AU,Wollongong,https://seppeltsfield.com.au/?city=Wollongong&country=AU&utm_source=mealdeals_scraper,2026-08-07T20:58:07.962893+00:00
Seppeltsfield Wine Estate,,,https://seppeltsfield.com.au/,"175 Years of Seppeltsfield - a story worth sharingTo honour this anniversary, we are proud to release our 175th Anniversary Video, reflecting on the people,...",AU,Darwin,https://seppeltsfield.com.au/?city=Darwin&country=AU&utm_source=mealdeals_scraper,2026-08-07T20:58:08.089092+00:00
Seppeltsfield Wine Estate,,,https://seppeltsfield.com.au/,"175 Years of Seppeltsfield - a story worth sharingTo honour this anniversary, we are proud to release our 175th Anniversary Video, reflecting on the people,...",AU,Townsville,https://seppeltsfield.com.au/?city=Townsville&country=AU&utm_source=mealdeals_scraper,2026-08-07T20:58:08.121498+00:00
Seppeltsfield Wine Estate,,,https://seppeltsfield.com.au/,"175 Years of Seppeltsfield - a story worth sharingTo honour this anniversary, we are proud to release our 175th Anniversary Video, reflecting on the people,...",AU,Sydney,https://seppeltsfield.com.au/?city=Sydney&country=AU&utm_source=mealdeals_scraper,2026-08-07T20:58:07.667364+00:00
Seppeltsfield Wine Estate,,,https://seppeltsfield.com.au/,"175 Years of Seppeltsfield - a story worth sharingTo honour this anniversary, we are proud to release our 175th Anniversary Video, reflecting on the people,...",AU,Melbourne,https://seppeltsfield.com.au/?city=Melbourne&country=AU&utm_source=mealdeals_scraper,2026-08-07T20:58:07.699758+00:00
Seppeltsfield Wine Estate,,,https://seppeltsfield.com.au/,"175 Years of Seppeltsfield - a story worth sharingTo honour this anniversary, we are proud to release our 175th Anniversary Video, reflecting on the people,...",AU,Brisbane,https://seppeltsfield.com.au/?city=Brisbane&country=AU&utm_source=mealdeals_scraper,2026-08-07T20:58:07.732192+00:00
Seppeltsfield Wine Estate,,,https://seppeltsfield.com.au/,"175 Years of Seppeltsfield - a story worth sharingTo honour this anniversary, we are proud to release our 175th Anniversary Video, reflecting on the people,...",AU,Perth,https://seppeltsfield.com.au/?city=Perth&country=AU&utm_source=mealdeals_scraper,2026-08-07T20:58:07.764487+00:00
Seppeltsfield Wine Estate,,,https://seppeltsfield.com.au/,"175 Years of Seppeltsfield - a story worth sharingTo honour this anniversary, we are proud to release our 175th Anniversary Video, reflecting on the people,...",AU,Adelaide,https://seppeltsfield.com.au/?city=Adelaide&country=AU&utm_source=mealdeals_scraper,2026-08-07T20:58:07.797471+00:00
Seppeltsfield Wine Estate,,,https://seppeltsfield.com.au/,"175 Years of Seppeltsfield - a story worth sharingTo honour this anniversary, we are proud to release our 175th Anniversary Video, reflecting on the people,...",AU,Canberra,https://seppeltsfield.com.au/?city=Canberra&country=AU&utm_source=mealdeals_scraper,2026-08-07T20:58:07.830017+00:00
The Local Taphouse Pub,,,https://thelocaltaphouse.com/,,AU,Gold Coast,https://thelocaltaphouse.com/?city=Gold+Coast&country=AU&utm_source=mealdeals_scraper,2026-08-07T20:58:07.893258+00:00
The Local Taphouse Pub,,,https://thelocaltaphouse.com/,,AU,Newcastle,https://thelocaltaphouse.com/?city=Newcastle&country=AU&utm_source=mealdeals_scraper,2026-08-07T20:58:07.925713+00:00
The Local Taphouse Pub,,,https://thelocaltaphouse.com/,,AU,Perth,https://thelocaltaphouse.com/?city=Perth&country=AU&utm_source=mealdeals_scraper,2026-08-07T20:58:07.761292+00:00
The Local Taphouse Pub,,,https://thelocaltaphouse.com/,,AU,Townsville,https://thelocaltaphouse.com/?city=Townsville&country=AU&utm_source=mealdeals_scraper,2026-08-07T20:58:08.118476+00:00
The Local Taphouse Pub,,,https://thelocaltaphouse.com/,,AU,Adelaide,https://thelocaltaphouse.com/?city=Adelaide&country=AU&utm_source=mealdeals_scraper,2026-08-07T20:58:07.794351+00:00
The Local Taphouse Pub,,,https://thelocaltaphouse.com/,,AU,Canberra,https://thelocaltaphouse.com/?city=Canberra&country=AU&utm_source=mealdeals_scraper,2026-08-07T20:58:07.827123+00:00
The Local Taphouse Pub,,,https://thelocaltaphouse.com/,,AU,Brisbane,https://thelocaltaphouse.com/?city=Brisbane&country=AU&utm_source=mealdeals_scraper,2026-08-07T20:58:07.729337+00:00
The Local Taphouse Pub,,,https://thelocaltaphouse.com/,,AU,Sunshine Coast,https://thelocaltaphouse.com/?city=Sunshine+Coast&country=AU&utm_source=mealdeals_scraper,2026-08-07T20:58:08.152510+00:00
The Local Taphouse Pub,,,https://thelocaltaphouse.com/,,AU,Cairns,https://thelocaltaphouse.com/?city=Cairns&country=AU&utm_source=mealdeals_scraper,2026-08-07T20:58:08.039436+00:00
The Local Taphouse Pub,,,https://thelocaltaphouse.com/,,AU,Darwin,https://thelocaltaphouse.com/?city=Darwin&country=AU&utm_source=mealdeals_scraper,2026-08-07T20:58:08.086001+00:00
The Local Taphouse Pub,,,https://thelocaltaphouse.com/,,AU,Melbourne,https://thelocaltaphouse.com/?city=Melbourne&country=AU&utm_source=mealdeals_scraper,2026-08-07T20:58:07.696836+00:00
The Local Taphouse Pub,,,https://thelocaltaphouse.com/,,AU,Geelong,https://thelocaltaphouse.com/?city=Geelong&country=AU&utm_source=mealdeals_scraper,2026-08-07T20:58:07.992418+00:00
The Local Taphouse Pub,,,https://thelocaltaphouse.com/,,AU,Hobart,https://thelocaltaphouse.com/?city=Hobart&country=AU&utm_source=mealdeals_scraper,2026-08-07T20:58:07.860497+00:00
The Local Taphouse Pub,,,https://thelocaltaphouse.com/,,AU,Wollongong,https://thelocaltaphouse.com/?city=Wollongong&country=AU&utm_source=mealdeals_scraper,2026-08-07T20:58:07.959889+00:00
The Local Taphouse Pub,,,https://thelocaltaphouse.com/,,AU,Sydney,https://thelocaltaphouse.com/?city=Sydney&country=AU&utm_source=mealdeals_scraper,2026-08-07T20:58:07.664111+00:00
Woolworths,,,https://www.woolworths.com.au/shop/catalogue,,AU,Gold Coast,https://www.woolworths.com.au/shop/catalogue?city=Gold+Coast&country=AU&utm_source=mealdeals_scraper,2026-08-07T20:58:07.890539+00:00
Woolworths,,,https://www.woolworths.com.au/shop/catalogue,,AU,Townsville,https://www.woolworths.com.au/shop/catalogue?city=Townsville&country=AU&utm_source=mealdeals_scraper,2026-08-07T20:58:08.116140+00:00
Woolworths,,,https://www.woolworths.com.au/shop/catalogue,,AU,Hobart,https://www.woolworths.com.au/shop/catalogue?city=Hobart&country=AU&utm_source=mealdeals_scraper,2026-08-07T20:58:07.857642+00:00
Woolworths,,,https://www.woolworths.com.au/shop/catalogue,,AU,Geelong,https://www.woolworths.com.au/shop/catalogue?city=Geelong&country=AU&utm_source=mealdeals_scraper,2026-08-07T20:58:07.989648+00:00
Woolworths,,,https://www.woolworths.com.au/shop/catalogue,,AU,Darwin,https://www.woolworths.com.au/shop/catalogue?city=Darwin&country=AU&utm_source=mealdeals_scraper,2026-08-07T20:58:08.083298+00:00
Woolworths,,,https://www.woolworths.com.au/shop/catalogue,,AU,Melbourne,https://www.woolworths.com.au/shop/catalogue?city=Melbourne&country=AU&utm_source=mealdeals_scraper,2026-08-07T20:58:07.694014+00:00
Woolworths,,,https://www.woolworths.com.au/shop/catalogue,,AU,Wollongong,https://www.woolworths.com.au/shop/catalogue?city=Wollongong&country=AU&utm_source=mealdeals_scraper,2026-08-07T20:58:07.956946+00:00
Woolworths,,,https://www.woolworths.com.au/shop/catalogue,,AU,Sydney,https://www.woolworths.com.au/shop/catalogue?city=Sydney&country=AU&utm_source=mealdeals_scraper,2026-08-07T20:58:07.661258+00:00
Woolworths,,,https://www.woolworths.com.au/shop/catalogue,,AU,Cairns,https://www.woolworths.com.au/shop/catalogue?city=Cairns&country=AU&utm_source=mealdeals_scraper,2026-08-07T20:58:08.031705+00:00
Woolworths,,,https://www.woolworths.com.au/shop/catalogue,,AU,Sunshine Coast,https://www.woolworths.com.au/shop/catalogue?city=Sunshine+Coast&country=AU&utm_source=mealdeals_scraper,2026-08-07T20:58:08.149698+00:00
Woolworths,,,https://www.woolworths.com.au/shop/catalogue,,AU,Canberra,https://www.woolworths.com.au/shop/catalogue?city=Canberra&country=AU&utm_source=mealdeals_scraper,2026-08-07T20:58:07.824460+00:00
Woolworths,,,https://www.woolworths.com.au/shop/catalogue,,AU,Adelaide,https://www.woolworths.com.au/shop/catalogue?city=Adelaide&country=AU&utm_source=mealdeals_scraper,2026-08-07T20:58:07.791454+00:00
Woolworths,,,https://www.woolworths.com.au/shop/catalogue,,AU,Newcastle,https://www.woolworths.com.au/shop/catalogue?city=Newcastle&country=AU&utm_source=mealdeals_scraper,2026-08-07T20:58:07.923318+00:00
Woolworths,,,https://www.woolworths.com.au/shop/catalogue,,AU,Perth,https://www.woolworths.com.au/shop/catalogue?city=Perth&country=AU&utm_source=mealdeals_scraper,2026-08-07T20:58:07.758984+00:00
Woolworths,,,https://www.woolworths.com.au/shop/catalogue,,AU,Brisbane,https://www.woolworths.com.au/shop/catalogue?city=Brisbane&country=AU&utm_source=mealdeals_scraper,2026-08-07T20:58:07.726780+00:00
Chefette,+12464366000,info@chefette.com,https://www.chefette.com/,,BB,Bridgetown,https://www.chefette.com/?city=Speightstown&country=BB&utm_source=mealdeals_scraper,2026-08-07T20:58:09.847918+00:00
Hilton Hotels,+1-855-672-1138,,https://www.hilton.com/,"Take advantage of hotel offers, unique promotions, and exclusive online specials directly from Hilton Portfolio.",BB,Speightstown,https://www.hilton.com/en/offers/?city=Speightstown&country=BB&utm_source=mealdeals_scraper,2026-08-07T20:58:09.848805+00:00
Hilton Hotels,+1-855-672-1138,,https://www.hilton.com/,"Take advantage of hotel offers, unique promotions, and exclusive online specials directly from Hilton Portfolio.",BB,Bridgetown,https://www.hilton.com/en/offers/?city=Bridgetown&country=BB&utm_source=mealdeals_scraper,2026-08-07T20:58:09.824776+00:00
Ibis Hotel,,,https://all.accor.com/hotel/ibis/index.en.shtml,,BB,Bridgetown,https://all.accor.com/hotel/ibis/index.en.shtml?city=Bridgetown&country=BB&utm_source=mealdeals_scraper,2026-08-07T20:58:09.825208+00:00
Ibis Hotel,,,https://all.accor.com/hotel/ibis/index.en.shtml,,BB,Speightstown,https://all.accor.com/hotel/ibis/index.en.shtml?city=Speightstown&country=BB&utm_source=mealdeals_scraper,2026-08-07T20:58:09.849220+00:00
Marriott Hotels,,,https://www.marriott.com/,Make the most of your next stay with hotel deals and promotional travel discounts from Marriott Bonvoy.,BB,Bridgetown,https://www.marriott.com/offers.mi?city=Bridgetown&country=BB&utm_source=mealdeals_scraper,2026-08-07T20:58:09.824307+00:00
Marriott Hotels,,,https://www.marriott.com/,Make the most of your next stay with hotel deals and promotional travel discounts from Marriott Bonvoy.,BB,Speightstown,https://www.marriott.com/offers.mi?city=Speightstown&country=BB&utm_source=mealdeals_scraper,2026-08-07T20:58:09.848359+00:00
Massey Stores,,,https://www.masseystores.com/,,BB,Speightstown,https://www.masseystores.com/?city=Speightstown&country=BB&utm_source=mealdeals_scraper,2026-08-07T20:58:09.847453+00:00
Massey Stores,,,https://www.masseystores.com/,,BB,Bridgetown,https://www.masseystores.com/?city=Bridgetown&country=BB&utm_source=mealdeals_scraper,2026-08-07T20:58:09.823275+00:00
Rum Bar,,,https://www.tripadvisor.com/Restaurants,,BB,Speightstown,https://www.tripadvisor.com/Restaurants?city=Speightstown&country=BB&utm_source=mealdeals_scraper,2026-08-07T20:58:09.850893+00:00
Rum Bar,,,https://www.tripadvisor.com/Restaurants,,BB,Bridgetown,https://www.tripadvisor.com/Restaurants?city=Bridgetown&country=BB&utm_source=mealdeals_scraper,2026-08-07T20:58:09.827005+00:00
Sandals Resort,,,https://www.sandals.com/specials/,,BB,Bridgetown,https://www.sandals.com/specials/?city=Bridgetown&country=BB&utm_source=mealdeals_scraper,2026-08-07T20:58:09.826573+00:00
Sandals Resort,,,https://www.sandals.com/specials/,,BB,Speightstown,https://www.sandals.com/specials/?city=Speightstown&country=BB&utm_source=mealdeals_scraper,2026-08-07T20:58:09.850481+00:00
Starbucks Coffee,,,https://www.starbucks.com/,,BB,Speightstown,https://www.starbucks.com/menu?city=Speightstown&country=BB&utm_source=mealdeals_scraper,2026-08-07T20:58:09.849635+00:00
Starbucks Coffee,,,https://www.starbucks.com/,,BB,Bridgetown,https://www.starbucks.com/menu?city=Bridgetown&country=BB&utm_source=mealdeals_scraper,2026-08-07T20:58:09.825637+00:00
Accor Hotels,,,https://all.accor.com/,"Discover exclusive hotel offers, bonus Reward Points, unforgettable experiences and member benefits that elevate every journey with ALL Accor.",BE,Antwerp,https://all.accor.com/a/en/offers.html?city=Antwerp&country=BE&utm_source=mealdeals_scraper,2026-08-07T20:58:09.899227+00:00
Accor Hotels,,,https://all.accor.com/,"Discover exclusive hotel offers, bonus Reward Points, unforgettable experiences and member benefits that elevate every journey with ALL Accor.",BE,Brussels,https://all.accor.com/a/en/offers.html?city=Brussels&country=BE&utm_source=mealdeals_scraper,2026-08-07T20:58:09.874126+00:00
Accor Hotels,,,https://all.accor.com/,"Discover exclusive hotel offers, bonus Reward Points, unforgettable experiences and member benefits that elevate every journey with ALL Accor.",BE,Ghent,https://all.accor.com/a/en/offers.html?city=Ghent&country=BE&utm_source=mealdeals_scraper,2026-08-07T20:58:09.923469+00:00
Colruyt,,,https://www.colruyt.be/,,BE,Antwerp,https://www.colruyt.be/?city=Antwerp&country=BE&utm_source=mealdeals_scraper,2026-08-07T20:58:09.895393+00:00
Colruyt,,,https://www.colruyt.be/,,BE,Brussels,https://www.colruyt.be/?city=Brussels&country=BE&utm_source=mealdeals_scraper,2026-08-07T20:58:09.870909+00:00
Colruyt,,,https://www.colruyt.be/,,BE,Ghent,https://www.colruyt.be/?city=Ghent&country=BE&utm_source=mealdeals_scraper,2026-08-07T20:58:09.919839+00:00
Delhaize,080095713,,https://urldefense.com/v3/__https://www.delhaize.be/__;!!GF_29dbcQIUBPA!heaWqoovre3lZs_tOFTjYNyTxPce-H9k-8uLGYibS5-RkwLpIMimPVNx7O2CNgOt$ [delhaize[.]be],Doe makkelijk je online boodschappen op Delhaize.be. Kies voor thuislevering of afhaling in een Collect-punt. Winkel online en ontdek onze promoties.,BE,Brussels,https://www.delhaize.be/?city=Brussels&country=BE&utm_source=mealdeals_scraper,2026-08-07T20:58:09.871466+00:00
Delhaize,080095713,,https://urldefense.com/v3/__https://www.delhaize.be/__;!!GF_29dbcQIUBPA!heaWqoovre3lZs_tOFTjYNyTxPce-H9k-8uLGYibS5-RkwLpIMimPVNx7O2CNgOt$ [delhaize[.]be],Doe makkelijk je online boodschappen op Delhaize.be. Kies voor thuislevering of afhaling in een Collect-punt. Winkel online en ontdek onze promoties.,BE,Antwerp,https://www.delhaize.be/?city=Antwerp&country=BE&utm_source=mealdeals_scraper,2026-08-07T20:58:09.896020+00:00
Delhaize,080095713,,https://urldefense.com/v3/__https://www.delhaize.be/__;!!GF_29dbcQIUBPA!heaWqoovre3lZs_tOFTjYNyTxPce-H9k-8uLGYibS5-RkwLpIMimPVNx7O2CNgOt$ [delhaize[.]be],Doe makkelijk je online boodschappen op Delhaize.be. Kies voor thuislevering of afhaling in een Collect-punt. Winkel online en ontdek onze promoties.,BE,Ghent,https://www.delhaize.be/?city=Ghent&country=BE&utm_source=mealdeals_scraper,2026-08-07T20:58:09.920462+00:00
Hard Rock Cafe,+1-800-201-1949,,https://cafe.hardrock.com/,"Welcome to Hard Rock Cafe, our music themed restaurant, serving up Legendary burgers and more.",BE,Ghent,https://www.hardrockcafe.com/?city=Ghent&country=BE&utm_source=mealdeals_scraper,2026-08-07T20:58:09.923901+00:00
Hard Rock Cafe,+1-800-201-1949,,https://cafe.hardrock.com/,"Welcome to Hard Rock Cafe, our music themed restaurant, serving up Legendary burgers and more.",BE,Antwerp,https://www.hardrockcafe.com/?city=Antwerp&country=BE&utm_source=mealdeals_scraper,2026-08-07T20:58:09.899641+00:00
Hard Rock Cafe,+1-800-201-1949,,https://cafe.hardrock.com/,"Welcome to Hard Rock Cafe, our music themed restaurant, serving up Legendary burgers and more.",BE,Brussels,https://www.hardrockcafe.com/?city=Brussels&country=BE&utm_source=mealdeals_scraper,2026-08-07T20:58:09.874518+00:00
Hilton Hotels,+1-855-672-1138,,https://www.hilton.com/,"Take advantage of hotel offers, unique promotions, and exclusive online specials directly from Hilton Portfolio.",BE,Brussels,https://www.hilton.com/en/offers/?city=Brussels&country=BE&utm_source=mealdeals_scraper,2026-08-07T20:58:09.872372+00:00
Hilton Hotels,+1-855-672-1138,,https://www.hilton.com/,"Take advantage of hotel offers, unique promotions, and exclusive online specials directly from Hilton Portfolio.",BE,Ghent,https://www.hilton.com/en/offers/?city=Ghent&country=BE&utm_source=mealdeals_scraper,2026-08-07T20:58:09.921587+00:00
Hilton Hotels,+1-855-672-1138,,https://www.hilton.com/,"Take advantage of hotel offers, unique promotions, and exclusive online specials directly from Hilton Portfolio.",BE,Antwerp,https://www.hilton.com/en/offers/?city=Antwerp&country=BE&utm_source=mealdeals_scraper,2026-08-07T20:58:09.897159+00:00
Ibis Hotel,,,https://all.accor.com/hotel/ibis/index.en.shtml,,BE,Ghent,https://all.accor.com/hotel/ibis/index.en.shtml?city=Ghent&country=BE&utm_source=mealdeals_scraper,2026-08-07T20:58:09.922190+00:00
Ibis Hotel,,,https://all.accor.com/hotel/ibis/index.en.shtml,,BE,Antwerp,https://all.accor.com/hotel/ibis/index.en.shtml?city=Antwerp&country=BE&utm_source=mealdeals_scraper,2026-08-07T20:58:09.897723+00:00
Ibis Hotel,,,https://all.accor.com/hotel/ibis/index.en.shtml,,BE,Brussels,https://all.accor.com/hotel/ibis/index.en.shtml?city=Brussels&country=BE&utm_source=mealdeals_scraper,2026-08-07T20:58:09.872813+00:00
Local Pub & Grill,,,https://www.tripadvisor.com/Restaurants,,BE,Brussels,https://www.tripadvisor.com/Restaurants?city=Brussels&country=BE&utm_source=mealdeals_scraper,2026-08-07T20:58:09.873728+00:00
Local Pub & Grill,,,https://www.tripadvisor.com/Restaurants,,BE,Antwerp,https://www.tripadvisor.com/Restaurants?city=Antwerp&country=BE&utm_source=mealdeals_scraper,2026-08-07T20:58:09.898785+00:00
Local Pub & Grill,,,https://www.tripadvisor.com/Restaurants,,BE,Ghent,https://www.tripadvisor.com/Restaurants?city=Ghent&country=BE&utm_source=mealdeals_scraper,2026-08-07T20:58:09.923062+00:00
Marriott Hotels,,,https://www.marriott.com/,Make the most of your next stay with hotel deals and promotional travel discounts from Marriott Bonvoy.,BE,Ghent,https://www.marriott.com/offers.mi?city=Ghent&country=BE&utm_source=mealdeals_scraper,2026-08-07T20:58:09.921037+00:00
Marriott Hotels,,,https://www.marriott.com/,Make the most of your next stay with hotel deals and promotional travel discounts from Marriott Bonvoy.,BE,Brussels,https://www.marriott.com/offers.mi?city=Brussels&country=BE&utm_source=mealdeals_scraper,2026-08-07T20:58:09.871943+00:00
Marriott Hotels,,,https://www.marriott.com/,Make the most of your next stay with hotel deals and promotional travel discounts from Marriott Bonvoy.,BE,Antwerp,https://www.marriott.com/offers.mi?city=Antwerp&country=BE&utm_source=mealdeals_scraper,2026-08-07T20:58:09.896588+00:00
Starbucks Coffee,,,https://www.starbucks.com/,,BE,Ghent,https://www.starbucks.com/menu?city=Ghent&country=BE&utm_source=mealdeals_scraper,2026-08-07T20:58:09.922638+00:00
Starbucks Coffee,,,https://www.starbucks.com/,,BE,Brussels,https://www.starbucks.com/menu?city=Brussels&country=BE&utm_source=mealdeals_scraper,2026-08-07T20:58:09.873253+00:00
Starbucks Coffee,,,https://www.starbucks.com/,,BE,Antwerp,https://www.starbucks.com/menu?city=Antwerp&country=BE&utm_source=mealdeals_scraper,2026-08-07T20:58:09.898272+00:00
Accor Hotels,,,https://all.accor.com/,"Discover exclusive hotel offers, bonus Reward Points, unforgettable experiences and member benefits that elevate every journey with ALL Accor.",BR,Belo Horizonte,https://all.accor.com/a/en/offers.html?city=Belo+Horizonte&country=BR&utm_source=mealdeals_scraper,2026-08-07T20:58:10.032747+00:00
Accor Hotels,,,https://all.accor.com/,"Discover exclusive hotel offers, bonus Reward Points, unforgettable experiences and member benefits that elevate every journey with ALL Accor.",BR,Salvador,https://all.accor.com/a/en/offers.html?city=Salvador&country=BR&utm_source=mealdeals_scraper,2026-08-07T20:58:10.011439+00:00
Accor Hotels,,,https://all.accor.com/,"Discover exclusive hotel offers, bonus Reward Points, unforgettable experiences and member benefits that elevate every journey with ALL Accor.",BR,Rio De Janeiro,https://all.accor.com/a/en/offers.html?city=Rio+De+Janeiro&country=BR&utm_source=mealdeals_scraper,2026-08-07T20:58:09.968956+00:00
Accor Hotels,,,https://all.accor.com/,"Discover exclusive hotel offers, bonus Reward Points, unforgettable experiences and member benefits that elevate every journey with ALL Accor.",BR,Brasilia,https://all.accor.com/a/en/offers.html?city=Brasilia&country=BR&utm_source=mealdeals_scraper,2026-08-07T20:58:09.990367+00:00
Accor Hotels,,,https://all.accor.com/,"Discover exclusive hotel offers, bonus Reward Points, unforgettable experiences and member benefits that elevate every journey with ALL Accor.",BR,Sao Paulo,https://all.accor.com/a/en/offers.html?city=Sao+Paulo&country=BR&utm_source=mealdeals_scraper,2026-08-07T20:58:09.944912+00:00
Bar do Mineiro,,,https://www.bardomineiro.com.br/,,BR,Salvador,https://www.bardomineiro.com.br/?city=Salvador&country=BR&utm_source=mealdeals_scraper,2026-08-07T20:58:10.013510+00:00
Bar do Mineiro,,,https://www.bardomineiro.com.br/,,BR,Rio De Janeiro,https://www.bardomineiro.com.br/?city=Rio+De+Janeiro&country=BR&utm_source=mealdeals_scraper,2026-08-07T20:58:09.970929+00:00
Bar do Mineiro,,,https://www.bardomineiro.com.br/,,BR,Belo Horizonte,https://www.bardomineiro.com.br/?city=Belo+Horizonte&country=BR&utm_source=mealdeals_scraper,2026-08-07T20:58:10.034511+00:00
Bar do Mineiro,,,https://www.bardomineiro.com.br/,,BR,Brasilia,https://www.bardomineiro.com.br/?city=Brasilia&country=BR&utm_source=mealdeals_scraper,2026-08-07T20:58:09.992036+00:00
Bar do Mineiro,,,https://www.bardomineiro.com.br/,,BR,Sao Paulo,https://www.bardomineiro.com.br/?city=Sao+Paulo&country=BR&utm_source=mealdeals_scraper,2026-08-07T20:58:09.947359+00:00
Habib's,,,https://www.habibs.com.br/,,BR,Brasilia,https://www.habibs.com.br/?city=Brasilia&country=BR&utm_source=mealdeals_scraper,2026-08-07T20:58:09.989953+00:00
Habib's,,,https://www.habibs.com.br/,,BR,Sao Paulo,https://www.habibs.com.br/?city=Sao+Paulo&country=BR&utm_source=mealdeals_scraper,2026-08-07T20:58:09.944307+00:00
Habib's,,,https://www.habibs.com.br/,,BR,Belo Horizonte,https://www.habibs.com.br/?city=Belo+Horizonte&country=BR&utm_source=mealdeals_scraper,2026-08-07T20:58:10.032250+00:00
Habib's,,,https://www.habibs.com.br/,,BR,Rio De Janeiro,https://www.habibs.com.br/?city=Rio+De+Janeiro&country=BR&utm_source=mealdeals_scraper,2026-08-07T20:58:09.968373+00:00
Habib's,,,https://www.habibs.com.br/,,BR,Salvador,https://www.habibs.com.br/?city=Salvador&country=BR&utm_source=mealdeals_scraper,2026-08-07T20:58:10.010879+00:00
Hilton Hotels,+1-855-672-1138,,https://www.hilton.com/,"Take advantage of hotel offers, unique promotions, and exclusive online specials directly from Hilton Portfolio.",BR,Belo Horizonte,https://www.hilton.com/en/offers/?city=Belo+Horizonte&country=BR&utm_source=mealdeals_scraper,2026-08-07T20:58:10.033201+00:00
Hilton Hotels,+1-855-672-1138,,https://www.hilton.com/,"Take advantage of hotel offers, unique promotions, and exclusive online specials directly from Hilton Portfolio.",BR,Sao Paulo,https://www.hilton.com/en/offers/?city=Sao+Paulo&country=BR&utm_source=mealdeals_scraper,2026-08-07T20:58:09.945481+00:00
Hilton Hotels,+1-855-672-1138,,https://www.hilton.com/,"Take advantage of hotel offers, unique promotions, and exclusive online specials directly from Hilton Portfolio.",BR,Salvador,https://www.hilton.com/en/offers/?city=Salvador&country=BR&utm_source=mealdeals_scraper,2026-08-07T20:58:10.012000+00:00
Hilton Hotels,+1-855-672-1138,,https://www.hilton.com/,"Take advantage of hotel offers, unique promotions, and exclusive online specials directly from Hilton Portfolio.",BR,Rio De Janeiro,https://www.hilton.com/en/offers/?city=Rio+De+Janeiro&country=BR&utm_source=mealdeals_scraper,2026-08-07T20:58:09.969552+00:00
Hilton Hotels,+1-855-672-1138,,https://www.hilton.com/,"Take advantage of hotel offers, unique promotions, and exclusive online specials directly from Hilton Portfolio.",BR,Brasilia,https://www.hilton.com/en/offers/?city=Brasilia&country=BR&utm_source=mealdeals_scraper,2026-08-07T20:58:09.990800+00:00
iFood,,,https://www.ifood.com.br,iFood Site Institucional Fale Conosco Conta e Segurança Carreiras Entregadores Descubra Cadastre seu Restaurante ou Mercado iFood Shop iFood Benefícios Blog iFood Benefícios Social Facebook Twitter Youtube Instagram,BR,Belo Horizonte,https://www.ifood.com.br/?city=Belo+Horizonte&country=BR&utm_source=mealdeals_scraper,2026-08-07T20:58:10.031064+00:00
iFood,,,https://www.ifood.com.br,iFood Site Institucional Fale Conosco Conta e Segurança Carreiras Entregadores Descubra Cadastre seu Restaurante ou Mercado iFood Shop iFood Benefícios Blog iFood Benefícios Social Facebook Twitter Youtube Instagram,BR,Rio De Janeiro,https://www.ifood.com.br/?city=Rio+De+Janeiro&country=BR&utm_source=mealdeals_scraper,2026-08-07T20:58:09.967100+00:00
iFood,,,https://www.ifood.com.br,iFood Site Institucional Fale Conosco Conta e Segurança Carreiras Entregadores Descubra Cadastre seu Restaurante ou Mercado iFood Shop iFood Benefícios Blog iFood Benefícios Social Facebook Twitter Youtube Instagram,BR,Sao Paulo,https://www.ifood.com.br/?city=Sao+Paulo&country=BR&utm_source=mealdeals_scraper,2026-08-07T20:58:09.943029+00:00
iFood,,,https://www.ifood.com.br,iFood Site Institucional Fale Conosco Conta e Segurança Carreiras Entregadores Descubra Cadastre seu Restaurante ou Mercado iFood Shop iFood Benefícios Blog iFood Benefícios Social Facebook Twitter Youtube Instagram,BR,Salvador,https://www.ifood.com.br/?city=Salvador&country=BR&utm_source=mealdeals_scraper,2026-08-07T20:58:10.009596+00:00
iFood,,,https://www.ifood.com.br,iFood Site Institucional Fale Conosco Conta e Segurança Carreiras Entregadores Descubra Cadastre seu Restaurante ou Mercado iFood Shop iFood Benefícios Blog iFood Benefícios Social Facebook Twitter Youtube Instagram,BR,Brasilia,https://www.ifood.com.br/?city=Brasilia&country=BR&utm_source=mealdeals_scraper,2026-08-07T20:58:09.988992+00:00
Outback Restaurant,,,https://www.outback.com.br/,Site oficial do steakhouse onde a regra é estar tudo do seu jeito. #MomentoOutback,BR,Belo Horizonte,https://www.outback.com.br/?city=Belo+Horizonte&country=BR&utm_source=mealdeals_scraper,2026-08-07T20:58:10.033618+00:00
Outback Restaurant,,,https://www.outback.com.br/,Site oficial do steakhouse onde a regra é estar tudo do seu jeito. #MomentoOutback,BR,Sao Paulo,https://www.outback.com.br/?city=Sao+Paulo&country=BR&utm_source=mealdeals_scraper,2026-08-07T20:58:09.946134+00:00
Outback Restaurant,,,https://www.outback.com.br/,Site oficial do steakhouse onde a regra é estar tudo do seu jeito. #MomentoOutback,BR,Rio De Janeiro,https://www.outback.com.br/?city=Rio+De+Janeiro&country=BR&utm_source=mealdeals_scraper,2026-08-07T20:58:09.970057+00:00
Outback Restaurant,,,https://www.outback.com.br/,Site oficial do steakhouse onde a regra é estar tudo do seu jeito. #MomentoOutback,BR,Brasilia,https://www.outback.com.br/?city=Brasilia&country=BR&utm_source=mealdeals_scraper,2026-08-07T20:58:09.991222+00:00
Outback Restaurant,,,https://www.outback.com.br/,Site oficial do steakhouse onde a regra é estar tudo do seu jeito. #MomentoOutback,BR,Salvador,https://www.outback.com.br/?city=Salvador&country=BR&utm_source=mealdeals_scraper,2026-08-07T20:58:10.012558+00:00
Pao de Acucar,,,https://www.paodeacucar.com/,"Você já imaginou fazer supermercado online? Compre pela internet no Paodeacucar.com sem sair de casa e receba todos os produtos que você precisa, onde quiser!",BR,Salvador,https://www.paodeacucar.com/?city=Salvador&country=BR&utm_source=mealdeals_scraper,2026-08-07T20:58:10.010277+00:00
Pao de Acucar,,,https://www.paodeacucar.com/,"Você já imaginou fazer supermercado online? Compre pela internet no Paodeacucar.com sem sair de casa e receba todos os produtos que você precisa, onde quiser!",BR,Belo Horizonte,https://www.paodeacucar.com/?city=Belo+Horizonte&country=BR&utm_source=mealdeals_scraper,2026-08-07T20:58:10.031680+00:00
Pao de Acucar,,,https://www.paodeacucar.com/,"Você já imaginou fazer supermercado online? Compre pela internet no Paodeacucar.com sem sair de casa e receba todos os produtos que você precisa, onde quiser!",BR,Brasilia,https://www.paodeacucar.com/?city=Brasilia&country=BR&utm_source=mealdeals_scraper,2026-08-07T20:58:09.989492+00:00
Pao de Acucar,,,https://www.paodeacucar.com/,"Você já imaginou fazer supermercado online? Compre pela internet no Paodeacucar.com sem sair de casa e receba todos os produtos que você precisa, onde quiser!",BR,Rio De Janeiro,https://www.paodeacucar.com/?city=Rio+De+Janeiro&country=BR&utm_source=mealdeals_scraper,2026-08-07T20:58:09.967778+00:00
Pao de Acucar,,,https://www.paodeacucar.com/,"Você já imaginou fazer supermercado online? Compre pela internet no Paodeacucar.com sem sair de casa e receba todos os produtos que você precisa, onde quiser!",BR,Sao Paulo,https://www.paodeacucar.com/?city=Sao+Paulo&country=BR&utm_source=mealdeals_scraper,2026-08-07T20:58:09.943696+00:00
Starbucks Coffee,,,https://www.starbucks.com.br/,,BR,Sao Paulo,https://www.starbucks.com.br/?city=Sao+Paulo&country=BR&utm_source=mealdeals_scraper,2026-08-07T20:58:09.946857+00:00
Starbucks Coffee,,,https://www.starbucks.com.br/,,BR,Salvador,https://www.starbucks.com.br/?city=Salvador&country=BR&utm_source=mealdeals_scraper,2026-08-07T20:58:10.013073+00:00
Starbucks Coffee,,,https://www.starbucks.com.br/,,BR,Belo Horizonte,https://www.starbucks.com.br/?city=Belo+Horizonte&country=BR&utm_source=mealdeals_scraper,2026-08-07T20:58:10.034094+00:00
Starbucks Coffee,,,https://www.starbucks.com.br/,,BR,Brasilia,https://www.starbucks.com.br/?city=Brasilia&country=BR&utm_source=mealdeals_scraper,2026-08-07T20:58:09.991617+00:00
Starbucks Coffee,,,https://www.starbucks.com.br/,,BR,Rio De Janeiro,https://www.starbucks.com.br/?city=Rio+De+Janeiro&country=BR&utm_source=mealdeals_scraper,2026-08-07T20:58:09.970490+00:00
Atlantis Resort,,,https://www.atlantisbahamas.com/offers,,BS,Nassau,https://www.atlantisbahamas.com/offers?city=Nassau&country=BS&utm_source=mealdeals_scraper,2026-08-07T20:58:09.362094+00:00
Atlantis Resort,,,https://www.atlantisbahamas.com/offers,,BS,Freeport,https://www.atlantisbahamas.com/offers?city=Freeport&country=BS&utm_source=mealdeals_scraper,2026-08-07T20:58:09.377626+00:00
Atlantis Resort,,,https://www.atlantisbahamas.com/offers,,BS,Marsh Harbour,https://www.atlantisbahamas.com/offers?city=Marsh+Harbour&country=BS&utm_source=mealdeals_scraper,2026-08-07T20:58:09.393356+00:00
Bahamian Club Restaurant,180028526847,,https://www.atlantisbahamas.com/,Sustainable Tourism Blue Project Foundation History Island Time (Blog) Photo Gallery Worry Free Hurricane Guarantee,BS,Freeport,https://www.atlantisbahamas.com/dining?city=Freeport&country=BS&utm_source=mealdeals_scraper,2026-08-07T20:58:09.378482+00:00
Bahamian Club Restaurant,180028526847,,https://www.atlantisbahamas.com/,Sustainable Tourism Blue Project Foundation History Island Time (Blog) Photo Gallery Worry Free Hurricane Guarantee,BS,Nassau,https://www.atlantisbahamas.com/dining?city=Nassau&country=BS&utm_source=mealdeals_scraper,2026-08-07T20:58:09.363068+00:00
Bahamian Club Restaurant,180028526847,,https://www.atlantisbahamas.com/,Sustainable Tourism Blue Project Foundation History Island Time (Blog) Photo Gallery Worry Free Hurricane Guarantee,BS,Marsh Harbour,https://www.atlantisbahamas.com/dining?city=Marsh+Harbour&country=BS&utm_source=mealdeals_scraper,2026-08-07T20:58:09.394210+00:00
Hilton Hotels,+1-855-672-1138,,https://www.hilton.com/,"Take advantage of hotel offers, unique promotions, and exclusive online specials directly from Hilton Portfolio.",BS,Marsh Harbour,https://www.hilton.com/en/offers/?city=Marsh+Harbour&country=BS&utm_source=mealdeals_scraper,2026-08-07T20:58:09.393788+00:00
Hilton Hotels,+1-855-672-1138,,https://www.hilton.com/,"Take advantage of hotel offers, unique promotions, and exclusive online specials directly from Hilton Portfolio.",BS,Freeport,https://www.hilton.com/en/offers/?city=Freeport&country=BS&utm_source=mealdeals_scraper,2026-08-07T20:58:09.378065+00:00
Hilton Hotels,+1-855-672-1138,,https://www.hilton.com/,"Take advantage of hotel offers, unique promotions, and exclusive online specials directly from Hilton Portfolio.",BS,Nassau,https://www.hilton.com/en/offers/?city=Nassau&country=BS&utm_source=mealdeals_scraper,2026-08-07T20:58:09.362582+00:00
Solomon's,,,https://www.solomons.com/,,BS,Marsh Harbour,https://www.solomons.com/?city=Marsh+Harbour&country=BS&utm_source=mealdeals_scraper,2026-08-07T20:58:09.392907+00:00
Solomon's,,,https://www.solomons.com/,,BS,Freeport,https://www.solomons.com/?city=Freeport&country=BS&utm_source=mealdeals_scraper,2026-08-07T20:58:09.377171+00:00
Solomon's,,,https://www.solomons.com/,,BS,Nassau,https://www.solomons.com/?city=Nassau&country=BS&utm_source=mealdeals_scraper,2026-08-07T20:58:09.361509+00:00
Starbucks Coffee,,,https://www.starbucks.com/,"Explore our menu of handcrafted drinks, order ahead, sign up for Starbucks® Rewards, manage your gift card and more.",BS,Marsh Harbour,https://www.starbucks.com/?city=Marsh+Harbour&country=BS&utm_source=mealdeals_scraper,2026-08-07T20:58:09.394616+00:00
Starbucks Coffee,,,https://www.starbucks.com/,"Explore our menu of handcrafted drinks, order ahead, sign up for Starbucks® Rewards, manage your gift card and more.",BS,Freeport,https://www.starbucks.com/?city=Freeport&country=BS&utm_source=mealdeals_scraper,2026-08-07T20:58:09.378895+00:00
Starbucks Coffee,,,https://www.starbucks.com/,"Explore our menu of handcrafted drinks, order ahead, sign up for Starbucks® Rewards, manage your gift card and more.",BS,Nassau,https://www.starbucks.com/?city=Nassau&country=BS&utm_source=mealdeals_scraper,2026-08-07T20:58:09.363502+00:00
Super Value Bahamas,,,https://www.supervaluebahamas.com/,,BS,Freeport,https://www.supervaluebahamas.com/?city=Freeport&country=BS&utm_source=mealdeals_scraper,2026-08-07T20:58:09.376631+00:00
Super Value Bahamas,,,https://www.supervaluebahamas.com/,,BS,Nassau,https://www.supervaluebahamas.com/?city=Nassau&country=BS&utm_source=mealdeals_scraper,2026-08-07T20:58:09.360894+00:00
Super Value Bahamas,,,https://www.supervaluebahamas.com/,,BS,Marsh Harbour,https://www.supervaluebahamas.com/?city=Marsh+Harbour&country=BS&utm_source=mealdeals_scraper,2026-08-07T20:58:09.392368+00:00
Choppies,,,https://www.choppies.co.bw/,Follow UsClick HereClick Here Store Locator Find your nearest store Online Shopping Portal Shop online at selected locations Choppies retail websites Click on globe to select Check out our AMAZING promotions CHECK OUT Choppies Hyper Specials View our latest promotions Click…,BW,Gaborone,https://www.choppies.co.bw/?city=Gaborone&country=BW&utm_source=mealdeals_scraper,2026-08-07T20:58:10.055475+00:00
Choppies,,,https://www.choppies.co.bw/,Follow UsClick HereClick Here Store Locator Find your nearest store Online Shopping Portal Shop online at selected locations Choppies retail websites Click on globe to select Check out our AMAZING promotions CHECK OUT Choppies Hyper Specials View our latest promotions Click…,BW,Francistown,https://www.choppies.co.bw/?city=Francistown&country=BW&utm_source=mealdeals_scraper,2026-08-07T20:58:10.085684+00:00
City Lodge Hotel,,,https://www.clhg.com/,"Discover modern comfort at City Lodge Hotels – offering stylish accommodations, prime urban locations, and exceptional service for business and leisure travelers. Book your stay today!",BW,Francistown,https://www.clhg.com/?city=Francistown&country=BW&utm_source=mealdeals_scraper,2026-08-07T20:58:10.090061+00:00
City Lodge Hotel,,,https://www.clhg.com/,"Discover modern comfort at City Lodge Hotels – offering stylish accommodations, prime urban locations, and exceptional service for business and leisure travelers. Book your stay today!",BW,Gaborone,https://www.clhg.com/?city=Gaborone&country=BW&utm_source=mealdeals_scraper,2026-08-07T20:58:10.058825+00:00
Debonairs Pizza Restaurant,,,https://www.debonairspizza.co.za/,"Discover bold flavours, epic pizzas and unbeatable value at Debonairs Pizza. Order your favourites online now and enjoy fast delivery or easy pickup today.",BW,Francistown,https://www.debonairspizza.co.za/?city=Francistown&country=BW&utm_source=mealdeals_scraper,2026-08-07T20:58:10.090486+00:00
Debonairs Pizza Restaurant,,,https://www.debonairspizza.co.za/,"Discover bold flavours, epic pizzas and unbeatable value at Debonairs Pizza. Order your favourites online now and enjoy fast delivery or easy pickup today.",BW,Gaborone,https://www.debonairspizza.co.za/?city=Gaborone&country=BW&utm_source=mealdeals_scraper,2026-08-07T20:58:10.059219+00:00
Hilton Hotels,+1-855-672-1138,,https://www.hilton.com/,"Take advantage of hotel offers, unique promotions, and exclusive online specials directly from Hilton Portfolio.",BW,Francistown,https://www.hilton.com/en/offers/?city=Francistown&country=BW&utm_source=mealdeals_scraper,2026-08-07T20:58:10.087822+00:00
Hilton Hotels,+1-855-672-1138,,https://www.hilton.com/,"Take advantage of hotel offers, unique promotions, and exclusive online specials directly from Hilton Portfolio.",BW,Gaborone,https://www.hilton.com/en/offers/?city=Gaborone&country=BW&utm_source=mealdeals_scraper,2026-08-07T20:58:10.057071+00:00
Ibis Hotel,,,https://all.accor.com/hotel/ibis/index.en.shtml,,BW,Francistown,https://all.accor.com/hotel/ibis/index.en.shtml?city=Francistown&country=BW&utm_source=mealdeals_scraper,2026-08-07T20:58:10.088563+00:00
Ibis Hotel,,,https://all.accor.com/hotel/ibis/index.en.shtml,,BW,Gaborone,https://all.accor.com/hotel/ibis/index.en.shtml?city=Gaborone&country=BW&utm_source=mealdeals_scraper,2026-08-07T20:58:10.057547+00:00
Local Pub & Grill,,,https://www.tripadvisor.com/Restaurants,,BW,Francistown,https://www.tripadvisor.com/Restaurants?city=Francistown&country=BW&utm_source=mealdeals_scraper,2026-08-07T20:58:10.089587+00:00
Local Pub & Grill,,,https://www.tripadvisor.com/Restaurants,,BW,Gaborone,https://www.tripadvisor.com/Restaurants?city=Gaborone&country=BW&utm_source=mealdeals_scraper,2026-08-07T20:58:10.058407+00:00
Marriott Hotels,,,https://www.marriott.com/,Make the most of your next stay with hotel deals and promotional travel discounts from Marriott Bonvoy.,BW,Gaborone,https://www.marriott.com/offers.mi?city=Gaborone&country=BW&utm_source=mealdeals_scraper,2026-08-07T20:58:10.056582+00:00
Marriott Hotels,,,https://www.marriott.com/,Make the most of your next stay with hotel deals and promotional travel discounts from Marriott Bonvoy.,BW,Francistown,https://www.marriott.com/offers.mi?city=Francistown&country=BW&utm_source=mealdeals_scraper,2026-08-07T20:58:10.086982+00:00
Sefalana,,,https://www.sefalana.com/,,BW,Gaborone,https://www.sefalana.com/?city=Gaborone&country=BW&utm_source=mealdeals_scraper,2026-08-07T20:58:10.056101+00:00
Sefalana,,,https://www.sefalana.com/,,BW,Francistown,https://www.sefalana.com/?city=Francistown&country=BW&utm_source=mealdeals_scraper,2026-08-07T20:58:10.086372+00:00
Starbucks Coffee,,,https://www.starbucks.com/,,BW,Gaborone,https://www.starbucks.com/menu?city=Gaborone&country=BW&utm_source=mealdeals_scraper,2026-08-07T20:58:10.058002+00:00
Starbucks Coffee,,,https://www.starbucks.com/,,BW,Francistown,https://www.starbucks.com/menu?city=Francistown&country=BW&utm_source=mealdeals_scraper,2026-08-07T20:58:10.089116+00:00
Brodies,,,https://www.brodiesbelize.com/,,BZ,San Ignacio,https://www.brodiesbelize.com/?city=San+Ignacio&country=BZ&utm_source=mealdeals_scraper,2026-08-07T20:58:10.168031+00:00
Brodies,,,https://www.brodiesbelize.com/,,BZ,Belmopan,https://www.brodiesbelize.com/?city=Belmopan&country=BZ&utm_source=mealdeals_scraper,2026-08-07T20:58:10.143581+00:00
Brodies,,,https://www.brodiesbelize.com/,,BZ,Belize City,https://www.brodiesbelize.com/?city=Belize+City&country=BZ&utm_source=mealdeals_scraper,2026-08-07T20:58:10.116294+00:00
Chili's Restaurant,,,https://www.chilis.com/,"Order online from Chili's Grill & Bar for pickup or delivery. Enjoy fresh burgers, fajitas, ribs, and famous margaritas. Find a location near you today!",BZ,Belmopan,https://www.chilis.com/menu?city=Belmopan&country=BZ&utm_source=mealdeals_scraper,2026-08-07T20:58:10.147788+00:00
Chili's Restaurant,,,https://www.chilis.com/,"Order online from Chili's Grill & Bar for pickup or delivery. Enjoy fresh burgers, fajitas, ribs, and famous margaritas. Find a location near you today!",BZ,San Ignacio,https://www.chilis.com/menu?city=San+Ignacio&country=BZ&utm_source=mealdeals_scraper,2026-08-07T20:58:10.171997+00:00
Chili's Restaurant,,,https://www.chilis.com/,"Order online from Chili's Grill & Bar for pickup or delivery. Enjoy fresh burgers, fajitas, ribs, and famous margaritas. Find a location near you today!",BZ,Belize City,https://www.chilis.com/menu?city=Belize+City&country=BZ&utm_source=mealdeals_scraper,2026-08-07T20:58:10.121202+00:00
Hilton Hotels,+1-855-672-1138,,https://www.hilton.com/,"Take advantage of hotel offers, unique promotions, and exclusive online specials directly from Hilton Portfolio.",BZ,Belmopan,https://www.hilton.com/en/offers/?city=Belmopan&country=BZ&utm_source=mealdeals_scraper,2026-08-07T20:58:10.145334+00:00
Hilton Hotels,+1-855-672-1138,,https://www.hilton.com/,"Take advantage of hotel offers, unique promotions, and exclusive online specials directly from Hilton Portfolio.",BZ,San Ignacio,https://www.hilton.com/en/offers/?city=San+Ignacio&country=BZ&utm_source=mealdeals_scraper,2026-08-07T20:58:10.169769+00:00
Hilton Hotels,+1-855-672-1138,,https://www.hilton.com/,"Take advantage of hotel offers, unique promotions, and exclusive online specials directly from Hilton Portfolio.",BZ,Belize City,https://www.hilton.com/en/offers/?city=Belize+City&country=BZ&utm_source=mealdeals_scraper,2026-08-07T20:58:10.118365+00:00
Holiday Inn Hotel,,,https://www.ihg.com/holidayinn/hotels/us/en/reservation,,BZ,Belize City,https://www.ihg.com/holidayinn/hotels/us/en/reservation?city=Belize+City&country=BZ&utm_source=mealdeals_scraper,2026-08-07T20:58:10.120628+00:00
Holiday Inn Hotel,,,https://www.ihg.com/holidayinn/hotels/us/en/reservation,,BZ,San Ignacio,https://www.ihg.com/holidayinn/hotels/us/en/reservation?city=San+Ignacio&country=BZ&utm_source=mealdeals_scraper,2026-08-07T20:58:10.171551+00:00
Holiday Inn Hotel,,,https://www.ihg.com/holidayinn/hotels/us/en/reservation,,BZ,Belmopan,https://www.ihg.com/holidayinn/hotels/us/en/reservation?city=Belmopan&country=BZ&utm_source=mealdeals_scraper,2026-08-07T20:58:10.147352+00:00
Ibis Hotel,,,https://all.accor.com/hotel/ibis/index.en.shtml,,BZ,Belize City,https://all.accor.com/hotel/ibis/index.en.shtml?city=Belize+City&country=BZ&utm_source=mealdeals_scraper,2026-08-07T20:58:10.119061+00:00
Ibis Hotel,,,https://all.accor.com/hotel/ibis/index.en.shtml,,BZ,San Ignacio,https://all.accor.com/hotel/ibis/index.en.shtml?city=San+Ignacio&country=BZ&utm_source=mealdeals_scraper,2026-08-07T20:58:10.170257+00:00
Ibis Hotel,,,https://all.accor.com/hotel/ibis/index.en.shtml,,BZ,Belmopan,https://all.accor.com/hotel/ibis/index.en.shtml?city=Belmopan&country=BZ&utm_source=mealdeals_scraper,2026-08-07T20:58:10.145911+00:00
James Brodie,2235587,marketing@brodies.bz,https://www.brodies.bz/,"About Brodies Store Our History Brodies Store was founded in 1887 with a vision to create an exceptional shopping experience for our customers. Since then, we have grown to become a trusted name in the retail industry, offering high-quality products and outstanding customer…",BZ,Belize City,https://www.brodies.bz/?city=San+Ignacio&country=BZ&utm_source=mealdeals_scraper,2026-08-07T20:58:10.168597+00:00
Local Pub & Grill,,,https://www.tripadvisor.com/Restaurants,,BZ,San Ignacio,https://www.tripadvisor.com/Restaurants?city=San+Ignacio&country=BZ&utm_source=mealdeals_scraper,2026-08-07T20:58:10.171126+00:00
Local Pub & Grill,,,https://www.tripadvisor.com/Restaurants,,BZ,Belmopan,https://www.tripadvisor.com/Restaurants?city=Belmopan&country=BZ&utm_source=mealdeals_scraper,2026-08-07T20:58:10.146923+00:00
Local Pub & Grill,,,https://www.tripadvisor.com/Restaurants,,BZ,Belize City,https://www.tripadvisor.com/Restaurants?city=Belize+City&country=BZ&utm_source=mealdeals_scraper,2026-08-07T20:58:10.120144+00:00
Marriott Hotels,,,https://www.marriott.com/,Make the most of your next stay with hotel deals and promotional travel discounts from Marriott Bonvoy.,BZ,Belmopan,https://www.marriott.com/offers.mi?city=Belmopan&country=BZ&utm_source=mealdeals_scraper,2026-08-07T20:58:10.144768+00:00
Marriott Hotels,,,https://www.marriott.com/,Make the most of your next stay with hotel deals and promotional travel discounts from Marriott Bonvoy.,BZ,San Ignacio,https://www.marriott.com/offers.mi?city=San+Ignacio&country=BZ&utm_source=mealdeals_scraper,2026-08-07T20:58:10.169190+00:00
Marriott Hotels,,,https://www.marriott.com/,Make the most of your next stay with hotel deals and promotional travel discounts from Marriott Bonvoy.,BZ,Belize City,https://www.marriott.com/offers.mi?city=Belize+City&country=BZ&utm_source=mealdeals_scraper,2026-08-07T20:58:10.117713+00:00
Starbucks Coffee,,,https://www.starbucks.com/,,BZ,San Ignacio,https://www.starbucks.com/menu?city=San+Ignacio&country=BZ&utm_source=mealdeals_scraper,2026-08-07T20:58:10.170699+00:00
Starbucks Coffee,,,https://www.starbucks.com/,,BZ,Belize City,https://www.starbucks.com/menu?city=Belize+City&country=BZ&utm_source=mealdeals_scraper,2026-08-07T20:58:10.119598+00:00
Starbucks Coffee,,,https://www.starbucks.com/,,BZ,Belmopan,https://www.starbucks.com/menu?city=Belmopan&country=BZ&utm_source=mealdeals_scraper,2026-08-07T20:58:10.146435+00:00
Boston Pizza Restaurant,,,https://bostonpizza.com/,"Discover Boston Pizza’s extensive menu of pizza, pasta, burgers, appetizers, salads and more. Available for dine-in, takeout, or delivery. Browse our menu today!",CA,Kitchener,https://bostonpizza.com/en/menu.html?city=Kitchener&country=CA&utm_source=mealdeals_scraper,2026-08-07T20:58:07.562056+00:00
Boston Pizza Restaurant,,,https://bostonpizza.com/,"Discover Boston Pizza’s extensive menu of pizza, pasta, burgers, appetizers, salads and more. Available for dine-in, takeout, or delivery. Browse our menu today!",CA,London,https://bostonpizza.com/en/menu.html?city=London&country=CA&utm_source=mealdeals_scraper,2026-08-07T20:58:07.538296+00:00
Boston Pizza Restaurant,,,https://bostonpizza.com/,"Discover Boston Pizza’s extensive menu of pizza, pasta, burgers, appetizers, salads and more. Available for dine-in, takeout, or delivery. Browse our menu today!",CA,Victoria,https://bostonpizza.com/en/menu.html?city=Victoria&country=CA&utm_source=mealdeals_scraper,2026-08-07T20:58:07.467546+00:00
Boston Pizza Restaurant,,,https://bostonpizza.com/,"Discover Boston Pizza’s extensive menu of pizza, pasta, burgers, appetizers, salads and more. Available for dine-in, takeout, or delivery. Browse our menu today!",CA,Halifax,https://bostonpizza.com/en/menu.html?city=Halifax&country=CA&utm_source=mealdeals_scraper,2026-08-07T20:58:07.443577+00:00
Boston Pizza Restaurant,,,https://bostonpizza.com/,"Discover Boston Pizza’s extensive menu of pizza, pasta, burgers, appetizers, salads and more. Available for dine-in, takeout, or delivery. Browse our menu today!",CA,Hamilton,https://bostonpizza.com/en/menu.html?city=Hamilton&country=CA&utm_source=mealdeals_scraper,2026-08-07T20:58:07.420079+00:00
Boston Pizza Restaurant,,,https://bostonpizza.com/,"Discover Boston Pizza’s extensive menu of pizza, pasta, burgers, appetizers, salads and more. Available for dine-in, takeout, or delivery. Browse our menu today!",CA,Quebec City,https://bostonpizza.com/en/menu.html?city=Quebec+City&country=CA&utm_source=mealdeals_scraper,2026-08-07T20:58:07.396961+00:00
Boston Pizza Restaurant,,,https://bostonpizza.com/,"Discover Boston Pizza’s extensive menu of pizza, pasta, burgers, appetizers, salads and more. Available for dine-in, takeout, or delivery. Browse our menu today!",CA,Regina,https://bostonpizza.com/en/menu.html?city=Regina&country=CA&utm_source=mealdeals_scraper,2026-08-07T20:58:07.514865+00:00
Boston Pizza Restaurant,,,https://bostonpizza.com/,"Discover Boston Pizza’s extensive menu of pizza, pasta, burgers, appetizers, salads and more. Available for dine-in, takeout, or delivery. Browse our menu today!",CA,Saskatoon,https://bostonpizza.com/en/menu.html?city=Saskatoon&country=CA&utm_source=mealdeals_scraper,2026-08-07T20:58:07.490777+00:00
Boston Pizza Restaurant,,,https://bostonpizza.com/,"Discover Boston Pizza’s extensive menu of pizza, pasta, burgers, appetizers, salads and more. Available for dine-in, takeout, or delivery. Browse our menu today!",CA,Toronto,https://bostonpizza.com/en/menu.html?city=Toronto&country=CA&utm_source=mealdeals_scraper,2026-08-07T20:58:07.232580+00:00
Boston Pizza Restaurant,,,https://bostonpizza.com/,"Discover Boston Pizza’s extensive menu of pizza, pasta, burgers, appetizers, salads and more. Available for dine-in, takeout, or delivery. Browse our menu today!",CA,Edmonton,https://bostonpizza.com/en/menu.html?city=Edmonton&country=CA&utm_source=mealdeals_scraper,2026-08-07T20:58:07.349387+00:00
Boston Pizza Restaurant,,,https://bostonpizza.com/,"Discover Boston Pizza’s extensive menu of pizza, pasta, burgers, appetizers, salads and more. Available for dine-in, takeout, or delivery. Browse our menu today!",CA,Winnipeg,https://bostonpizza.com/en/menu.html?city=Winnipeg&country=CA&utm_source=mealdeals_scraper,2026-08-07T20:58:07.372952+00:00
Boston Pizza Restaurant,,,https://bostonpizza.com/,"Discover Boston Pizza’s extensive menu of pizza, pasta, burgers, appetizers, salads and more. Available for dine-in, takeout, or delivery. Browse our menu today!",CA,Brampton,https://bostonpizza.com/en/menu.html?city=Brampton&country=CA&utm_source=mealdeals_scraper,2026-08-07T20:58:07.609204+00:00
Boston Pizza Restaurant,,,https://bostonpizza.com/,"Discover Boston Pizza’s extensive menu of pizza, pasta, burgers, appetizers, salads and more. Available for dine-in, takeout, or delivery. Browse our menu today!",CA,Calgary,https://bostonpizza.com/en/menu.html?city=Calgary&country=CA&utm_source=mealdeals_scraper,2026-08-07T20:58:07.302415+00:00
Boston Pizza Restaurant,,,https://bostonpizza.com/,"Discover Boston Pizza’s extensive menu of pizza, pasta, burgers, appetizers, salads and more. Available for dine-in, takeout, or delivery. Browse our menu today!",CA,Montreal,https://bostonpizza.com/en/menu.html?city=Montreal&country=CA&utm_source=mealdeals_scraper,2026-08-07T20:58:07.278985+00:00
Boston Pizza Restaurant,,,https://bostonpizza.com/,"Discover Boston Pizza’s extensive menu of pizza, pasta, burgers, appetizers, salads and more. Available for dine-in, takeout, or delivery. Browse our menu today!",CA,Surrey,https://bostonpizza.com/en/menu.html?city=Surrey&country=CA&utm_source=mealdeals_scraper,2026-08-07T20:58:07.632668+00:00
Boston Pizza Restaurant,,,https://bostonpizza.com/,"Discover Boston Pizza’s extensive menu of pizza, pasta, burgers, appetizers, salads and more. Available for dine-in, takeout, or delivery. Browse our menu today!",CA,Vancouver,https://bostonpizza.com/en/menu.html?city=Vancouver&country=CA&utm_source=mealdeals_scraper,2026-08-07T20:58:07.255909+00:00
Boston Pizza Restaurant,,,https://bostonpizza.com/,"Discover Boston Pizza’s extensive menu of pizza, pasta, burgers, appetizers, salads and more. Available for dine-in, takeout, or delivery. Browse our menu today!",CA,Mississauga,https://bostonpizza.com/en/menu.html?city=Mississauga&country=CA&utm_source=mealdeals_scraper,2026-08-07T20:58:07.585338+00:00
Boston Pizza Restaurant,,,https://bostonpizza.com/,"Discover Boston Pizza’s extensive menu of pizza, pasta, burgers, appetizers, salads and more. Available for dine-in, takeout, or delivery. Browse our menu today!",CA,Ottawa,https://bostonpizza.com/en/menu.html?city=Ottawa&country=CA&utm_source=mealdeals_scraper,2026-08-07T20:58:07.325107+00:00
Earls Kitchen Bar,,,https://earls.ca/menu,,CA,Halifax,https://earls.ca/menu?city=Halifax&country=CA&utm_source=mealdeals_scraper,2026-08-07T20:58:07.444144+00:00
Earls Kitchen Bar,,,https://earls.ca/menu,,CA,Victoria,https://earls.ca/menu?city=Victoria&country=CA&utm_source=mealdeals_scraper,2026-08-07T20:58:07.467976+00:00
Earls Kitchen Bar,,,https://earls.ca/menu,,CA,Kitchener,https://earls.ca/menu?city=Kitchener&country=CA&utm_source=mealdeals_scraper,2026-08-07T20:58:07.562510+00:00
Earls Kitchen Bar,,,https://earls.ca/menu,,CA,Quebec City,https://earls.ca/menu?city=Quebec+City&country=CA&utm_source=mealdeals_scraper,2026-08-07T20:58:07.397416+00:00
Earls Kitchen Bar,,,https://earls.ca/menu,,CA,London,https://earls.ca/menu?city=London&country=CA&utm_source=mealdeals_scraper,2026-08-07T20:58:07.538730+00:00
Earls Kitchen Bar,,,https://earls.ca/menu,,CA,Mississauga,https://earls.ca/menu?city=Mississauga&country=CA&utm_source=mealdeals_scraper,2026-08-07T20:58:07.585823+00:00
Earls Kitchen Bar,,,https://earls.ca/menu,,CA,Brampton,https://earls.ca/menu?city=Brampton&country=CA&utm_source=mealdeals_scraper,2026-08-07T20:58:07.609660+00:00
Earls Kitchen Bar,,,https://earls.ca/menu,,CA,Regina,https://earls.ca/menu?city=Regina&country=CA&utm_source=mealdeals_scraper,2026-08-07T20:58:07.515337+00:00
Earls Kitchen Bar,,,https://earls.ca/menu,,CA,Ottawa,https://earls.ca/menu?city=Ottawa&country=CA&utm_source=mealdeals_scraper,2026-08-07T20:58:07.325626+00:00
Earls Kitchen Bar,,,https://earls.ca/menu,,CA,Montreal,https://earls.ca/menu?city=Montreal&country=CA&utm_source=mealdeals_scraper,2026-08-07T20:58:07.279413+00:00
Earls Kitchen Bar,,,https://earls.ca/menu,,CA,Calgary,https://earls.ca/menu?city=Calgary&country=CA&utm_source=mealdeals_scraper,2026-08-07T20:58:07.302826+00:00
Earls Kitchen Bar,,,https://earls.ca/menu,,CA,Edmonton,https://earls.ca/menu?city=Edmonton&country=CA&utm_source=mealdeals_scraper,2026-08-07T20:58:07.349805+00:00
Earls Kitchen Bar,,,https://earls.ca/menu,,CA,Hamilton,https://earls.ca/menu?city=Hamilton&country=CA&utm_source=mealdeals_scraper,2026-08-07T20:58:07.420523+00:00
Earls Kitchen Bar,,,https://earls.ca/menu,,CA,Saskatoon,https://earls.ca/menu?city=Saskatoon&country=CA&utm_source=mealdeals_scraper,2026-08-07T20:58:07.491257+00:00
Earls Kitchen Bar,,,https://earls.ca/menu,,CA,Surrey,https://earls.ca/menu?city=Surrey&country=CA&utm_source=mealdeals_scraper,2026-08-07T20:58:07.633106+00:00
Earls Kitchen Bar,,,https://earls.ca/menu,,CA,Winnipeg,https://earls.ca/menu?city=Winnipeg&country=CA&utm_source=mealdeals_scraper,2026-08-07T20:58:07.373382+00:00
Earls Kitchen Bar,,,https://earls.ca/menu,,CA,Vancouver,https://earls.ca/menu?city=Vancouver&country=CA&utm_source=mealdeals_scraper,2026-08-07T20:58:07.256347+00:00
Earls Kitchen Bar,,,https://earls.ca/menu,,CA,Toronto,https://earls.ca/menu?city=Toronto&country=CA&utm_source=mealdeals_scraper,2026-08-07T20:58:07.232975+00:00
Hilton Hotels,+1-855-672-1138,,https://www.hilton.com/,"Take advantage of hotel offers, unique promotions, and exclusive online specials directly from Hilton Portfolio.",CA,London,https://www.hilton.com/en/offers/?city=London&country=CA&utm_source=mealdeals_scraper,2026-08-07T20:58:07.537780+00:00
Hilton Hotels,+1-855-672-1138,,https://www.hilton.com/,"Take advantage of hotel offers, unique promotions, and exclusive online specials directly from Hilton Portfolio.",CA,Edmonton,https://www.hilton.com/en/offers/?city=Edmonton&country=CA&utm_source=mealdeals_scraper,2026-08-07T20:58:07.348873+00:00
Hilton Hotels,+1-855-672-1138,,https://www.hilton.com/,"Take advantage of hotel offers, unique promotions, and exclusive online specials directly from Hilton Portfolio.",CA,Kitchener,https://www.hilton.com/en/offers/?city=Kitchener&country=CA&utm_source=mealdeals_scraper,2026-08-07T20:58:07.561543+00:00
Hilton Hotels,+1-855-672-1138,,https://www.hilton.com/,"Take advantage of hotel offers, unique promotions, and exclusive online specials directly from Hilton Portfolio.",CA,Montreal,https://www.hilton.com/en/offers/?city=Montreal&country=CA&utm_source=mealdeals_scraper,2026-08-07T20:58:07.278558+00:00
Hilton Hotels,+1-855-672-1138,,https://www.hilton.com/,"Take advantage of hotel offers, unique promotions, and exclusive online specials directly from Hilton Portfolio.",CA,Surrey,https://www.hilton.com/en/offers/?city=Surrey&country=CA&utm_source=mealdeals_scraper,2026-08-07T20:58:07.632134+00:00
Hilton Hotels,+1-855-672-1138,,https://www.hilton.com/,"Take advantage of hotel offers, unique promotions, and exclusive online specials directly from Hilton Portfolio.",CA,Victoria,https://www.hilton.com/en/offers/?city=Victoria&country=CA&utm_source=mealdeals_scraper,2026-08-07T20:58:07.467082+00:00
Hilton Hotels,+1-855-672-1138,,https://www.hilton.com/,"Take advantage of hotel offers, unique promotions, and exclusive online specials directly from Hilton Portfolio.",CA,Regina,https://www.hilton.com/en/offers/?city=Regina&country=CA&utm_source=mealdeals_scraper,2026-08-07T20:58:07.514369+00:00
Hilton Hotels,+1-855-672-1138,,https://www.hilton.com/,"Take advantage of hotel offers, unique promotions, and exclusive online specials directly from Hilton Portfolio.",CA,Saskatoon,https://www.hilton.com/en/offers/?city=Saskatoon&country=CA&utm_source=mealdeals_scraper,2026-08-07T20:58:07.490250+00:00
Hilton Hotels,+1-855-672-1138,,https://www.hilton.com/,"Take advantage of hotel offers, unique promotions, and exclusive online specials directly from Hilton Portfolio.",CA,Winnipeg,https://www.hilton.com/en/offers/?city=Winnipeg&country=CA&utm_source=mealdeals_scraper,2026-08-07T20:58:07.372511+00:00
Hilton Hotels,+1-855-672-1138,,https://www.hilton.com/,"Take advantage of hotel offers, unique promotions, and exclusive online specials directly from Hilton Portfolio.",CA,Brampton,https://www.hilton.com/en/offers/?city=Brampton&country=CA&utm_source=mealdeals_scraper,2026-08-07T20:58:07.608629+00:00
Hilton Hotels,+1-855-672-1138,,https://www.hilton.com/,"Take advantage of hotel offers, unique promotions, and exclusive online specials directly from Hilton Portfolio.",CA,Halifax,https://www.hilton.com/en/offers/?city=Halifax&country=CA&utm_source=mealdeals_scraper,2026-08-07T20:58:07.443088+00:00
Hilton Hotels,+1-855-672-1138,,https://www.hilton.com/,"Take advantage of hotel offers, unique promotions, and exclusive online specials directly from Hilton Portfolio.",CA,Ottawa,https://www.hilton.com/en/offers/?city=Ottawa&country=CA&utm_source=mealdeals_scraper,2026-08-07T20:58:07.324606+00:00
Hilton Hotels,+1-855-672-1138,,https://www.hilton.com/,"Take advantage of hotel offers, unique promotions, and exclusive online specials directly from Hilton Portfolio.",CA,Quebec City,https://www.hilton.com/en/offers/?city=Quebec+City&country=CA&utm_source=mealdeals_scraper,2026-08-07T20:58:07.396540+00:00
Hilton Hotels,+1-855-672-1138,,https://www.hilton.com/,"Take advantage of hotel offers, unique promotions, and exclusive online specials directly from Hilton Portfolio.",CA,Mississauga,https://www.hilton.com/en/offers/?city=Mississauga&country=CA&utm_source=mealdeals_scraper,2026-08-07T20:58:07.584766+00:00
Hilton Hotels,+1-855-672-1138,,https://www.hilton.com/,"Take advantage of hotel offers, unique promotions, and exclusive online specials directly from Hilton Portfolio.",CA,Toronto,https://www.hilton.com/en/offers/?city=Toronto&country=CA&utm_source=mealdeals_scraper,2026-08-07T20:58:07.232164+00:00
Hilton Hotels,+1-855-672-1138,,https://www.hilton.com/,"Take advantage of hotel offers, unique promotions, and exclusive online specials directly from Hilton Portfolio.",CA,Calgary,https://www.hilton.com/en/offers/?city=Calgary&country=CA&utm_source=mealdeals_scraper,2026-08-07T20:58:07.301964+00:00
Hilton Hotels,+1-855-672-1138,,https://www.hilton.com/,"Take advantage of hotel offers, unique promotions, and exclusive online specials directly from Hilton Portfolio.",CA,Vancouver,https://www.hilton.com/en/offers/?city=Vancouver&country=CA&utm_source=mealdeals_scraper,2026-08-07T20:58:07.255434+00:00
Hilton Hotels,+1-855-672-1138,,https://www.hilton.com/,"Take advantage of hotel offers, unique promotions, and exclusive online specials directly from Hilton Portfolio.",CA,Hamilton,https://www.hilton.com/en/offers/?city=Hamilton&country=CA&utm_source=mealdeals_scraper,2026-08-07T20:58:07.419601+00:00
Loblaws,,,https://www.loblaws.ca/,,CA,Winnipeg,https://www.loblaws.ca/deals?city=Winnipeg&country=CA&utm_source=mealdeals_scraper,2026-08-07T20:58:07.370250+00:00
Loblaws,,,https://www.loblaws.ca/,,CA,Victoria,https://www.loblaws.ca/deals?city=Victoria&country=CA&utm_source=mealdeals_scraper,2026-08-07T20:58:07.464716+00:00
Loblaws,,,https://www.loblaws.ca/,,CA,Quebec City,https://www.loblaws.ca/deals?city=Quebec+City&country=CA&utm_source=mealdeals_scraper,2026-08-07T20:58:07.394585+00:00
Loblaws,,,https://www.loblaws.ca/,,CA,Halifax,https://www.loblaws.ca/deals?city=Halifax&country=CA&utm_source=mealdeals_scraper,2026-08-07T20:58:07.440729+00:00
Loblaws,,,https://www.loblaws.ca/,,CA,Edmonton,https://www.loblaws.ca/deals?city=Edmonton&country=CA&utm_source=mealdeals_scraper,2026-08-07T20:58:07.346643+00:00
Loblaws,,,https://www.loblaws.ca/,,CA,Hamilton,https://www.loblaws.ca/deals?city=Hamilton&country=CA&utm_source=mealdeals_scraper,2026-08-07T20:58:07.417318+00:00
Loblaws,,,https://www.loblaws.ca/,,CA,Kitchener,https://www.loblaws.ca/deals?city=Kitchener&country=CA&utm_source=mealdeals_scraper,2026-08-07T20:58:07.559235+00:00
Loblaws,,,https://www.loblaws.ca/,,CA,London,https://www.loblaws.ca/deals?city=London&country=CA&utm_source=mealdeals_scraper,2026-08-07T20:58:07.535374+00:00
Loblaws,,,https://www.loblaws.ca/,,CA,Mississauga,https://www.loblaws.ca/deals?city=Mississauga&country=CA&utm_source=mealdeals_scraper,2026-08-07T20:58:07.582457+00:00
Loblaws,,,https://www.loblaws.ca/,,CA,Calgary,https://www.loblaws.ca/deals?city=Calgary&country=CA&utm_source=mealdeals_scraper,2026-08-07T20:58:07.299841+00:00
Loblaws,,,https://www.loblaws.ca/,,CA,Regina,https://www.loblaws.ca/deals?city=Regina&country=CA&utm_source=mealdeals_scraper,2026-08-07T20:58:07.511960+00:00
Loblaws,,,https://www.loblaws.ca/,,CA,Saskatoon,https://www.loblaws.ca/deals?city=Saskatoon&country=CA&utm_source=mealdeals_scraper,2026-08-07T20:58:07.487850+00:00
Loblaws,,,https://www.loblaws.ca/,,CA,Surrey,https://www.loblaws.ca/deals?city=Surrey&country=CA&utm_source=mealdeals_scraper,2026-08-07T20:58:07.629784+00:00
Loblaws,,,https://www.loblaws.ca/,,CA,Ottawa,https://www.loblaws.ca/deals?city=Ottawa&country=CA&utm_source=mealdeals_scraper,2026-08-07T20:58:07.322234+00:00
Loblaws,,,https://www.loblaws.ca/,,CA,Montreal,https://www.loblaws.ca/deals?city=Montreal&country=CA&utm_source=mealdeals_scraper,2026-08-07T20:58:07.276331+00:00
Loblaws,,,https://www.loblaws.ca/,,CA,Vancouver,https://www.loblaws.ca/deals?city=Vancouver&country=CA&utm_source=mealdeals_scraper,2026-08-07T20:58:07.253418+00:00
Loblaws,,,https://www.loblaws.ca/,,CA,Brampton,https://www.loblaws.ca/deals?city=Brampton&country=CA&utm_source=mealdeals_scraper,2026-08-07T20:58:07.606284+00:00
Loblaws,,,https://www.loblaws.ca/,,CA,Toronto,https://www.loblaws.ca/deals?city=Toronto&country=CA&utm_source=mealdeals_scraper,2026-08-07T20:58:07.230220+00:00
Marriott Hotels,,,https://www.marriott.com/en-ca/offers.mi,,CA,Montreal,https://www.marriott.com/en-ca/offers.mi?city=Montreal&country=CA&utm_source=mealdeals_scraper,2026-08-07T20:58:07.278102+00:00
Marriott Hotels,,,https://www.marriott.com/en-ca/offers.mi,,CA,Winnipeg,https://www.marriott.com/en-ca/offers.mi?city=Winnipeg&country=CA&utm_source=mealdeals_scraper,2026-08-07T20:58:07.372050+00:00
Marriott Hotels,,,https://www.marriott.com/en-ca/offers.mi,,CA,Kitchener,https://www.marriott.com/en-ca/offers.mi?city=Kitchener&country=CA&utm_source=mealdeals_scraper,2026-08-07T20:58:07.560981+00:00
Marriott Hotels,,,https://www.marriott.com/en-ca/offers.mi,,CA,Halifax,https://www.marriott.com/en-ca/offers.mi?city=Halifax&country=CA&utm_source=mealdeals_scraper,2026-08-07T20:58:07.442508+00:00
Marriott Hotels,,,https://www.marriott.com/en-ca/offers.mi,,CA,Edmonton,https://www.marriott.com/en-ca/offers.mi?city=Edmonton&country=CA&utm_source=mealdeals_scraper,2026-08-07T20:58:07.348408+00:00
Marriott Hotels,,,https://www.marriott.com/en-ca/offers.mi,,CA,Ottawa,https://www.marriott.com/en-ca/offers.mi?city=Ottawa&country=CA&utm_source=mealdeals_scraper,2026-08-07T20:58:07.324009+00:00
Marriott Hotels,,,https://www.marriott.com/en-ca/offers.mi,,CA,Victoria,https://www.marriott.com/en-ca/offers.mi?city=Victoria&country=CA&utm_source=mealdeals_scraper,2026-08-07T20:58:07.466517+00:00
Marriott Hotels,,,https://www.marriott.com/en-ca/offers.mi,,CA,Saskatoon,https://www.marriott.com/en-ca/offers.mi?city=Saskatoon&country=CA&utm_source=mealdeals_scraper,2026-08-07T20:58:07.489666+00:00
Marriott Hotels,,,https://www.marriott.com/en-ca/offers.mi,,CA,Surrey,https://www.marriott.com/en-ca/offers.mi?city=Surrey&country=CA&utm_source=mealdeals_scraper,2026-08-07T20:58:07.631571+00:00
Marriott Hotels,,,https://www.marriott.com/en-ca/offers.mi,,CA,Quebec City,https://www.marriott.com/en-ca/offers.mi?city=Quebec+City&country=CA&utm_source=mealdeals_scraper,2026-08-07T20:58:07.396095+00:00
Marriott Hotels,,,https://www.marriott.com/en-ca/offers.mi,,CA,Toronto,https://www.marriott.com/en-ca/offers.mi?city=Toronto&country=CA&utm_source=mealdeals_scraper,2026-08-07T20:58:07.231713+00:00
Marriott Hotels,,,https://www.marriott.com/en-ca/offers.mi,,CA,Regina,https://www.marriott.com/en-ca/offers.mi?city=Regina&country=CA&utm_source=mealdeals_scraper,2026-08-07T20:58:07.513775+00:00
Marriott Hotels,,,https://www.marriott.com/en-ca/offers.mi,,CA,London,https://www.marriott.com/en-ca/offers.mi?city=London&country=CA&utm_source=mealdeals_scraper,2026-08-07T20:58:07.537183+00:00
Marriott Hotels,,,https://www.marriott.com/en-ca/offers.mi,,CA,Hamilton,https://www.marriott.com/en-ca/offers.mi?city=Hamilton&country=CA&utm_source=mealdeals_scraper,2026-08-07T20:58:07.419082+00:00
Marriott Hotels,,,https://www.marriott.com/en-ca/offers.mi,,CA,Vancouver,https://www.marriott.com/en-ca/offers.mi?city=Vancouver&country=CA&utm_source=mealdeals_scraper,2026-08-07T20:58:07.254976+00:00
Marriott Hotels,,,https://www.marriott.com/en-ca/offers.mi,,CA,Brampton,https://www.marriott.com/en-ca/offers.mi?city=Brampton&country=CA&utm_source=mealdeals_scraper,2026-08-07T20:58:07.608057+00:00
Marriott Hotels,,,https://www.marriott.com/en-ca/offers.mi,,CA,Calgary,https://www.marriott.com/en-ca/offers.mi?city=Calgary&country=CA&utm_source=mealdeals_scraper,2026-08-07T20:58:07.301515+00:00
Marriott Hotels,,,https://www.marriott.com/en-ca/offers.mi,,CA,Mississauga,https://www.marriott.com/en-ca/offers.mi?city=Mississauga&country=CA&utm_source=mealdeals_scraper,2026-08-07T20:58:07.584215+00:00
Second Cup Coffee,,,https://secondcup.com/,"Second Cup Café est l'endroit idéal pour savourer un café de spécialité. Découvrez notre meilleure sélection de cafés authentiques, thés, lattés et bien plus !",CA,Calgary,https://secondcup.com/?city=Calgary&country=CA&utm_source=mealdeals_scraper,2026-08-07T20:58:07.303269+00:00
Second Cup Coffee,,,https://secondcup.com/,"Second Cup Café est l'endroit idéal pour savourer un café de spécialité. Découvrez notre meilleure sélection de cafés authentiques, thés, lattés et bien plus !",CA,Montreal,https://secondcup.com/?city=Montreal&country=CA&utm_source=mealdeals_scraper,2026-08-07T20:58:07.279815+00:00
Second Cup Coffee,,,https://secondcup.com/,"Second Cup Café est l'endroit idéal pour savourer un café de spécialité. Découvrez notre meilleure sélection de cafés authentiques, thés, lattés et bien plus !",CA,Winnipeg,https://secondcup.com/?city=Winnipeg&country=CA&utm_source=mealdeals_scraper,2026-08-07T20:58:07.373787+00:00
Second Cup Coffee,,,https://secondcup.com/,"Second Cup Café est l'endroit idéal pour savourer un café de spécialité. Découvrez notre meilleure sélection de cafés authentiques, thés, lattés et bien plus !",CA,Ottawa,https://secondcup.com/?city=Ottawa&country=CA&utm_source=mealdeals_scraper,2026-08-07T20:58:07.326134+00:00
Second Cup Coffee,,,https://secondcup.com/,"Second Cup Café est l'endroit idéal pour savourer un café de spécialité. Découvrez notre meilleure sélection de cafés authentiques, thés, lattés et bien plus !",CA,Saskatoon,https://secondcup.com/?city=Saskatoon&country=CA&utm_source=mealdeals_scraper,2026-08-07T20:58:07.491687+00:00
Second Cup Coffee,,,https://secondcup.com/,"Second Cup Café est l'endroit idéal pour savourer un café de spécialité. Découvrez notre meilleure sélection de cafés authentiques, thés, lattés et bien plus !",CA,Brampton,https://secondcup.com/?city=Brampton&country=CA&utm_source=mealdeals_scraper,2026-08-07T20:58:07.610109+00:00
Second Cup Coffee,,,https://secondcup.com/,"Second Cup Café est l'endroit idéal pour savourer un café de spécialité. Découvrez notre meilleure sélection de cafés authentiques, thés, lattés et bien plus !",CA,Regina,https://secondcup.com/?city=Regina&country=CA&utm_source=mealdeals_scraper,2026-08-07T20:58:07.515747+00:00
Second Cup Coffee,,,https://secondcup.com/,"Second Cup Café est l'endroit idéal pour savourer un café de spécialité. Découvrez notre meilleure sélection de cafés authentiques, thés, lattés et bien plus !",CA,Edmonton,https://secondcup.com/?city=Edmonton&country=CA&utm_source=mealdeals_scraper,2026-08-07T20:58:07.350245+00:00
Second Cup Coffee,,,https://secondcup.com/,"Second Cup Café est l'endroit idéal pour savourer un café de spécialité. Découvrez notre meilleure sélection de cafés authentiques, thés, lattés et bien plus !",CA,Vancouver,https://secondcup.com/?city=Vancouver&country=CA&utm_source=mealdeals_scraper,2026-08-07T20:58:07.256752+00:00
Second Cup Coffee,,,https://secondcup.com/,"Second Cup Café est l'endroit idéal pour savourer un café de spécialité. Découvrez notre meilleure sélection de cafés authentiques, thés, lattés et bien plus !",CA,Toronto,https://secondcup.com/?city=Toronto&country=CA&utm_source=mealdeals_scraper,2026-08-07T20:58:07.233368+00:00
Second Cup Coffee,,,https://secondcup.com/,"Second Cup Café est l'endroit idéal pour savourer un café de spécialité. Découvrez notre meilleure sélection de cafés authentiques, thés, lattés et bien plus !",CA,London,https://secondcup.com/?city=London&country=CA&utm_source=mealdeals_scraper,2026-08-07T20:58:07.539180+00:00
Second Cup Coffee,,,https://secondcup.com/,"Second Cup Café est l'endroit idéal pour savourer un café de spécialité. Découvrez notre meilleure sélection de cafés authentiques, thés, lattés et bien plus !",CA,Victoria,https://secondcup.com/?city=Victoria&country=CA&utm_source=mealdeals_scraper,2026-08-07T20:58:07.468397+00:00
Second Cup Coffee,,,https://secondcup.com/,"Second Cup Café est l'endroit idéal pour savourer un café de spécialité. Découvrez notre meilleure sélection de cafés authentiques, thés, lattés et bien plus !",CA,Kitchener,https://secondcup.com/?city=Kitchener&country=CA&utm_source=mealdeals_scraper,2026-08-07T20:58:07.562930+00:00
Second Cup Coffee,,,https://secondcup.com/,"Second Cup Café est l'endroit idéal pour savourer un café de spécialité. Découvrez notre meilleure sélection de cafés authentiques, thés, lattés et bien plus !",CA,Halifax,https://secondcup.com/?city=Halifax&country=CA&utm_source=mealdeals_scraper,2026-08-07T20:58:07.444616+00:00
Second Cup Coffee,,,https://secondcup.com/,"Second Cup Café est l'endroit idéal pour savourer un café de spécialité. Découvrez notre meilleure sélection de cafés authentiques, thés, lattés et bien plus !",CA,Mississauga,https://secondcup.com/?city=Mississauga&country=CA&utm_source=mealdeals_scraper,2026-08-07T20:58:07.586272+00:00
Second Cup Coffee,,,https://secondcup.com/,"Second Cup Café est l'endroit idéal pour savourer un café de spécialité. Découvrez notre meilleure sélection de cafés authentiques, thés, lattés et bien plus !",CA,Surrey,https://secondcup.com/?city=Surrey&country=CA&utm_source=mealdeals_scraper,2026-08-07T20:58:07.633513+00:00
Second Cup Coffee,,,https://secondcup.com/,"Second Cup Café est l'endroit idéal pour savourer un café de spécialité. Découvrez notre meilleure sélection de cafés authentiques, thés, lattés et bien plus !",CA,Hamilton,https://secondcup.com/?city=Hamilton&country=CA&utm_source=mealdeals_scraper,2026-08-07T20:58:07.420951+00:00
Second Cup Coffee,,,https://secondcup.com/,"Second Cup Café est l'endroit idéal pour savourer un café de spécialité. Découvrez notre meilleure sélection de cafés authentiques, thés, lattés et bien plus !",CA,Quebec City,https://secondcup.com/?city=Quebec+City&country=CA&utm_source=mealdeals_scraper,2026-08-07T20:58:07.397811+00:00
Subway,,,https://www.subway.com/,"Discover customized sandwiches at Subway. Take a look at the sandwich menu, place your order online, find the nearest restaurant, order catering service, or purchase gift cards.",CA,Toronto,https://www.subway.com/en-ca?city=Toronto&country=CA&utm_source=mealdeals_scraper,2026-08-07T20:58:07.231203+00:00
Subway,,,https://www.subway.com/,"Discover customized sandwiches at Subway. Take a look at the sandwich menu, place your order online, find the nearest restaurant, order catering service, or purchase gift cards.",CA,Vancouver,https://www.subway.com/en-ca?city=Vancouver&country=CA&utm_source=mealdeals_scraper,2026-08-07T20:58:07.254523+00:00
Subway,,,https://www.subway.com/,"Discover customized sandwiches at Subway. Take a look at the sandwich menu, place your order online, find the nearest restaurant, order catering service, or purchase gift cards.",CA,Montreal,https://www.subway.com/en-ca?city=Montreal&country=CA&utm_source=mealdeals_scraper,2026-08-07T20:58:07.277485+00:00
Subway,,,https://www.subway.com/,"Discover customized sandwiches at Subway. Take a look at the sandwich menu, place your order online, find the nearest restaurant, order catering service, or purchase gift cards.",CA,Calgary,https://www.subway.com/en-ca?city=Calgary&country=CA&utm_source=mealdeals_scraper,2026-08-07T20:58:07.301038+00:00
Subway,,,https://www.subway.com/,"Discover customized sandwiches at Subway. Take a look at the sandwich menu, place your order online, find the nearest restaurant, order catering service, or purchase gift cards.",CA,Brampton,https://www.subway.com/en-ca?city=Brampton&country=CA&utm_source=mealdeals_scraper,2026-08-07T20:58:07.607481+00:00
Subway,,,https://www.subway.com/,"Discover customized sandwiches at Subway. Take a look at the sandwich menu, place your order online, find the nearest restaurant, order catering service, or purchase gift cards.",CA,Edmonton,https://www.subway.com/en-ca?city=Edmonton&country=CA&utm_source=mealdeals_scraper,2026-08-07T20:58:07.347853+00:00
Subway,,,https://www.subway.com/,"Discover customized sandwiches at Subway. Take a look at the sandwich menu, place your order online, find the nearest restaurant, order catering service, or purchase gift cards.",CA,Ottawa,https://www.subway.com/en-ca?city=Ottawa&country=CA&utm_source=mealdeals_scraper,2026-08-07T20:58:07.323444+00:00
Subway,,,https://www.subway.com/,"Discover customized sandwiches at Subway. Take a look at the sandwich menu, place your order online, find the nearest restaurant, order catering service, or purchase gift cards.",CA,Winnipeg,https://www.subway.com/en-ca?city=Winnipeg&country=CA&utm_source=mealdeals_scraper,2026-08-07T20:58:07.371470+00:00
Subway,,,https://www.subway.com/,"Discover customized sandwiches at Subway. Take a look at the sandwich menu, place your order online, find the nearest restaurant, order catering service, or purchase gift cards.",CA,Victoria,https://www.subway.com/en-ca?city=Victoria&country=CA&utm_source=mealdeals_scraper,2026-08-07T20:58:07.465924+00:00
Subway,,,https://www.subway.com/,"Discover customized sandwiches at Subway. Take a look at the sandwich menu, place your order online, find the nearest restaurant, order catering service, or purchase gift cards.",CA,Kitchener,https://www.subway.com/en-ca?city=Kitchener&country=CA&utm_source=mealdeals_scraper,2026-08-07T20:58:07.560410+00:00
Subway,,,https://www.subway.com/,"Discover customized sandwiches at Subway. Take a look at the sandwich menu, place your order online, find the nearest restaurant, order catering service, or purchase gift cards.",CA,Mississauga,https://www.subway.com/en-ca?city=Mississauga&country=CA&utm_source=mealdeals_scraper,2026-08-07T20:58:07.583642+00:00
Subway,,,https://www.subway.com/,"Discover customized sandwiches at Subway. Take a look at the sandwich menu, place your order online, find the nearest restaurant, order catering service, or purchase gift cards.",CA,Hamilton,https://www.subway.com/en-ca?city=Hamilton&country=CA&utm_source=mealdeals_scraper,2026-08-07T20:58:07.418513+00:00
Subway,,,https://www.subway.com/,"Discover customized sandwiches at Subway. Take a look at the sandwich menu, place your order online, find the nearest restaurant, order catering service, or purchase gift cards.",CA,Halifax,https://www.subway.com/en-ca?city=Halifax&country=CA&utm_source=mealdeals_scraper,2026-08-07T20:58:07.441946+00:00
Subway,,,https://www.subway.com/,"Discover customized sandwiches at Subway. Take a look at the sandwich menu, place your order online, find the nearest restaurant, order catering service, or purchase gift cards.",CA,Surrey,https://www.subway.com/en-ca?city=Surrey&country=CA&utm_source=mealdeals_scraper,2026-08-07T20:58:07.631003+00:00
Subway,,,https://www.subway.com/,"Discover customized sandwiches at Subway. Take a look at the sandwich menu, place your order online, find the nearest restaurant, order catering service, or purchase gift cards.",CA,London,https://www.subway.com/en-ca?city=London&country=CA&utm_source=mealdeals_scraper,2026-08-07T20:58:07.536583+00:00
Subway,,,https://www.subway.com/,"Discover customized sandwiches at Subway. Take a look at the sandwich menu, place your order online, find the nearest restaurant, order catering service, or purchase gift cards.",CA,Saskatoon,https://www.subway.com/en-ca?city=Saskatoon&country=CA&utm_source=mealdeals_scraper,2026-08-07T20:58:07.489063+00:00
Subway,,,https://www.subway.com/,"Discover customized sandwiches at Subway. Take a look at the sandwich menu, place your order online, find the nearest restaurant, order catering service, or purchase gift cards.",CA,Quebec City,https://www.subway.com/en-ca?city=Quebec+City&country=CA&utm_source=mealdeals_scraper,2026-08-07T20:58:07.395638+00:00
Subway,,,https://www.subway.com/,"Discover customized sandwiches at Subway. Take a look at the sandwich menu, place your order online, find the nearest restaurant, order catering service, or purchase gift cards.",CA,Regina,https://www.subway.com/en-ca?city=Regina&country=CA&utm_source=mealdeals_scraper,2026-08-07T20:58:07.513183+00:00
The Keg Steakhouse,,,https://thekeg.com/,"The Keg Steakhouse + Bar is the perfect place to connect. Find a location near you, see our menus and join us to unwind with friends, create memories and indulge in mouth-watering prime rib and seafood.",CA,Edmonton,https://thekeg.com/en/menu?city=Edmonton&country=CA&utm_source=mealdeals_scraper,2026-08-07T20:58:07.350644+00:00
The Keg Steakhouse,,,https://thekeg.com/,"The Keg Steakhouse + Bar is the perfect place to connect. Find a location near you, see our menus and join us to unwind with friends, create memories and indulge in mouth-watering prime rib and seafood.",CA,London,https://thekeg.com/en/menu?city=London&country=CA&utm_source=mealdeals_scraper,2026-08-07T20:58:07.539587+00:00
The Keg Steakhouse,,,https://thekeg.com/,"The Keg Steakhouse + Bar is the perfect place to connect. Find a location near you, see our menus and join us to unwind with friends, create memories and indulge in mouth-watering prime rib and seafood.",CA,Saskatoon,https://thekeg.com/en/menu?city=Saskatoon&country=CA&utm_source=mealdeals_scraper,2026-08-07T20:58:07.492180+00:00
The Keg Steakhouse,,,https://thekeg.com/,"The Keg Steakhouse + Bar is the perfect place to connect. Find a location near you, see our menus and join us to unwind with friends, create memories and indulge in mouth-watering prime rib and seafood.",CA,Brampton,https://thekeg.com/en/menu?city=Brampton&country=CA&utm_source=mealdeals_scraper,2026-08-07T20:58:07.610521+00:00
The Keg Steakhouse,,,https://thekeg.com/,"The Keg Steakhouse + Bar is the perfect place to connect. Find a location near you, see our menus and join us to unwind with friends, create memories and indulge in mouth-watering prime rib and seafood.",CA,Quebec City,https://thekeg.com/en/menu?city=Quebec+City&country=CA&utm_source=mealdeals_scraper,2026-08-07T20:58:07.398200+00:00
The Keg Steakhouse,,,https://thekeg.com/,"The Keg Steakhouse + Bar is the perfect place to connect. Find a location near you, see our menus and join us to unwind with friends, create memories and indulge in mouth-watering prime rib and seafood.",CA,Vancouver,https://thekeg.com/en/menu?city=Vancouver&country=CA&utm_source=mealdeals_scraper,2026-08-07T20:58:07.257175+00:00
The Keg Steakhouse,,,https://thekeg.com/,"The Keg Steakhouse + Bar is the perfect place to connect. Find a location near you, see our menus and join us to unwind with friends, create memories and indulge in mouth-watering prime rib and seafood.",CA,Montreal,https://thekeg.com/en/menu?city=Montreal&country=CA&utm_source=mealdeals_scraper,2026-08-07T20:58:07.280220+00:00
The Keg Steakhouse,,,https://thekeg.com/,"The Keg Steakhouse + Bar is the perfect place to connect. Find a location near you, see our menus and join us to unwind with friends, create memories and indulge in mouth-watering prime rib and seafood.",CA,Ottawa,https://thekeg.com/en/menu?city=Ottawa&country=CA&utm_source=mealdeals_scraper,2026-08-07T20:58:07.326675+00:00
The Keg Steakhouse,,,https://thekeg.com/,"The Keg Steakhouse + Bar is the perfect place to connect. Find a location near you, see our menus and join us to unwind with friends, create memories and indulge in mouth-watering prime rib and seafood.",CA,Calgary,https://thekeg.com/en/menu?city=Calgary&country=CA&utm_source=mealdeals_scraper,2026-08-07T20:58:07.303677+00:00
The Keg Steakhouse,,,https://thekeg.com/,"The Keg Steakhouse + Bar is the perfect place to connect. Find a location near you, see our menus and join us to unwind with friends, create memories and indulge in mouth-watering prime rib and seafood.",CA,Winnipeg,https://thekeg.com/en/menu?city=Winnipeg&country=CA&utm_source=mealdeals_scraper,2026-08-07T20:58:07.374212+00:00
The Keg Steakhouse,,,https://thekeg.com/,"The Keg Steakhouse + Bar is the perfect place to connect. Find a location near you, see our menus and join us to unwind with friends, create memories and indulge in mouth-watering prime rib and seafood.",CA,Hamilton,https://thekeg.com/en/menu?city=Hamilton&country=CA&utm_source=mealdeals_scraper,2026-08-07T20:58:07.421377+00:00
The Keg Steakhouse,,,https://thekeg.com/,"The Keg Steakhouse + Bar is the perfect place to connect. Find a location near you, see our menus and join us to unwind with friends, create memories and indulge in mouth-watering prime rib and seafood.",CA,Toronto,https://thekeg.com/en/menu?city=Toronto&country=CA&utm_source=mealdeals_scraper,2026-08-07T20:58:07.233766+00:00
The Keg Steakhouse,,,https://thekeg.com/,"The Keg Steakhouse + Bar is the perfect place to connect. Find a location near you, see our menus and join us to unwind with friends, create memories and indulge in mouth-watering prime rib and seafood.",CA,Halifax,https://thekeg.com/en/menu?city=Halifax&country=CA&utm_source=mealdeals_scraper,2026-08-07T20:58:07.445121+00:00
The Keg Steakhouse,,,https://thekeg.com/,"The Keg Steakhouse + Bar is the perfect place to connect. Find a location near you, see our menus and join us to unwind with friends, create memories and indulge in mouth-watering prime rib and seafood.",CA,Victoria,https://thekeg.com/en/menu?city=Victoria&country=CA&utm_source=mealdeals_scraper,2026-08-07T20:58:07.468798+00:00
The Keg Steakhouse,,,https://thekeg.com/,"The Keg Steakhouse + Bar is the perfect place to connect. Find a location near you, see our menus and join us to unwind with friends, create memories and indulge in mouth-watering prime rib and seafood.",CA,Regina,https://thekeg.com/en/menu?city=Regina&country=CA&utm_source=mealdeals_scraper,2026-08-07T20:58:07.516180+00:00
The Keg Steakhouse,,,https://thekeg.com/,"The Keg Steakhouse + Bar is the perfect place to connect. Find a location near you, see our menus and join us to unwind with friends, create memories and indulge in mouth-watering prime rib and seafood.",CA,Kitchener,https://thekeg.com/en/menu?city=Kitchener&country=CA&utm_source=mealdeals_scraper,2026-08-07T20:58:07.563379+00:00
The Keg Steakhouse,,,https://thekeg.com/,"The Keg Steakhouse + Bar is the perfect place to connect. Find a location near you, see our menus and join us to unwind with friends, create memories and indulge in mouth-watering prime rib and seafood.",CA,Mississauga,https://thekeg.com/en/menu?city=Mississauga&country=CA&utm_source=mealdeals_scraper,2026-08-07T20:58:07.586713+00:00
The Keg Steakhouse,,,https://thekeg.com/,"The Keg Steakhouse + Bar is the perfect place to connect. Find a location near you, see our menus and join us to unwind with friends, create memories and indulge in mouth-watering prime rib and seafood.",CA,Surrey,https://thekeg.com/en/menu?city=Surrey&country=CA&utm_source=mealdeals_scraper,2026-08-07T20:58:07.633915+00:00
Tim Hortons,,,https://www.timhortons.ca/,Home of Canada's favourite coffee. Join Tims™ Rewards and start earning rewards today.,CA,Victoria,https://www.timhortons.ca/?city=Victoria&country=CA&utm_source=mealdeals_scraper,2026-08-07T20:58:07.465339+00:00
Tim Hortons,,,https://www.timhortons.ca/,Home of Canada's favourite coffee. Join Tims™ Rewards and start earning rewards today.,CA,Halifax,https://www.timhortons.ca/?city=Halifax&country=CA&utm_source=mealdeals_scraper,2026-08-07T20:58:07.441361+00:00
Tim Hortons,,,https://www.timhortons.ca/,Home of Canada's favourite coffee. Join Tims™ Rewards and start earning rewards today.,CA,Ottawa,https://www.timhortons.ca/?city=Ottawa&country=CA&utm_source=mealdeals_scraper,2026-08-07T20:58:07.322859+00:00
Tim Hortons,,,https://www.timhortons.ca/,Home of Canada's favourite coffee. Join Tims™ Rewards and start earning rewards today.,CA,Vancouver,https://www.timhortons.ca/?city=Vancouver&country=CA&utm_source=mealdeals_scraper,2026-08-07T20:58:07.254050+00:00
Tim Hortons,,,https://www.timhortons.ca/,Home of Canada's favourite coffee. Join Tims™ Rewards and start earning rewards today.,CA,Edmonton,https://www.timhortons.ca/?city=Edmonton&country=CA&utm_source=mealdeals_scraper,2026-08-07T20:58:07.347274+00:00
Tim Hortons,,,https://www.timhortons.ca/,Home of Canada's favourite coffee. Join Tims™ Rewards and start earning rewards today.,CA,Surrey,https://www.timhortons.ca/?city=Surrey&country=CA&utm_source=mealdeals_scraper,2026-08-07T20:58:07.630414+00:00
Tim Hortons,,,https://www.timhortons.ca/,Home of Canada's favourite coffee. Join Tims™ Rewards and start earning rewards today.,CA,Toronto,https://www.timhortons.ca/?city=Toronto&country=CA&utm_source=mealdeals_scraper,2026-08-07T20:58:07.230733+00:00
Tim Hortons,,,https://www.timhortons.ca/,Home of Canada's favourite coffee. Join Tims™ Rewards and start earning rewards today.,CA,Kitchener,https://www.timhortons.ca/?city=Kitchener&country=CA&utm_source=mealdeals_scraper,2026-08-07T20:58:07.559843+00:00
Tim Hortons,,,https://www.timhortons.ca/,Home of Canada's favourite coffee. Join Tims™ Rewards and start earning rewards today.,CA,Brampton,https://www.timhortons.ca/?city=Brampton&country=CA&utm_source=mealdeals_scraper,2026-08-07T20:58:07.606893+00:00
Tim Hortons,,,https://www.timhortons.ca/,Home of Canada's favourite coffee. Join Tims™ Rewards and start earning rewards today.,CA,Saskatoon,https://www.timhortons.ca/?city=Saskatoon&country=CA&utm_source=mealdeals_scraper,2026-08-07T20:58:07.488482+00:00
Tim Hortons,,,https://www.timhortons.ca/,Home of Canada's favourite coffee. Join Tims™ Rewards and start earning rewards today.,CA,Winnipeg,https://www.timhortons.ca/?city=Winnipeg&country=CA&utm_source=mealdeals_scraper,2026-08-07T20:58:07.370880+00:00
Tim Hortons,,,https://www.timhortons.ca/,Home of Canada's favourite coffee. Join Tims™ Rewards and start earning rewards today.,CA,Regina,https://www.timhortons.ca/?city=Regina&country=CA&utm_source=mealdeals_scraper,2026-08-07T20:58:07.512593+00:00
Tim Hortons,,,https://www.timhortons.ca/,Home of Canada's favourite coffee. Join Tims™ Rewards and start earning rewards today.,CA,Mississauga,https://www.timhortons.ca/?city=Mississauga&country=CA&utm_source=mealdeals_scraper,2026-08-07T20:58:07.583070+00:00
Tim Hortons,,,https://www.timhortons.ca/,Home of Canada's favourite coffee. Join Tims™ Rewards and start earning rewards today.,CA,London,https://www.timhortons.ca/?city=London&country=CA&utm_source=mealdeals_scraper,2026-08-07T20:58:07.536013+00:00
Tim Hortons,,,https://www.timhortons.ca/,Home of Canada's favourite coffee. Join Tims™ Rewards and start earning rewards today.,CA,Quebec City,https://www.timhortons.ca/?city=Quebec+City&country=CA&utm_source=mealdeals_scraper,2026-08-07T20:58:07.395151+00:00
Tim Hortons,,,https://www.timhortons.ca/,Home of Canada's favourite coffee. Join Tims™ Rewards and start earning rewards today.,CA,Montreal,https://www.timhortons.ca/?city=Montreal&country=CA&utm_source=mealdeals_scraper,2026-08-07T20:58:07.276968+00:00
Tim Hortons,,,https://www.timhortons.ca/,Home of Canada's favourite coffee. Join Tims™ Rewards and start earning rewards today.,CA,Calgary,https://www.timhortons.ca/?city=Calgary&country=CA&utm_source=mealdeals_scraper,2026-08-07T20:58:07.300467+00:00
Tim Hortons,,,https://www.timhortons.ca/,Home of Canada's favourite coffee. Join Tims™ Rewards and start earning rewards today.,CA,Hamilton,https://www.timhortons.ca/?city=Hamilton&country=CA&utm_source=mealdeals_scraper,2026-08-07T20:58:07.417928+00:00
Accor Hotels,,,https://all.accor.com/,"Discover exclusive hotel offers, bonus Reward Points, unforgettable experiences and member benefits that elevate every journey with ALL Accor.",CH,Geneva,https://all.accor.com/a/en/offers.html?city=Geneva&country=CH&utm_source=mealdeals_scraper,2026-08-07T20:58:10.219416+00:00
Accor Hotels,,,https://all.accor.com/,"Discover exclusive hotel offers, bonus Reward Points, unforgettable experiences and member benefits that elevate every journey with ALL Accor.",CH,Bern,https://all.accor.com/a/en/offers.html?city=Bern&country=CH&utm_source=mealdeals_scraper,2026-08-07T20:58:10.243575+00:00
Accor Hotels,,,https://all.accor.com/,"Discover exclusive hotel offers, bonus Reward Points, unforgettable experiences and member benefits that elevate every journey with ALL Accor.",CH,Zurich,https://all.accor.com/a/en/offers.html?city=Zurich&country=CH&utm_source=mealdeals_scraper,2026-08-07T20:58:10.195790+00:00
Coop Switzerland,,,https://www.coop.ch/,,CH,Geneva,https://www.coop.ch/?city=Geneva&country=CH&utm_source=mealdeals_scraper,2026-08-07T20:58:10.216619+00:00
Coop Switzerland,,,https://www.coop.ch/,,CH,Zurich,https://www.coop.ch/?city=Zurich&country=CH&utm_source=mealdeals_scraper,2026-08-07T20:58:10.192985+00:00
Coop Switzerland,,,https://www.coop.ch/,,CH,Bern,https://www.coop.ch/?city=Bern&country=CH&utm_source=mealdeals_scraper,2026-08-07T20:58:10.240826+00:00
Hard Rock Cafe,+1-800-201-1949,,https://cafe.hardrock.com/,"Welcome to Hard Rock Cafe, our music themed restaurant, serving up Legendary burgers and more.",CH,Zurich,https://www.hardrockcafe.com/?city=Zurich&country=CH&utm_source=mealdeals_scraper,2026-08-07T20:58:10.196192+00:00
Hard Rock Cafe,+1-800-201-1949,,https://cafe.hardrock.com/,"Welcome to Hard Rock Cafe, our music themed restaurant, serving up Legendary burgers and more.",CH,Bern,https://www.hardrockcafe.com/?city=Bern&country=CH&utm_source=mealdeals_scraper,2026-08-07T20:58:10.244009+00:00
Hard Rock Cafe,+1-800-201-1949,,https://cafe.hardrock.com/,"Welcome to Hard Rock Cafe, our music themed restaurant, serving up Legendary burgers and more.",CH,Geneva,https://www.hardrockcafe.com/?city=Geneva&country=CH&utm_source=mealdeals_scraper,2026-08-07T20:58:10.219900+00:00
Hilton Hotels,+1-855-672-1138,,https://www.hilton.com/,"Take advantage of hotel offers, unique promotions, and exclusive online specials directly from Hilton Portfolio.",CH,Geneva,https://www.hilton.com/en/offers/?city=Geneva&country=CH&utm_source=mealdeals_scraper,2026-08-07T20:58:10.217705+00:00
Hilton Hotels,+1-855-672-1138,,https://www.hilton.com/,"Take advantage of hotel offers, unique promotions, and exclusive online specials directly from Hilton Portfolio.",CH,Zurich,https://www.hilton.com/en/offers/?city=Zurich&country=CH&utm_source=mealdeals_scraper,2026-08-07T20:58:10.194089+00:00
Hilton Hotels,+1-855-672-1138,,https://www.hilton.com/,"Take advantage of hotel offers, unique promotions, and exclusive online specials directly from Hilton Portfolio.",CH,Bern,https://www.hilton.com/en/offers/?city=Bern&country=CH&utm_source=mealdeals_scraper,2026-08-07T20:58:10.241862+00:00
Ibis Hotel,,,https://all.accor.com/hotel/ibis/index.en.shtml,,CH,Bern,https://all.accor.com/hotel/ibis/index.en.shtml?city=Bern&country=CH&utm_source=mealdeals_scraper,2026-08-07T20:58:10.242318+00:00
Ibis Hotel,,,https://all.accor.com/hotel/ibis/index.en.shtml,,CH,Zurich,https://all.accor.com/hotel/ibis/index.en.shtml?city=Zurich&country=CH&utm_source=mealdeals_scraper,2026-08-07T20:58:10.194518+00:00
Ibis Hotel,,,https://all.accor.com/hotel/ibis/index.en.shtml,,CH,Geneva,https://all.accor.com/hotel/ibis/index.en.shtml?city=Geneva&country=CH&utm_source=mealdeals_scraper,2026-08-07T20:58:10.218150+00:00
Local Pub & Grill,,,https://www.tripadvisor.com/Restaurants,,CH,Bern,https://www.tripadvisor.com/Restaurants?city=Bern&country=CH&utm_source=mealdeals_scraper,2026-08-07T20:58:10.243177+00:00
Local Pub & Grill,,,https://www.tripadvisor.com/Restaurants,,CH,Geneva,https://www.tripadvisor.com/Restaurants?city=Geneva&country=CH&utm_source=mealdeals_scraper,2026-08-07T20:58:10.219001+00:00
Local Pub & Grill,,,https://www.tripadvisor.com/Restaurants,,CH,Zurich,https://www.tripadvisor.com/Restaurants?city=Zurich&country=CH&utm_source=mealdeals_scraper,2026-08-07T20:58:10.195362+00:00
Marriott Hotels,,,https://www.marriott.com/,Make the most of your next stay with hotel deals and promotional travel discounts from Marriott Bonvoy.,CH,Geneva,https://www.marriott.com/offers.mi?city=Geneva&country=CH&utm_source=mealdeals_scraper,2026-08-07T20:58:10.217201+00:00
Marriott Hotels,,,https://www.marriott.com/,Make the most of your next stay with hotel deals and promotional travel discounts from Marriott Bonvoy.,CH,Zurich,https://www.marriott.com/offers.mi?city=Zurich&country=CH&utm_source=mealdeals_scraper,2026-08-07T20:58:10.193556+00:00
Marriott Hotels,,,https://www.marriott.com/,Make the most of your next stay with hotel deals and promotional travel discounts from Marriott Bonvoy.,CH,Bern,https://www.marriott.com/offers.mi?city=Bern&country=CH&utm_source=mealdeals_scraper,2026-08-07T20:58:10.241355+00:00
Migros,,,https://www.migros.ch/,,CH,Zurich,https://www.migros.ch/?city=Zurich&country=CH&utm_source=mealdeals_scraper,2026-08-07T20:58:10.192349+00:00
Migros,,,https://www.migros.ch/,,CH,Geneva,https://www.migros.ch/?city=Geneva&country=CH&utm_source=mealdeals_scraper,2026-08-07T20:58:10.216007+00:00
Migros,,,https://www.migros.ch/,,CH,Bern,https://www.migros.ch/?city=Bern&country=CH&utm_source=mealdeals_scraper,2026-08-07T20:58:10.240193+00:00
Starbucks Coffee,,,https://www.starbucks.com/,,CH,Geneva,https://www.starbucks.com/menu?city=Geneva&country=CH&utm_source=mealdeals_scraper,2026-08-07T20:58:10.218561+00:00
Starbucks Coffee,,,https://www.starbucks.com/,,CH,Zurich,https://www.starbucks.com/menu?city=Zurich&country=CH&utm_source=mealdeals_scraper,2026-08-07T20:58:10.194954+00:00
Starbucks Coffee,,,https://www.starbucks.com/,,CH,Bern,https://www.starbucks.com/menu?city=Bern&country=CH&utm_source=mealdeals_scraper,2026-08-07T20:58:10.242757+00:00
Casas del Bosque Winery,+56 22 4806901,info_cdb@casasdelbosque.cl,https://casasdelbosque.cl/es/,"Viña Casas del bosque - Viñedo ondulante de 235 hectáreas, famoso por sus vinos de clima frío, con restaurantes refinados y casas adosadas.",CL,Santiago,https://www.casasdelbosque.cl/?city=Concepcion&country=CL&utm_source=mealdeals_scraper,2026-08-07T20:58:10.339391+00:00
Chili's Restaurant,,,https://www.chilis.com/,"Order online from Chili's Grill & Bar for pickup or delivery. Enjoy fresh burgers, fajitas, ribs, and famous margaritas. Find a location near you today!",CL,Valparaiso,https://www.chilis.com/menu?city=Valparaiso&country=CL&utm_source=mealdeals_scraper,2026-08-07T20:58:10.306000+00:00
Chili's Restaurant,,,https://www.chilis.com/,"Order online from Chili's Grill & Bar for pickup or delivery. Enjoy fresh burgers, fajitas, ribs, and famous margaritas. Find a location near you today!",CL,Santiago,https://www.chilis.com/menu?city=Santiago&country=CL&utm_source=mealdeals_scraper,2026-08-07T20:58:10.274394+00:00
Chili's Restaurant,,,https://www.chilis.com/,"Order online from Chili's Grill & Bar for pickup or delivery. Enjoy fresh burgers, fajitas, ribs, and famous margaritas. Find a location near you today!",CL,Concepcion,https://www.chilis.com/menu?city=Concepcion&country=CL&utm_source=mealdeals_scraper,2026-08-07T20:58:10.338175+00:00
Concha y Toro Winery,,,https://www.conchaytoro.com/,"La visión enológica de Concha y Toro: tradición, innovación y sustentabilidad. Nuestro equipo enológico combina experiencia, pasión y compromiso para crear vinos que reflejan la excelencia de nuestro legado y nuestro compromiso constante por innovar de manera responsable. El…",CL,Concepcion,https://www.conchaytoro.com/?city=Concepcion&country=CL&utm_source=mealdeals_scraper,2026-08-07T20:58:10.338579+00:00
Concha y Toro Winery,,,https://www.conchaytoro.com/,"La visión enológica de Concha y Toro: tradición, innovación y sustentabilidad. Nuestro equipo enológico combina experiencia, pasión y compromiso para crear vinos que reflejan la excelencia de nuestro legado y nuestro compromiso constante por innovar de manera responsable. El…",CL,Valparaiso,https://www.conchaytoro.com/?city=Valparaiso&country=CL&utm_source=mealdeals_scraper,2026-08-07T20:58:10.306432+00:00
Concha y Toro Winery,,,https://www.conchaytoro.com/,"La visión enológica de Concha y Toro: tradición, innovación y sustentabilidad. Nuestro equipo enológico combina experiencia, pasión y compromiso para crear vinos que reflejan la excelencia de nuestro legado y nuestro compromiso constante por innovar de manera responsable. El…",CL,Santiago,https://www.conchaytoro.com/?city=Santiago&country=CL&utm_source=mealdeals_scraper,2026-08-07T20:58:10.274848+00:00
Doggis,,,https://www.doggis.cl/,"Acá encontrarás las mejores promos, con ingredientes frescos y de calidad para bajonear con los K! Un completo?",CL,Concepcion,https://www.doggis.cl/?city=Concepcion&country=CL&utm_source=mealdeals_scraper,2026-08-07T20:58:10.334809+00:00
Doggis,,,https://www.doggis.cl/,"Acá encontrarás las mejores promos, con ingredientes frescos y de calidad para bajonear con los K! Un completo?",CL,Valparaiso,https://www.doggis.cl/?city=Valparaiso&country=CL&utm_source=mealdeals_scraper,2026-08-07T20:58:10.302433+00:00
Doggis,,,https://www.doggis.cl/,"Acá encontrarás las mejores promos, con ingredientes frescos y de calidad para bajonear con los K! Un completo?",CL,Santiago,https://www.doggis.cl/?city=Santiago&country=CL&utm_source=mealdeals_scraper,2026-08-07T20:58:10.270793+00:00
Hilton Hotels,+1-855-672-1138,,https://www.hilton.com/,"Take advantage of hotel offers, unique promotions, and exclusive online specials directly from Hilton Portfolio.",CL,Valparaiso,https://www.hilton.com/en/offers/?city=Valparaiso&country=CL&utm_source=mealdeals_scraper,2026-08-07T20:58:10.303595+00:00
Hilton Hotels,+1-855-672-1138,,https://www.hilton.com/,"Take advantage of hotel offers, unique promotions, and exclusive online specials directly from Hilton Portfolio.",CL,Concepcion,https://www.hilton.com/en/offers/?city=Concepcion&country=CL&utm_source=mealdeals_scraper,2026-08-07T20:58:10.335951+00:00
Hilton Hotels,+1-855-672-1138,,https://www.hilton.com/,"Take advantage of hotel offers, unique promotions, and exclusive online specials directly from Hilton Portfolio.",CL,Santiago,https://www.hilton.com/en/offers/?city=Santiago&country=CL&utm_source=mealdeals_scraper,2026-08-07T20:58:10.271989+00:00
Holiday Inn Hotel,,,https://www.ihg.com/holidayinn/hotels/us/en/reservation,,CL,Valparaiso,https://www.ihg.com/holidayinn/hotels/us/en/reservation?city=Valparaiso&country=CL&utm_source=mealdeals_scraper,2026-08-07T20:58:10.305510+00:00
Holiday Inn Hotel,,,https://www.ihg.com/holidayinn/hotels/us/en/reservation,,CL,Santiago,https://www.ihg.com/holidayinn/hotels/us/en/reservation?city=Santiago&country=CL&utm_source=mealdeals_scraper,2026-08-07T20:58:10.273986+00:00
Holiday Inn Hotel,,,https://www.ihg.com/holidayinn/hotels/us/en/reservation,,CL,Concepcion,https://www.ihg.com/holidayinn/hotels/us/en/reservation?city=Concepcion&country=CL&utm_source=mealdeals_scraper,2026-08-07T20:58:10.337737+00:00
Ibis Hotel,,,https://all.accor.com/hotel/ibis/index.en.shtml,,CL,Concepcion,https://all.accor.com/hotel/ibis/index.en.shtml?city=Concepcion&country=CL&utm_source=mealdeals_scraper,2026-08-07T20:58:10.336429+00:00
Ibis Hotel,,,https://all.accor.com/hotel/ibis/index.en.shtml,,CL,Valparaiso,https://all.accor.com/hotel/ibis/index.en.shtml?city=Valparaiso&country=CL&utm_source=mealdeals_scraper,2026-08-07T20:58:10.304155+00:00
Ibis Hotel,,,https://all.accor.com/hotel/ibis/index.en.shtml,,CL,Santiago,https://all.accor.com/hotel/ibis/index.en.shtml?city=Santiago&country=CL&utm_source=mealdeals_scraper,2026-08-07T20:58:10.272573+00:00
Lider,,,https://apps.lider.cl/inicio,"Visita Lider.cl y encuentra lo que necesitas, desde productos de supermercado hasta un amplio catálogo en tecnología, hogar, belleza y más. ¡Ingresa ahora!",CL,Santiago,https://www.lider.cl/?city=Santiago&country=CL&utm_source=mealdeals_scraper,2026-08-07T20:58:10.270129+00:00
Lider,,,https://apps.lider.cl/inicio,"Visita Lider.cl y encuentra lo que necesitas, desde productos de supermercado hasta un amplio catálogo en tecnología, hogar, belleza y más. ¡Ingresa ahora!",CL,Concepcion,https://www.lider.cl/?city=Concepcion&country=CL&utm_source=mealdeals_scraper,2026-08-07T20:58:10.334169+00:00
Lider,,,https://apps.lider.cl/inicio,"Visita Lider.cl y encuentra lo que necesitas, desde productos de supermercado hasta un amplio catálogo en tecnología, hogar, belleza y más. ¡Ingresa ahora!",CL,Valparaiso,https://www.lider.cl/?city=Valparaiso&country=CL&utm_source=mealdeals_scraper,2026-08-07T20:58:10.301792+00:00
Local Pub & Grill,,,https://www.tripadvisor.com/Restaurants,,CL,Valparaiso,https://www.tripadvisor.com/Restaurants?city=Valparaiso&country=CL&utm_source=mealdeals_scraper,2026-08-07T20:58:10.305099+00:00
Local Pub & Grill,,,https://www.tripadvisor.com/Restaurants,,CL,Santiago,https://www.tripadvisor.com/Restaurants?city=Santiago&country=CL&utm_source=mealdeals_scraper,2026-08-07T20:58:10.273543+00:00
Local Pub & Grill,,,https://www.tripadvisor.com/Restaurants,,CL,Concepcion,https://www.tripadvisor.com/Restaurants?city=Concepcion&country=CL&utm_source=mealdeals_scraper,2026-08-07T20:58:10.337303+00:00
Marriott Hotels,,,https://www.marriott.com/,Make the most of your next stay with hotel deals and promotional travel discounts from Marriott Bonvoy.,CL,Santiago,https://www.marriott.com/offers.mi?city=Santiago&country=CL&utm_source=mealdeals_scraper,2026-08-07T20:58:10.271375+00:00
Marriott Hotels,,,https://www.marriott.com/,Make the most of your next stay with hotel deals and promotional travel discounts from Marriott Bonvoy.,CL,Valparaiso,https://www.marriott.com/offers.mi?city=Valparaiso&country=CL&utm_source=mealdeals_scraper,2026-08-07T20:58:10.303011+00:00
Marriott Hotels,,,https://www.marriott.com/,Make the most of your next stay with hotel deals and promotional travel discounts from Marriott Bonvoy.,CL,Concepcion,https://www.marriott.com/offers.mi?city=Concepcion&country=CL&utm_source=mealdeals_scraper,2026-08-07T20:58:10.335386+00:00
Santa Rita Wine Estate,,,https://www.santarita.com/,,CL,Santiago,https://www.santarita.com/?city=Santiago&country=CL&utm_source=mealdeals_scraper,2026-08-07T20:58:10.275274+00:00
Santa Rita Wine Estate,,,https://www.santarita.com/,,CL,Concepcion,https://www.santarita.com/?city=Concepcion&country=CL&utm_source=mealdeals_scraper,2026-08-07T20:58:10.339004+00:00
Santa Rita Wine Estate,,,https://www.santarita.com/,,CL,Valparaiso,https://www.santarita.com/?city=Valparaiso&country=CL&utm_source=mealdeals_scraper,2026-08-07T20:58:10.306920+00:00
Starbucks Coffee,,,https://www.starbucks.com/,,CL,Concepcion,https://www.starbucks.com/menu?city=Concepcion&country=CL&utm_source=mealdeals_scraper,2026-08-07T20:58:10.336881+00:00
Starbucks Coffee,,,https://www.starbucks.com/,,CL,Valparaiso,https://www.starbucks.com/menu?city=Valparaiso&country=CL&utm_source=mealdeals_scraper,2026-08-07T20:58:10.304669+00:00
Starbucks Coffee,,,https://www.starbucks.com/,,CL,Santiago,https://www.starbucks.com/menu?city=Santiago&country=CL&utm_source=mealdeals_scraper,2026-08-07T20:58:10.273111+00:00
Casino Cameroon Supermarket,,,https://www.casino.cm/,"casino.cm is your first and best source for all of the information you’re looking for. From general topics to more of what you would expect to find here, casino.cm has it all. We hope you find what you are searching for!",CM,Yaounde,https://www.casino.cm/?city=Yaounde&country=CM&utm_source=mealdeals_scraper,2026-08-07T20:58:10.383189+00:00
Casino Cameroon Supermarket,,,https://www.casino.cm/,"casino.cm is your first and best source for all of the information you’re looking for. From general topics to more of what you would expect to find here, casino.cm has it all. We hope you find what you are searching for!",CM,Douala,https://www.casino.cm/?city=Douala&country=CM&utm_source=mealdeals_scraper,2026-08-07T20:58:10.359183+00:00
City Lodge Hotel,,,https://www.clhg.com/,"Discover modern comfort at City Lodge Hotels – offering stylish accommodations, prime urban locations, and exceptional service for business and leisure travelers. Book your stay today!",CM,Douala,https://www.clhg.com/?city=Douala&country=CM&utm_source=mealdeals_scraper,2026-08-07T20:58:10.361967+00:00
City Lodge Hotel,,,https://www.clhg.com/,"Discover modern comfort at City Lodge Hotels – offering stylish accommodations, prime urban locations, and exceptional service for business and leisure travelers. Book your stay today!",CM,Yaounde,https://www.clhg.com/?city=Yaounde&country=CM&utm_source=mealdeals_scraper,2026-08-07T20:58:10.386017+00:00
Debonairs Pizza Restaurant,,,https://www.debonairspizza.co.za/,"Discover bold flavours, epic pizzas and unbeatable value at Debonairs Pizza. Order your favourites online now and enjoy fast delivery or easy pickup today.",CM,Douala,https://www.debonairspizza.co.za/?city=Douala&country=CM&utm_source=mealdeals_scraper,2026-08-07T20:58:10.362372+00:00
Debonairs Pizza Restaurant,,,https://www.debonairspizza.co.za/,"Discover bold flavours, epic pizzas and unbeatable value at Debonairs Pizza. Order your favourites online now and enjoy fast delivery or easy pickup today.",CM,Yaounde,https://www.debonairspizza.co.za/?city=Yaounde&country=CM&utm_source=mealdeals_scraper,2026-08-07T20:58:10.386415+00:00
Hilton Hotels,+1-855-672-1138,,https://www.hilton.com/,"Take advantage of hotel offers, unique promotions, and exclusive online specials directly from Hilton Portfolio.",CM,Douala,https://www.hilton.com/en/offers/?city=Douala&country=CM&utm_source=mealdeals_scraper,2026-08-07T20:58:10.360234+00:00
Hilton Hotels,+1-855-672-1138,,https://www.hilton.com/,"Take advantage of hotel offers, unique promotions, and exclusive online specials directly from Hilton Portfolio.",CM,Yaounde,https://www.hilton.com/en/offers/?city=Yaounde&country=CM&utm_source=mealdeals_scraper,2026-08-07T20:58:10.384239+00:00
Ibis Hotel,,,https://all.accor.com/hotel/ibis/index.en.shtml,,CM,Yaounde,https://all.accor.com/hotel/ibis/index.en.shtml?city=Yaounde&country=CM&utm_source=mealdeals_scraper,2026-08-07T20:58:10.384740+00:00
Ibis Hotel,,,https://all.accor.com/hotel/ibis/index.en.shtml,,CM,Douala,https://all.accor.com/hotel/ibis/index.en.shtml?city=Douala&country=CM&utm_source=mealdeals_scraper,2026-08-07T20:58:10.360698+00:00
Local Pub & Grill,,,https://www.tripadvisor.com/Restaurants,,CM,Yaounde,https://www.tripadvisor.com/Restaurants?city=Yaounde&country=CM&utm_source=mealdeals_scraper,2026-08-07T20:58:10.385586+00:00
Local Pub & Grill,,,https://www.tripadvisor.com/Restaurants,,CM,Douala,https://www.tripadvisor.com/Restaurants?city=Douala&country=CM&utm_source=mealdeals_scraper,2026-08-07T20:58:10.361535+00:00
Marriott Hotels,,,https://www.marriott.com/,Make the most of your next stay with hotel deals and promotional travel discounts from Marriott Bonvoy.,CM,Douala,https://www.marriott.com/offers.mi?city=Douala&country=CM&utm_source=mealdeals_scraper,2026-08-07T20:58:10.359753+00:00
Marriott Hotels,,,https://www.marriott.com/,Make the most of your next stay with hotel deals and promotional travel discounts from Marriott Bonvoy.,CM,Yaounde,https://www.marriott.com/offers.mi?city=Yaounde&country=CM&utm_source=mealdeals_scraper,2026-08-07T20:58:10.383770+00:00
Santa Lucia,,,https://www.santalucia.cm/,,CM,Douala,https://www.santalucia.cm/?city=Douala&country=CM&utm_source=mealdeals_scraper,2026-08-07T20:58:10.358543+00:00
Santa Lucia,,,https://www.santalucia.cm/,,CM,Yaounde,https://www.santalucia.cm/?city=Yaounde&country=CM&utm_source=mealdeals_scraper,2026-08-07T20:58:10.382569+00:00
Starbucks Coffee,,,https://www.starbucks.com/,,CM,Yaounde,https://www.starbucks.com/menu?city=Yaounde&country=CM&utm_source=mealdeals_scraper,2026-08-07T20:58:10.385182+00:00
Starbucks Coffee,,,https://www.starbucks.com/,,CM,Douala,https://www.starbucks.com/menu?city=Douala&country=CM&utm_source=mealdeals_scraper,2026-08-07T20:58:10.361128+00:00
Accor Hotels,,,https://all.accor.com/,"Discover exclusive hotel offers, bonus Reward Points, unforgettable experiences and member benefits that elevate every journey with ALL Accor.",CN,Guangzhou,https://all.accor.com/a/en/offers.html?city=Guangzhou&country=CN&utm_source=mealdeals_scraper,2026-08-07T20:58:10.491345+00:00
Accor Hotels,,,https://all.accor.com/,"Discover exclusive hotel offers, bonus Reward Points, unforgettable experiences and member benefits that elevate every journey with ALL Accor.",CN,Shanghai,https://all.accor.com/a/en/offers.html?city=Shanghai&country=CN&utm_source=mealdeals_scraper,2026-08-07T20:58:10.418411+00:00
Accor Hotels,,,https://all.accor.com/,"Discover exclusive hotel offers, bonus Reward Points, unforgettable experiences and member benefits that elevate every journey with ALL Accor.",CN,Shenzhen,https://all.accor.com/a/en/offers.html?city=Shenzhen&country=CN&utm_source=mealdeals_scraper,2026-08-07T20:58:10.524946+00:00
Accor Hotels,,,https://all.accor.com/,"Discover exclusive hotel offers, bonus Reward Points, unforgettable experiences and member benefits that elevate every journey with ALL Accor.",CN,Chengdu,https://all.accor.com/a/en/offers.html?city=Chengdu&country=CN&utm_source=mealdeals_scraper,2026-08-07T20:58:10.556446+00:00
Accor Hotels,,,https://all.accor.com/,"Discover exclusive hotel offers, bonus Reward Points, unforgettable experiences and member benefits that elevate every journey with ALL Accor.",CN,Beijing,https://all.accor.com/a/en/offers.html?city=Beijing&country=CN&utm_source=mealdeals_scraper,2026-08-07T20:58:10.454101+00:00
Hema Fresh,,,https://www.freshhema.com/,盒马是中国首家以数据和技术驱动的新零售平台。通过重构零售产业 “人、货、场”，打造了“盒马鲜生”、“盒马X会员店”、“盒马奥莱”等业态，致力于满足消费者对美好生活的向往，用科技和创新引领万千家庭的“鲜·美·生活”。,CN,Shanghai,https://www.freshhema.com/?city=Shanghai&country=CN&utm_source=mealdeals_scraper,2026-08-07T20:58:10.407794+00:00
Hema Fresh,,,https://www.freshhema.com/,盒马是中国首家以数据和技术驱动的新零售平台。通过重构零售产业 “人、货、场”，打造了“盒马鲜生”、“盒马X会员店”、“盒马奥莱”等业态，致力于满足消费者对美好生活的向往，用科技和创新引领万千家庭的“鲜·美·生活”。,CN,Beijing,https://www.freshhema.com/?city=Beijing&country=CN&utm_source=mealdeals_scraper,2026-08-07T20:58:10.449695+00:00
Hema Fresh,,,https://www.freshhema.com/,盒马是中国首家以数据和技术驱动的新零售平台。通过重构零售产业 “人、货、场”，打造了“盒马鲜生”、“盒马X会员店”、“盒马奥莱”等业态，致力于满足消费者对美好生活的向往，用科技和创新引领万千家庭的“鲜·美·生活”。,CN,Shenzhen,https://www.freshhema.com/?city=Shenzhen&country=CN&utm_source=mealdeals_scraper,2026-08-07T20:58:10.520497+00:00
Hema Fresh,,,https://www.freshhema.com/,盒马是中国首家以数据和技术驱动的新零售平台。通过重构零售产业 “人、货、场”，打造了“盒马鲜生”、“盒马X会员店”、“盒马奥莱”等业态，致力于满足消费者对美好生活的向往，用科技和创新引领万千家庭的“鲜·美·生活”。,CN,Guangzhou,https://www.freshhema.com/?city=Guangzhou&country=CN&utm_source=mealdeals_scraper,2026-08-07T20:58:10.487096+00:00
Hema Fresh,,,https://www.freshhema.com/,盒马是中国首家以数据和技术驱动的新零售平台。通过重构零售产业 “人、货、场”，打造了“盒马鲜生”、“盒马X会员店”、“盒马奥莱”等业态，致力于满足消费者对美好生活的向往，用科技和创新引领万千家庭的“鲜·美·生活”。,CN,Chengdu,https://www.freshhema.com/?city=Chengdu&country=CN&utm_source=mealdeals_scraper,2026-08-07T20:58:10.551237+00:00
Hilton Hotels,+1-855-672-1138,,https://www.hilton.com/,"Take advantage of hotel offers, unique promotions, and exclusive online specials directly from Hilton Portfolio.",CN,Beijing,https://www.hilton.com/en/offers/?city=Beijing&country=CN&utm_source=mealdeals_scraper,2026-08-07T20:58:10.452008+00:00
Hilton Hotels,+1-855-672-1138,,https://www.hilton.com/,"Take advantage of hotel offers, unique promotions, and exclusive online specials directly from Hilton Portfolio.",CN,Shenzhen,https://www.hilton.com/en/offers/?city=Shenzhen&country=CN&utm_source=mealdeals_scraper,2026-08-07T20:58:10.522717+00:00
Hilton Hotels,+1-855-672-1138,,https://www.hilton.com/,"Take advantage of hotel offers, unique promotions, and exclusive online specials directly from Hilton Portfolio.",CN,Guangzhou,https://www.hilton.com/en/offers/?city=Guangzhou&country=CN&utm_source=mealdeals_scraper,2026-08-07T20:58:10.489429+00:00
Hilton Hotels,+1-855-672-1138,,https://www.hilton.com/,"Take advantage of hotel offers, unique promotions, and exclusive online specials directly from Hilton Portfolio.",CN,Chengdu,https://www.hilton.com/en/offers/?city=Chengdu&country=CN&utm_source=mealdeals_scraper,2026-08-07T20:58:10.554187+00:00
Hilton Hotels,+1-855-672-1138,,https://www.hilton.com/,"Take advantage of hotel offers, unique promotions, and exclusive online specials directly from Hilton Portfolio.",CN,Shanghai,https://www.hilton.com/en/offers/?city=Shanghai&country=CN&utm_source=mealdeals_scraper,2026-08-07T20:58:10.413281+00:00
Ibis Hotel,,,https://all.accor.com/hotel/ibis/index.en.shtml,,CN,Chengdu,https://all.accor.com/hotel/ibis/index.en.shtml?city=Chengdu&country=CN&utm_source=mealdeals_scraper,2026-08-07T20:58:10.554762+00:00
Ibis Hotel,,,https://all.accor.com/hotel/ibis/index.en.shtml,,CN,Guangzhou,https://all.accor.com/hotel/ibis/index.en.shtml?city=Guangzhou&country=CN&utm_source=mealdeals_scraper,2026-08-07T20:58:10.489930+00:00
Ibis Hotel,,,https://all.accor.com/hotel/ibis/index.en.shtml,,CN,Beijing,https://all.accor.com/hotel/ibis/index.en.shtml?city=Beijing&country=CN&utm_source=mealdeals_scraper,2026-08-07T20:58:10.452480+00:00
Ibis Hotel,,,https://all.accor.com/hotel/ibis/index.en.shtml,,CN,Shanghai,https://all.accor.com/hotel/ibis/index.en.shtml?city=Shanghai&country=CN&utm_source=mealdeals_scraper,2026-08-07T20:58:10.413946+00:00
Ibis Hotel,,,https://all.accor.com/hotel/ibis/index.en.shtml,,CN,Shenzhen,https://all.accor.com/hotel/ibis/index.en.shtml?city=Shenzhen&country=CN&utm_source=mealdeals_scraper,2026-08-07T20:58:10.523217+00:00
Local Pub & Grill,,,https://www.tripadvisor.com/Restaurants,,CN,Shanghai,https://www.tripadvisor.com/Restaurants?city=Shanghai&country=CN&utm_source=mealdeals_scraper,2026-08-07T20:58:10.417808+00:00
Local Pub & Grill,,,https://www.tripadvisor.com/Restaurants,,CN,Chengdu,https://www.tripadvisor.com/Restaurants?city=Chengdu&country=CN&utm_source=mealdeals_scraper,2026-08-07T20:58:10.555912+00:00
Local Pub & Grill,,,https://www.tripadvisor.com/Restaurants,,CN,Beijing,https://www.tripadvisor.com/Restaurants?city=Beijing&country=CN&utm_source=mealdeals_scraper,2026-08-07T20:58:10.453527+00:00
Local Pub & Grill,,,https://www.tripadvisor.com/Restaurants,,CN,Shenzhen,https://www.tripadvisor.com/Restaurants?city=Shenzhen&country=CN&utm_source=mealdeals_scraper,2026-08-07T20:58:10.524309+00:00
Local Pub & Grill,,,https://www.tripadvisor.com/Restaurants,,CN,Guangzhou,https://www.tripadvisor.com/Restaurants?city=Guangzhou&country=CN&utm_source=mealdeals_scraper,2026-08-07T20:58:10.490872+00:00
Luckin Coffee,,,https://www.luckincoffee.com/,"Enjoy the exquisite flavor of an exceptional blend of premium Arabica coffee beans at Luckin Coffee, crafted by our team of World Barista Champion.",CN,Shanghai,https://www.luckincoffee.com/?city=Shanghai&country=CN&utm_source=mealdeals_scraper,2026-08-07T20:58:10.411936+00:00
Luckin Coffee,,,https://www.luckincoffee.com/,"Enjoy the exquisite flavor of an exceptional blend of premium Arabica coffee beans at Luckin Coffee, crafted by our team of World Barista Champion.",CN,Chengdu,https://www.luckincoffee.com/?city=Chengdu&country=CN&utm_source=mealdeals_scraper,2026-08-07T20:58:10.552805+00:00
Luckin Coffee,,,https://www.luckincoffee.com/,"Enjoy the exquisite flavor of an exceptional blend of premium Arabica coffee beans at Luckin Coffee, crafted by our team of World Barista Champion.",CN,Guangzhou,https://www.luckincoffee.com/?city=Guangzhou&country=CN&utm_source=mealdeals_scraper,2026-08-07T20:58:10.488431+00:00
Luckin Coffee,,,https://www.luckincoffee.com/,"Enjoy the exquisite flavor of an exceptional blend of premium Arabica coffee beans at Luckin Coffee, crafted by our team of World Barista Champion.",CN,Beijing,https://www.luckincoffee.com/?city=Beijing&country=CN&utm_source=mealdeals_scraper,2026-08-07T20:58:10.450799+00:00
Luckin Coffee,,,https://www.luckincoffee.com/,"Enjoy the exquisite flavor of an exceptional blend of premium Arabica coffee beans at Luckin Coffee, crafted by our team of World Barista Champion.",CN,Shenzhen,https://www.luckincoffee.com/?city=Shenzhen&country=CN&utm_source=mealdeals_scraper,2026-08-07T20:58:10.521705+00:00
Marriott Hotels,,,https://www.marriott.com/,Make the most of your next stay with hotel deals and promotional travel discounts from Marriott Bonvoy.,CN,Shenzhen,https://www.marriott.com/offers.mi?city=Shenzhen&country=CN&utm_source=mealdeals_scraper,2026-08-07T20:58:10.522242+00:00
Marriott Hotels,,,https://www.marriott.com/,Make the most of your next stay with hotel deals and promotional travel discounts from Marriott Bonvoy.,CN,Beijing,https://www.marriott.com/offers.mi?city=Beijing&country=CN&utm_source=mealdeals_scraper,2026-08-07T20:58:10.451426+00:00
Marriott Hotels,,,https://www.marriott.com/,Make the most of your next stay with hotel deals and promotional travel discounts from Marriott Bonvoy.,CN,Chengdu,https://www.marriott.com/offers.mi?city=Chengdu&country=CN&utm_source=mealdeals_scraper,2026-08-07T20:58:10.553496+00:00
Marriott Hotels,,,https://www.marriott.com/,Make the most of your next stay with hotel deals and promotional travel discounts from Marriott Bonvoy.,CN,Shanghai,https://www.marriott.com/offers.mi?city=Shanghai&country=CN&utm_source=mealdeals_scraper,2026-08-07T20:58:10.412725+00:00
Marriott Hotels,,,https://www.marriott.com/,Make the most of your next stay with hotel deals and promotional travel discounts from Marriott Bonvoy.,CN,Guangzhou,https://www.marriott.com/offers.mi?city=Guangzhou&country=CN&utm_source=mealdeals_scraper,2026-08-07T20:58:10.488955+00:00
Meituan,,,https://www.meituan.com/,帮大家吃得更好，生活更好。,CN,Shanghai,https://www.meituan.com/?city=Shanghai&country=CN&utm_source=mealdeals_scraper,2026-08-07T20:58:10.410169+00:00
Meituan,,,https://www.meituan.com/,帮大家吃得更好，生活更好。,CN,Shenzhen,https://www.meituan.com/?city=Shenzhen&country=CN&utm_source=mealdeals_scraper,2026-08-07T20:58:10.521155+00:00
Meituan,,,https://www.meituan.com/,帮大家吃得更好，生活更好。,CN,Guangzhou,https://www.meituan.com/?city=Guangzhou&country=CN&utm_source=mealdeals_scraper,2026-08-07T20:58:10.487851+00:00
Meituan,,,https://www.meituan.com/,帮大家吃得更好，生活更好。,CN,Chengdu,https://www.meituan.com/?city=Chengdu&country=CN&utm_source=mealdeals_scraper,2026-08-07T20:58:10.551940+00:00
Meituan,,,https://www.meituan.com/,帮大家吃得更好，生活更好。,CN,Beijing,https://www.meituan.com/?city=Beijing&country=CN&utm_source=mealdeals_scraper,2026-08-07T20:58:10.450315+00:00
Starbucks Coffee,,,https://www.starbucks.com/,,CN,Guangzhou,https://www.starbucks.com/menu?city=Guangzhou&country=CN&utm_source=mealdeals_scraper,2026-08-07T20:58:10.490382+00:00
Starbucks Coffee,,,https://www.starbucks.com/,,CN,Shanghai,https://www.starbucks.com/menu?city=Shanghai&country=CN&utm_source=mealdeals_scraper,2026-08-07T20:58:10.416847+00:00
Starbucks Coffee,,,https://www.starbucks.com/,,CN,Chengdu,https://www.starbucks.com/menu?city=Chengdu&country=CN&utm_source=mealdeals_scraper,2026-08-07T20:58:10.555308+00:00
Starbucks Coffee,,,https://www.starbucks.com/,,CN,Shenzhen,https://www.starbucks.com/menu?city=Shenzhen&country=CN&utm_source=mealdeals_scraper,2026-08-07T20:58:10.523701+00:00
Starbucks Coffee,,,https://www.starbucks.com/,,CN,Beijing,https://www.starbucks.com/menu?city=Beijing&country=CN&utm_source=mealdeals_scraper,2026-08-07T20:58:10.452941+00:00
Toast Box Cafe,+6598280614,,https://www.toastbox.com.sg/,,CN,Guangzhou,https://www.toastbox.com.sg/?city=Guangzhou&country=CN&utm_source=mealdeals_scraper,2026-08-07T20:58:10.491899+00:00
Toast Box Cafe,+6598280614,,https://www.toastbox.com.sg/,,CN,Shenzhen,https://www.toastbox.com.sg/?city=Shenzhen&country=CN&utm_source=mealdeals_scraper,2026-08-07T20:58:10.525521+00:00
Toast Box Cafe,+6598280614,,https://www.toastbox.com.sg/,,CN,Shanghai,https://www.toastbox.com.sg/?city=Shanghai&country=CN&utm_source=mealdeals_scraper,2026-08-07T20:58:10.419109+00:00
Toast Box Cafe,+6598280614,,https://www.toastbox.com.sg/,,CN,Beijing,https://www.toastbox.com.sg/?city=Beijing&country=CN&utm_source=mealdeals_scraper,2026-08-07T20:58:10.454677+00:00
Toast Box Cafe,+6598280614,,https://www.toastbox.com.sg/,,CN,Chengdu,https://www.toastbox.com.sg/?city=Chengdu&country=CN&utm_source=mealdeals_scraper,2026-08-07T20:58:10.557081+00:00
Chili's Restaurant,,,https://www.chilis.com/,"Order online from Chili's Grill & Bar for pickup or delivery. Enjoy fresh burgers, fajitas, ribs, and famous margaritas. Find a location near you today!",CO,Cali,https://www.chilis.com/menu?city=Cali&country=CO&utm_source=mealdeals_scraper,2026-08-07T20:58:10.640395+00:00
Chili's Restaurant,,,https://www.chilis.com/,"Order online from Chili's Grill & Bar for pickup or delivery. Enjoy fresh burgers, fajitas, ribs, and famous margaritas. Find a location near you today!",CO,Medellin,https://www.chilis.com/menu?city=Medellin&country=CO&utm_source=mealdeals_scraper,2026-08-07T20:58:10.612704+00:00
Chili's Restaurant,,,https://www.chilis.com/,"Order online from Chili's Grill & Bar for pickup or delivery. Enjoy fresh burgers, fajitas, ribs, and famous margaritas. Find a location near you today!",CO,Bogota,https://www.chilis.com/menu?city=Bogota&country=CO&utm_source=mealdeals_scraper,2026-08-07T20:58:10.586028+00:00
Chili's Restaurant,,,https://www.chilis.com/,"Order online from Chili's Grill & Bar for pickup or delivery. Enjoy fresh burgers, fajitas, ribs, and famous margaritas. Find a location near you today!",CO,Cartagena,https://www.chilis.com/menu?city=Cartagena&country=CO&utm_source=mealdeals_scraper,2026-08-07T20:58:10.668479+00:00
Exito,,,https://www.exito.com/,"Descubre en exito.com, la tienda online de Colombia, las mejores ofertas en Televisores, Celulares, Colchones y mucho más ¡Compra ahora!",CO,Medellin,https://www.exito.com/?city=Medellin&country=CO&utm_source=mealdeals_scraper,2026-08-07T20:58:10.608356+00:00
Exito,,,https://www.exito.com/,"Descubre en exito.com, la tienda online de Colombia, las mejores ofertas en Televisores, Celulares, Colchones y mucho más ¡Compra ahora!",CO,Cartagena,https://www.exito.com/?city=Cartagena&country=CO&utm_source=mealdeals_scraper,2026-08-07T20:58:10.664524+00:00
Exito,,,https://www.exito.com/,"Descubre en exito.com, la tienda online de Colombia, las mejores ofertas en Televisores, Celulares, Colchones y mucho más ¡Compra ahora!",CO,Cali,https://www.exito.com/?city=Cali&country=CO&utm_source=mealdeals_scraper,2026-08-07T20:58:10.635658+00:00
Exito,,,https://www.exito.com/,"Descubre en exito.com, la tienda online de Colombia, las mejores ofertas en Televisores, Celulares, Colchones y mucho más ¡Compra ahora!",CO,Bogota,https://www.exito.com/?city=Bogota&country=CO&utm_source=mealdeals_scraper,2026-08-07T20:58:10.582304+00:00
Hilton Hotels,+1-855-672-1138,,https://www.hilton.com/,"Take advantage of hotel offers, unique promotions, and exclusive online specials directly from Hilton Portfolio.",CO,Cartagena,https://www.hilton.com/en/offers/?city=Cartagena&country=CO&utm_source=mealdeals_scraper,2026-08-07T20:58:10.666224+00:00
Hilton Hotels,+1-855-672-1138,,https://www.hilton.com/,"Take advantage of hotel offers, unique promotions, and exclusive online specials directly from Hilton Portfolio.",CO,Medellin,https://www.hilton.com/en/offers/?city=Medellin&country=CO&utm_source=mealdeals_scraper,2026-08-07T20:58:10.610277+00:00
Hilton Hotels,+1-855-672-1138,,https://www.hilton.com/,"Take advantage of hotel offers, unique promotions, and exclusive online specials directly from Hilton Portfolio.",CO,Cali,https://www.hilton.com/en/offers/?city=Cali&country=CO&utm_source=mealdeals_scraper,2026-08-07T20:58:10.637615+00:00
Hilton Hotels,+1-855-672-1138,,https://www.hilton.com/,"Take advantage of hotel offers, unique promotions, and exclusive online specials directly from Hilton Portfolio.",CO,Bogota,https://www.hilton.com/en/offers/?city=Bogota&country=CO&utm_source=mealdeals_scraper,2026-08-07T20:58:10.583808+00:00
Holiday Inn Hotel,,,https://www.ihg.com/holidayinn/hotels/us/en/reservation,,CO,Medellin,https://www.ihg.com/holidayinn/hotels/us/en/reservation?city=Medellin&country=CO&utm_source=mealdeals_scraper,2026-08-07T20:58:10.612287+00:00
Holiday Inn Hotel,,,https://www.ihg.com/holidayinn/hotels/us/en/reservation,,CO,Cali,https://www.ihg.com/holidayinn/hotels/us/en/reservation?city=Cali&country=CO&utm_source=mealdeals_scraper,2026-08-07T20:58:10.639848+00:00
Holiday Inn Hotel,,,https://www.ihg.com/holidayinn/hotels/us/en/reservation,,CO,Cartagena,https://www.ihg.com/holidayinn/hotels/us/en/reservation?city=Cartagena&country=CO&utm_source=mealdeals_scraper,2026-08-07T20:58:10.668016+00:00
Holiday Inn Hotel,,,https://www.ihg.com/holidayinn/hotels/us/en/reservation,,CO,Bogota,https://www.ihg.com/holidayinn/hotels/us/en/reservation?city=Bogota&country=CO&utm_source=mealdeals_scraper,2026-08-07T20:58:10.585599+00:00
Ibis Hotel,,,https://all.accor.com/hotel/ibis/index.en.shtml,,CO,Bogota,https://all.accor.com/hotel/ibis/index.en.shtml?city=Bogota&country=CO&utm_source=mealdeals_scraper,2026-08-07T20:58:10.584263+00:00
Ibis Hotel,,,https://all.accor.com/hotel/ibis/index.en.shtml,,CO,Cali,https://all.accor.com/hotel/ibis/index.en.shtml?city=Cali&country=CO&utm_source=mealdeals_scraper,2026-08-07T20:58:10.638214+00:00
Ibis Hotel,,,https://all.accor.com/hotel/ibis/index.en.shtml,,CO,Cartagena,https://all.accor.com/hotel/ibis/index.en.shtml?city=Cartagena&country=CO&utm_source=mealdeals_scraper,2026-08-07T20:58:10.666669+00:00
Ibis Hotel,,,https://all.accor.com/hotel/ibis/index.en.shtml,,CO,Medellin,https://all.accor.com/hotel/ibis/index.en.shtml?city=Medellin&country=CO&utm_source=mealdeals_scraper,2026-08-07T20:58:10.610863+00:00
Local Pub & Grill,,,https://www.tripadvisor.com/Restaurants,,CO,Cartagena,https://www.tripadvisor.com/Restaurants?city=Cartagena&country=CO&utm_source=mealdeals_scraper,2026-08-07T20:58:10.667532+00:00
Local Pub & Grill,,,https://www.tripadvisor.com/Restaurants,,CO,Bogota,https://www.tripadvisor.com/Restaurants?city=Bogota&country=CO&utm_source=mealdeals_scraper,2026-08-07T20:58:10.585195+00:00
Local Pub & Grill,,,https://www.tripadvisor.com/Restaurants,,CO,Cali,https://www.tripadvisor.com/Restaurants?city=Cali&country=CO&utm_source=mealdeals_scraper,2026-08-07T20:58:10.639190+00:00
Local Pub & Grill,,,https://www.tripadvisor.com/Restaurants,,CO,Medellin,https://www.tripadvisor.com/Restaurants?city=Medellin&country=CO&utm_source=mealdeals_scraper,2026-08-07T20:58:10.611801+00:00
Marriott Hotels,,,https://www.marriott.com/,Make the most of your next stay with hotel deals and promotional travel discounts from Marriott Bonvoy.,CO,Cartagena,https://www.marriott.com/offers.mi?city=Cartagena&country=CO&utm_source=mealdeals_scraper,2026-08-07T20:58:10.665748+00:00
Marriott Hotels,,,https://www.marriott.com/,Make the most of your next stay with hotel deals and promotional travel discounts from Marriott Bonvoy.,CO,Medellin,https://www.marriott.com/offers.mi?city=Medellin&country=CO&utm_source=mealdeals_scraper,2026-08-07T20:58:10.609669+00:00
Marriott Hotels,,,https://www.marriott.com/,Make the most of your next stay with hotel deals and promotional travel discounts from Marriott Bonvoy.,CO,Bogota,https://www.marriott.com/offers.mi?city=Bogota&country=CO&utm_source=mealdeals_scraper,2026-08-07T20:58:10.583319+00:00
Marriott Hotels,,,https://www.marriott.com/,Make the most of your next stay with hotel deals and promotional travel discounts from Marriott Bonvoy.,CO,Cali,https://www.marriott.com/offers.mi?city=Cali&country=CO&utm_source=mealdeals_scraper,2026-08-07T20:58:10.636964+00:00
Presto,,,https://www.presto.com.co/,"Cadena de hamburguesas con carne 100% de res, puntos de venta a nivel nacional en Colombia y domicilios en Rappi o Didi.",CO,Medellin,https://www.presto.com.co/?city=Medellin&country=CO&utm_source=mealdeals_scraper,2026-08-07T20:58:10.609051+00:00
Presto,,,https://www.presto.com.co/,"Cadena de hamburguesas con carne 100% de res, puntos de venta a nivel nacional en Colombia y domicilios en Rappi o Didi.",CO,Cartagena,https://www.presto.com.co/?city=Cartagena&country=CO&utm_source=mealdeals_scraper,2026-08-07T20:58:10.665194+00:00
Presto,,,https://www.presto.com.co/,"Cadena de hamburguesas con carne 100% de res, puntos de venta a nivel nacional en Colombia y domicilios en Rappi o Didi.",CO,Bogota,https://www.presto.com.co/?city=Bogota&country=CO&utm_source=mealdeals_scraper,2026-08-07T20:58:10.582861+00:00
Presto,,,https://www.presto.com.co/,"Cadena de hamburguesas con carne 100% de res, puntos de venta a nivel nacional en Colombia y domicilios en Rappi o Didi.",CO,Cali,https://www.presto.com.co/?city=Cali&country=CO&utm_source=mealdeals_scraper,2026-08-07T20:58:10.636338+00:00
Starbucks Coffee,,,https://www.starbucks.com/,,CO,Cali,https://www.starbucks.com/menu?city=Cali&country=CO&utm_source=mealdeals_scraper,2026-08-07T20:58:10.638710+00:00
Starbucks Coffee,,,https://www.starbucks.com/,,CO,Bogota,https://www.starbucks.com/menu?city=Bogota&country=CO&utm_source=mealdeals_scraper,2026-08-07T20:58:10.584711+00:00
Starbucks Coffee,,,https://www.starbucks.com/,,CO,Medellin,https://www.starbucks.com/menu?city=Medellin&country=CO&utm_source=mealdeals_scraper,2026-08-07T20:58:10.611335+00:00
Starbucks Coffee,,,https://www.starbucks.com/,,CO,Cartagena,https://www.starbucks.com/menu?city=Cartagena&country=CO&utm_source=mealdeals_scraper,2026-08-07T20:58:10.667117+00:00
Accor Hotels,,,https://all.accor.com/,"Discover exclusive hotel offers, bonus Reward Points, unforgettable experiences and member benefits that elevate every journey with ALL Accor.",CZ,Brno,https://all.accor.com/a/en/offers.html?city=Brno&country=CZ&utm_source=mealdeals_scraper,2026-08-07T20:58:10.719797+00:00
Accor Hotels,,,https://all.accor.com/,"Discover exclusive hotel offers, bonus Reward Points, unforgettable experiences and member benefits that elevate every journey with ALL Accor.",CZ,Ostrava,https://all.accor.com/a/en/offers.html?city=Ostrava&country=CZ&utm_source=mealdeals_scraper,2026-08-07T20:58:10.744015+00:00
Accor Hotels,,,https://all.accor.com/,"Discover exclusive hotel offers, bonus Reward Points, unforgettable experiences and member benefits that elevate every journey with ALL Accor.",CZ,Prague,https://all.accor.com/a/en/offers.html?city=Prague&country=CZ&utm_source=mealdeals_scraper,2026-08-07T20:58:10.694497+00:00
Albert CZ,,,https://www.albert.cz/,"Albert je místo kde, každý nákup slibuje něco výjimečného. Objevte naši pečlivě vybranou nabídku a oblíbené produkty za neodolatelné ceny.",CZ,Prague,https://www.albert.cz/?city=Prague&country=CZ&utm_source=mealdeals_scraper,2026-08-07T20:58:10.690337+00:00
Albert CZ,,,https://www.albert.cz/,"Albert je místo kde, každý nákup slibuje něco výjimečného. Objevte naši pečlivě vybranou nabídku a oblíbené produkty za neodolatelné ceny.",CZ,Ostrava,https://www.albert.cz/?city=Ostrava&country=CZ&utm_source=mealdeals_scraper,2026-08-07T20:58:10.740544+00:00
Albert CZ,,,https://www.albert.cz/,"Albert je místo kde, každý nákup slibuje něco výjimečného. Objevte naši pečlivě vybranou nabídku a oblíbené produkty za neodolatelné ceny.",CZ,Brno,https://www.albert.cz/?city=Brno&country=CZ&utm_source=mealdeals_scraper,2026-08-07T20:58:10.716528+00:00
Hard Rock Cafe,+1-800-201-1949,,https://cafe.hardrock.com/,"Welcome to Hard Rock Cafe, our music themed restaurant, serving up Legendary burgers and more.",CZ,Ostrava,https://www.hardrockcafe.com/?city=Ostrava&country=CZ&utm_source=mealdeals_scraper,2026-08-07T20:58:10.744425+00:00
Hard Rock Cafe,+1-800-201-1949,,https://cafe.hardrock.com/,"Welcome to Hard Rock Cafe, our music themed restaurant, serving up Legendary burgers and more.",CZ,Prague,https://www.hardrockcafe.com/?city=Prague&country=CZ&utm_source=mealdeals_scraper,2026-08-07T20:58:10.694952+00:00
Hard Rock Cafe,+1-800-201-1949,,https://cafe.hardrock.com/,"Welcome to Hard Rock Cafe, our music themed restaurant, serving up Legendary burgers and more.",CZ,Brno,https://www.hardrockcafe.com/?city=Brno&country=CZ&utm_source=mealdeals_scraper,2026-08-07T20:58:10.720357+00:00
Hilton Hotels,+1-855-672-1138,,https://www.hilton.com/,"Take advantage of hotel offers, unique promotions, and exclusive online specials directly from Hilton Portfolio.",CZ,Ostrava,https://www.hilton.com/en/offers/?city=Ostrava&country=CZ&utm_source=mealdeals_scraper,2026-08-07T20:58:10.742237+00:00
Hilton Hotels,+1-855-672-1138,,https://www.hilton.com/,"Take advantage of hotel offers, unique promotions, and exclusive online specials directly from Hilton Portfolio.",CZ,Brno,https://www.hilton.com/en/offers/?city=Brno&country=CZ&utm_source=mealdeals_scraper,2026-08-07T20:58:10.718085+00:00
Hilton Hotels,+1-855-672-1138,,https://www.hilton.com/,"Take advantage of hotel offers, unique promotions, and exclusive online specials directly from Hilton Portfolio.",CZ,Prague,https://www.hilton.com/en/offers/?city=Prague&country=CZ&utm_source=mealdeals_scraper,2026-08-07T20:58:10.692363+00:00
Ibis Hotel,,,https://all.accor.com/hotel/ibis/index.en.shtml,,CZ,Prague,https://all.accor.com/hotel/ibis/index.en.shtml?city=Prague&country=CZ&utm_source=mealdeals_scraper,2026-08-07T20:58:10.693012+00:00
Ibis Hotel,,,https://all.accor.com/hotel/ibis/index.en.shtml,,CZ,Ostrava,https://all.accor.com/hotel/ibis/index.en.shtml?city=Ostrava&country=CZ&utm_source=mealdeals_scraper,2026-08-07T20:58:10.742684+00:00
Ibis Hotel,,,https://all.accor.com/hotel/ibis/index.en.shtml,,CZ,Brno,https://all.accor.com/hotel/ibis/index.en.shtml?city=Brno&country=CZ&utm_source=mealdeals_scraper,2026-08-07T20:58:10.718514+00:00
Lidl Czechia,,,https://www.lidl.cz,Objevte naši širokou nabídku výrobků a výhodné týdenní akce ► Na eshopu i ve Vaší prodejně,CZ,Brno,https://www.lidl.cz/?city=Brno&country=CZ&utm_source=mealdeals_scraper,2026-08-07T20:58:10.717136+00:00
Lidl Czechia,,,https://www.lidl.cz,Objevte naši širokou nabídku výrobků a výhodné týdenní akce ► Na eshopu i ve Vaší prodejně,CZ,Ostrava,https://www.lidl.cz/?city=Ostrava&country=CZ&utm_source=mealdeals_scraper,2026-08-07T20:58:10.741266+00:00
Lidl Czechia,,,https://www.lidl.cz,Objevte naši širokou nabídku výrobků a výhodné týdenní akce ► Na eshopu i ve Vaší prodejně,CZ,Prague,https://www.lidl.cz/?city=Prague&country=CZ&utm_source=mealdeals_scraper,2026-08-07T20:58:10.691094+00:00
Local Pub & Grill,,,https://www.tripadvisor.com/Restaurants,,CZ,Ostrava,https://www.tripadvisor.com/Restaurants?city=Ostrava&country=CZ&utm_source=mealdeals_scraper,2026-08-07T20:58:10.743573+00:00
Local Pub & Grill,,,https://www.tripadvisor.com/Restaurants,,CZ,Brno,https://www.tripadvisor.com/Restaurants?city=Brno&country=CZ&utm_source=mealdeals_scraper,2026-08-07T20:58:10.719384+00:00
Local Pub & Grill,,,https://www.tripadvisor.com/Restaurants,,CZ,Prague,https://www.tripadvisor.com/Restaurants?city=Prague&country=CZ&utm_source=mealdeals_scraper,2026-08-07T20:58:10.694055+00:00
Marriott Hotels,,,https://www.marriott.com/,Make the most of your next stay with hotel deals and promotional travel discounts from Marriott Bonvoy.,CZ,Prague,https://www.marriott.com/offers.mi?city=Prague&country=CZ&utm_source=mealdeals_scraper,2026-08-07T20:58:10.691772+00:00
Marriott Hotels,,,https://www.marriott.com/,Make the most of your next stay with hotel deals and promotional travel discounts from Marriott Bonvoy.,CZ,Brno,https://www.marriott.com/offers.mi?city=Brno&country=CZ&utm_source=mealdeals_scraper,2026-08-07T20:58:10.717609+00:00
Marriott Hotels,,,https://www.marriott.com/,Make the most of your next stay with hotel deals and promotional travel discounts from Marriott Bonvoy.,CZ,Ostrava,https://www.marriott.com/offers.mi?city=Ostrava&country=CZ&utm_source=mealdeals_scraper,2026-08-07T20:58:10.741780+00:00
Starbucks Coffee,,,https://www.starbucks.com/,,CZ,Brno,https://www.starbucks.com/menu?city=Brno&country=CZ&utm_source=mealdeals_scraper,2026-08-07T20:58:10.718960+00:00
Starbucks Coffee,,,https://www.starbucks.com/,,CZ,Ostrava,https://www.starbucks.com/menu?city=Ostrava&country=CZ&utm_source=mealdeals_scraper,2026-08-07T20:58:10.743111+00:00
Starbucks Coffee,,,https://www.starbucks.com/,,CZ,Prague,https://www.starbucks.com/menu?city=Prague&country=CZ&utm_source=mealdeals_scraper,2026-08-07T20:58:10.693543+00:00
Accor Hotels,,,https://all.accor.com/,"Discover exclusive hotel offers, bonus Reward Points, unforgettable experiences and member benefits that elevate every journey with ALL Accor.",DE,Munich,https://all.accor.com/a/en/offers.html?city=Munich&country=DE&utm_source=mealdeals_scraper,2026-08-07T20:58:10.803172+00:00
Accor Hotels,,,https://all.accor.com/,"Discover exclusive hotel offers, bonus Reward Points, unforgettable experiences and member benefits that elevate every journey with ALL Accor.",DE,Berlin,https://all.accor.com/a/en/offers.html?city=Berlin&country=DE&utm_source=mealdeals_scraper,2026-08-07T20:58:10.772595+00:00
Accor Hotels,,,https://all.accor.com/,"Discover exclusive hotel offers, bonus Reward Points, unforgettable experiences and member benefits that elevate every journey with ALL Accor.",DE,Hamburg,https://all.accor.com/a/en/offers.html?city=Hamburg&country=DE&utm_source=mealdeals_scraper,2026-08-07T20:58:10.832921+00:00
Accor Hotels,,,https://all.accor.com/,"Discover exclusive hotel offers, bonus Reward Points, unforgettable experiences and member benefits that elevate every journey with ALL Accor.",DE,Cologne,https://all.accor.com/a/en/offers.html?city=Cologne&country=DE&utm_source=mealdeals_scraper,2026-08-07T20:58:10.862096+00:00
Accor Hotels,,,https://all.accor.com/,"Discover exclusive hotel offers, bonus Reward Points, unforgettable experiences and member benefits that elevate every journey with ALL Accor.",DE,Frankfurt,https://all.accor.com/a/en/offers.html?city=Frankfurt&country=DE&utm_source=mealdeals_scraper,2026-08-07T20:58:10.897845+00:00
Augustiner Keller Pub,,,https://www.augustiner-keller.de/,,DE,Berlin,https://www.augustiner-keller.de/?city=Berlin&country=DE&utm_source=mealdeals_scraper,2026-08-07T20:58:10.773151+00:00
Augustiner Keller Pub,,,https://www.augustiner-keller.de/,,DE,Hamburg,https://www.augustiner-keller.de/?city=Hamburg&country=DE&utm_source=mealdeals_scraper,2026-08-07T20:58:10.833332+00:00
Augustiner Keller Pub,,,https://www.augustiner-keller.de/,,DE,Munich,https://www.augustiner-keller.de/?city=Munich&country=DE&utm_source=mealdeals_scraper,2026-08-07T20:58:10.803624+00:00
Augustiner Keller Pub,,,https://www.augustiner-keller.de/,,DE,Frankfurt,https://www.augustiner-keller.de/?city=Frankfurt&country=DE&utm_source=mealdeals_scraper,2026-08-07T20:58:10.898332+00:00
Augustiner Keller Pub,,,https://www.augustiner-keller.de/,,DE,Cologne,https://www.augustiner-keller.de/?city=Cologne&country=DE&utm_source=mealdeals_scraper,2026-08-07T20:58:10.862563+00:00
Dr. Loosen Weingut,+4965313426,info@drloosen.de,https://drloosen.de,"Traditionsweingut seit über 200 Jahren: Dr. Loosen steht für herausragende Weine aus den berühmten Steillagen der Mittelmosel. Herkunft, Handwerk, Qualität. Jetzt online bestellen!",DE,Berlin,https://www.drloosen.com/?city=Frankfurt&country=DE&utm_source=mealdeals_scraper,2026-08-07T20:58:10.899758+00:00
Lidl Germany,,,https://www.lidl.de,Entdecke unsere große Produktvielfalt mit unschlagbaren Preisen ► Wöchentliche Schnäppchen-Aktionen ✓ Online und auch lokal vor Ort,DE,Berlin,https://www.lidl.de/?city=Berlin&country=DE&utm_source=mealdeals_scraper,2026-08-07T20:58:10.770892+00:00
Lidl Germany,,,https://www.lidl.de,Entdecke unsere große Produktvielfalt mit unschlagbaren Preisen ► Wöchentliche Schnäppchen-Aktionen ✓ Online und auch lokal vor Ort,DE,Frankfurt,https://www.lidl.de/?city=Frankfurt&country=DE&utm_source=mealdeals_scraper,2026-08-07T20:58:10.896055+00:00
Lidl Germany,,,https://www.lidl.de,Entdecke unsere große Produktvielfalt mit unschlagbaren Preisen ► Wöchentliche Schnäppchen-Aktionen ✓ Online und auch lokal vor Ort,DE,Munich,https://www.lidl.de/?city=Munich&country=DE&utm_source=mealdeals_scraper,2026-08-07T20:58:10.801472+00:00
Lidl Germany,,,https://www.lidl.de,Entdecke unsere große Produktvielfalt mit unschlagbaren Preisen ► Wöchentliche Schnäppchen-Aktionen ✓ Online und auch lokal vor Ort,DE,Hamburg,https://www.lidl.de/?city=Hamburg&country=DE&utm_source=mealdeals_scraper,2026-08-07T20:58:10.831554+00:00
Lidl Germany,,,https://www.lidl.de,Entdecke unsere große Produktvielfalt mit unschlagbaren Preisen ► Wöchentliche Schnäppchen-Aktionen ✓ Online und auch lokal vor Ort,DE,Cologne,https://www.lidl.de/?city=Cologne&country=DE&utm_source=mealdeals_scraper,2026-08-07T20:58:10.860282+00:00
Motel One Hotel,,,https://www.motel-one.com/en/offers/,,DE,Munich,https://www.motel-one.com/en/offers/?city=Munich&country=DE&utm_source=mealdeals_scraper,2026-08-07T20:58:10.802601+00:00
Motel One Hotel,,,https://www.motel-one.com/en/offers/,,DE,Berlin,https://www.motel-one.com/en/offers/?city=Berlin&country=DE&utm_source=mealdeals_scraper,2026-08-07T20:58:10.772113+00:00
Motel One Hotel,,,https://www.motel-one.com/en/offers/,,DE,Hamburg,https://www.motel-one.com/en/offers/?city=Hamburg&country=DE&utm_source=mealdeals_scraper,2026-08-07T20:58:10.832484+00:00
Motel One Hotel,,,https://www.motel-one.com/en/offers/,,DE,Cologne,https://www.motel-one.com/en/offers/?city=Cologne&country=DE&utm_source=mealdeals_scraper,2026-08-07T20:58:10.861514+00:00
Motel One Hotel,,,https://www.motel-one.com/en/offers/,,DE,Frankfurt,https://www.motel-one.com/en/offers/?city=Frankfurt&country=DE&utm_source=mealdeals_scraper,2026-08-07T20:58:10.897237+00:00
Nordsee,,,https://www.nordsee.com/,"Tauche ein in die Fisch-Genusswelt von NORDSEE und entdecke köstliche Produkte, tolle Coupons & Angebote sowie nützliche Tipps & Tricks rund um Fisch.",DE,Hamburg,https://www.nordsee.com/?city=Hamburg&country=DE&utm_source=mealdeals_scraper,2026-08-07T20:58:10.832048+00:00
Nordsee,,,https://www.nordsee.com/,"Tauche ein in die Fisch-Genusswelt von NORDSEE und entdecke köstliche Produkte, tolle Coupons & Angebote sowie nützliche Tipps & Tricks rund um Fisch.",DE,Berlin,https://www.nordsee.com/?city=Berlin&country=DE&utm_source=mealdeals_scraper,2026-08-07T20:58:10.771524+00:00
Nordsee,,,https://www.nordsee.com/,"Tauche ein in die Fisch-Genusswelt von NORDSEE und entdecke köstliche Produkte, tolle Coupons & Angebote sowie nützliche Tipps & Tricks rund um Fisch.",DE,Cologne,https://www.nordsee.com/?city=Cologne&country=DE&utm_source=mealdeals_scraper,2026-08-07T20:58:10.860888+00:00
Nordsee,,,https://www.nordsee.com/,"Tauche ein in die Fisch-Genusswelt von NORDSEE und entdecke köstliche Produkte, tolle Coupons & Angebote sowie nützliche Tipps & Tricks rund um Fisch.",DE,Munich,https://www.nordsee.com/?city=Munich&country=DE&utm_source=mealdeals_scraper,2026-08-07T20:58:10.802043+00:00
Nordsee,,,https://www.nordsee.com/,"Tauche ein in die Fisch-Genusswelt von NORDSEE und entdecke köstliche Produkte, tolle Coupons & Angebote sowie nützliche Tipps & Tricks rund um Fisch.",DE,Frankfurt,https://www.nordsee.com/?city=Frankfurt&country=DE&utm_source=mealdeals_scraper,2026-08-07T20:58:10.896650+00:00
Reichsgraf von Kesselstatt Weingut,,,https://www.kesselstatt.com/,,DE,Frankfurt,https://www.kesselstatt.com/?city=Frankfurt&country=DE&utm_source=mealdeals_scraper,2026-08-07T20:58:10.900678+00:00
Reichsgraf von Kesselstatt Weingut,,,https://www.kesselstatt.com/,,DE,Hamburg,https://www.kesselstatt.com/?city=Hamburg&country=DE&utm_source=mealdeals_scraper,2026-08-07T20:58:10.835334+00:00
Reichsgraf von Kesselstatt Weingut,,,https://www.kesselstatt.com/,,DE,Munich,https://www.kesselstatt.com/?city=Munich&country=DE&utm_source=mealdeals_scraper,2026-08-07T20:58:10.805629+00:00
Reichsgraf von Kesselstatt Weingut,,,https://www.kesselstatt.com/,,DE,Berlin,https://www.kesselstatt.com/?city=Berlin&country=DE&utm_source=mealdeals_scraper,2026-08-07T20:58:10.775845+00:00
Reichsgraf von Kesselstatt Weingut,,,https://www.kesselstatt.com/,,DE,Cologne,https://www.kesselstatt.com/?city=Cologne&country=DE&utm_source=mealdeals_scraper,2026-08-07T20:58:10.864617+00:00
Rewe,,,https://www.rewe.de/,,DE,Hamburg,https://www.rewe.de/?city=Hamburg&country=DE&utm_source=mealdeals_scraper,2026-08-07T20:58:10.831022+00:00
Rewe,,,https://www.rewe.de/,,DE,Berlin,https://www.rewe.de/?city=Berlin&country=DE&utm_source=mealdeals_scraper,2026-08-07T20:58:10.770217+00:00
Rewe,,,https://www.rewe.de/,,DE,Munich,https://www.rewe.de/?city=Munich&country=DE&utm_source=mealdeals_scraper,2026-08-07T20:58:10.800854+00:00
Rewe,,,https://www.rewe.de/,,DE,Frankfurt,https://www.rewe.de/?city=Frankfurt&country=DE&utm_source=mealdeals_scraper,2026-08-07T20:58:10.895380+00:00
Rewe,,,https://www.rewe.de/,,DE,Cologne,https://www.rewe.de/?city=Cologne&country=DE&utm_source=mealdeals_scraper,2026-08-07T20:58:10.859636+00:00
Schloss Johannisberg Wine Estate,0672270090,info@schloss-johannisberg.de,https://schloss-johannisberg.de/wp,Schloss Johannisberg,DE,Berlin,https://www.schloss-johannisberg.de/?city=Frankfurt&country=DE&utm_source=mealdeals_scraper,2026-08-07T20:58:10.900176+00:00
Starbucks Coffee,,,https://www.starbucks.de/,,DE,Frankfurt,https://www.starbucks.de/?city=Frankfurt&country=DE&utm_source=mealdeals_scraper,2026-08-07T20:58:10.898786+00:00
Starbucks Coffee,,,https://www.starbucks.de/,,DE,Cologne,https://www.starbucks.de/?city=Cologne&country=DE&utm_source=mealdeals_scraper,2026-08-07T20:58:10.863046+00:00
Starbucks Coffee,,,https://www.starbucks.de/,,DE,Berlin,https://www.starbucks.de/?city=Berlin&country=DE&utm_source=mealdeals_scraper,2026-08-07T20:58:10.773782+00:00
Starbucks Coffee,,,https://www.starbucks.de/,,DE,Munich,https://www.starbucks.de/?city=Munich&country=DE&utm_source=mealdeals_scraper,2026-08-07T20:58:10.804057+00:00
Starbucks Coffee,,,https://www.starbucks.de/,,DE,Hamburg,https://www.starbucks.de/?city=Hamburg&country=DE&utm_source=mealdeals_scraper,2026-08-07T20:58:10.833769+00:00
Vapiano Restaurant,,hello@vapiano.eu,https://vapiano.com/,"The Home of Handmade Fresh Pasta. Popular hang-out - specialising in fresh pasta, pizza, and salads in a beautiful, laid back restaurant.",DE,Berlin,https://vapiano.com/?city=Frankfurt&country=DE&utm_source=mealdeals_scraper,2026-08-07T20:58:10.899282+00:00
Accor Hotels,,,https://all.accor.com/,"Discover exclusive hotel offers, bonus Reward Points, unforgettable experiences and member benefits that elevate every journey with ALL Accor.",DK,Aarhus,https://all.accor.com/a/en/offers.html?city=Aarhus&country=DK&utm_source=mealdeals_scraper,2026-08-07T20:58:10.953429+00:00
Accor Hotels,,,https://all.accor.com/,"Discover exclusive hotel offers, bonus Reward Points, unforgettable experiences and member benefits that elevate every journey with ALL Accor.",DK,Copenhagen,https://all.accor.com/a/en/offers.html?city=Copenhagen&country=DK&utm_source=mealdeals_scraper,2026-08-07T20:58:10.928500+00:00
Accor Hotels,,,https://all.accor.com/,"Discover exclusive hotel offers, bonus Reward Points, unforgettable experiences and member benefits that elevate every journey with ALL Accor.",DK,Odense,https://all.accor.com/a/en/offers.html?city=Odense&country=DK&utm_source=mealdeals_scraper,2026-08-07T20:58:10.981095+00:00
Hard Rock Cafe,+1-800-201-1949,,https://cafe.hardrock.com/,"Welcome to Hard Rock Cafe, our music themed restaurant, serving up Legendary burgers and more.",DK,Odense,https://www.hardrockcafe.com/?city=Odense&country=DK&utm_source=mealdeals_scraper,2026-08-07T20:58:10.981529+00:00
Hard Rock Cafe,+1-800-201-1949,,https://cafe.hardrock.com/,"Welcome to Hard Rock Cafe, our music themed restaurant, serving up Legendary burgers and more.",DK,Aarhus,https://www.hardrockcafe.com/?city=Aarhus&country=DK&utm_source=mealdeals_scraper,2026-08-07T20:58:10.953895+00:00
Hard Rock Cafe,+1-800-201-1949,,https://cafe.hardrock.com/,"Welcome to Hard Rock Cafe, our music themed restaurant, serving up Legendary burgers and more.",DK,Copenhagen,https://www.hardrockcafe.com/?city=Copenhagen&country=DK&utm_source=mealdeals_scraper,2026-08-07T20:58:10.928926+00:00
Hilton Hotels,+1-855-672-1138,,https://www.hilton.com/,"Take advantage of hotel offers, unique promotions, and exclusive online specials directly from Hilton Portfolio.",DK,Copenhagen,https://www.hilton.com/en/offers/?city=Copenhagen&country=DK&utm_source=mealdeals_scraper,2026-08-07T20:58:10.926833+00:00
Hilton Hotels,+1-855-672-1138,,https://www.hilton.com/,"Take advantage of hotel offers, unique promotions, and exclusive online specials directly from Hilton Portfolio.",DK,Odense,https://www.hilton.com/en/offers/?city=Odense&country=DK&utm_source=mealdeals_scraper,2026-08-07T20:58:10.978809+00:00
Hilton Hotels,+1-855-672-1138,,https://www.hilton.com/,"Take advantage of hotel offers, unique promotions, and exclusive online specials directly from Hilton Portfolio.",DK,Aarhus,https://www.hilton.com/en/offers/?city=Aarhus&country=DK&utm_source=mealdeals_scraper,2026-08-07T20:58:10.951241+00:00
Ibis Hotel,,,https://all.accor.com/hotel/ibis/index.en.shtml,,DK,Copenhagen,https://all.accor.com/hotel/ibis/index.en.shtml?city=Copenhagen&country=DK&utm_source=mealdeals_scraper,2026-08-07T20:58:10.927266+00:00
Ibis Hotel,,,https://all.accor.com/hotel/ibis/index.en.shtml,,DK,Aarhus,https://all.accor.com/hotel/ibis/index.en.shtml?city=Aarhus&country=DK&utm_source=mealdeals_scraper,2026-08-07T20:58:10.951829+00:00
Ibis Hotel,,,https://all.accor.com/hotel/ibis/index.en.shtml,,DK,Odense,https://all.accor.com/hotel/ibis/index.en.shtml?city=Odense&country=DK&utm_source=mealdeals_scraper,2026-08-07T20:58:10.979333+00:00
Local Pub & Grill,,,https://www.tripadvisor.com/Restaurants,,DK,Odense,https://www.tripadvisor.com/Restaurants?city=Odense&country=DK&utm_source=mealdeals_scraper,2026-08-07T20:58:10.980603+00:00
Local Pub & Grill,,,https://www.tripadvisor.com/Restaurants,,DK,Copenhagen,https://www.tripadvisor.com/Restaurants?city=Copenhagen&country=DK&utm_source=mealdeals_scraper,2026-08-07T20:58:10.928105+00:00
Local Pub & Grill,,,https://www.tripadvisor.com/Restaurants,,DK,Aarhus,https://www.tripadvisor.com/Restaurants?city=Aarhus&country=DK&utm_source=mealdeals_scraper,2026-08-07T20:58:10.952912+00:00
Marriott Hotels,,,https://www.marriott.com/,Make the most of your next stay with hotel deals and promotional travel discounts from Marriott Bonvoy.,DK,Odense,https://www.marriott.com/offers.mi?city=Odense&country=DK&utm_source=mealdeals_scraper,2026-08-07T20:58:10.978274+00:00
Marriott Hotels,,,https://www.marriott.com/,Make the most of your next stay with hotel deals and promotional travel discounts from Marriott Bonvoy.,DK,Copenhagen,https://www.marriott.com/offers.mi?city=Copenhagen&country=DK&utm_source=mealdeals_scraper,2026-08-07T20:58:10.926363+00:00
Marriott Hotels,,,https://www.marriott.com/,Make the most of your next stay with hotel deals and promotional travel discounts from Marriott Bonvoy.,DK,Aarhus,https://www.marriott.com/offers.mi?city=Aarhus&country=DK&utm_source=mealdeals_scraper,2026-08-07T20:58:10.950674+00:00
Netto,,kundeservice@netto.dk,https://www.netto.dk/,"Find den nærmeste Netto butik, åbningstider og tilbudsavis. Se hvordan du gør karriere i Netto. Søg inspiration i vores opskrifter og artikler, som du kan hygge dig med en helt almindelig mandag.",DK,Copenhagen,https://www.netto.dk/?city=Odense&country=DK&utm_source=mealdeals_scraper,2026-08-07T20:58:10.977086+00:00
Rema 1000,,,https://www.rema1000.dk/,,DK,Odense,https://www.rema1000.dk/?city=Odense&country=DK&utm_source=mealdeals_scraper,2026-08-07T20:58:10.977642+00:00
Rema 1000,,,https://www.rema1000.dk/,,DK,Aarhus,https://www.rema1000.dk/?city=Aarhus&country=DK&utm_source=mealdeals_scraper,2026-08-07T20:58:10.950093+00:00
Rema 1000,,,https://www.rema1000.dk/,,DK,Copenhagen,https://www.rema1000.dk/?city=Copenhagen&country=DK&utm_source=mealdeals_scraper,2026-08-07T20:58:10.925899+00:00
Starbucks Coffee,,,https://www.starbucks.com/,,DK,Aarhus,https://www.starbucks.com/menu?city=Aarhus&country=DK&utm_source=mealdeals_scraper,2026-08-07T20:58:10.952368+00:00
Starbucks Coffee,,,https://www.starbucks.com/,,DK,Copenhagen,https://www.starbucks.com/menu?city=Copenhagen&country=DK&utm_source=mealdeals_scraper,2026-08-07T20:58:10.927679+00:00
Starbucks Coffee,,,https://www.starbucks.com/,,DK,Odense,https://www.starbucks.com/menu?city=Odense&country=DK&utm_source=mealdeals_scraper,2026-08-07T20:58:10.979974+00:00
Carrefour Egypt,,,https://www.carrefouregypt.com/,,EG,Giza,https://www.carrefouregypt.com/?city=Giza&country=EG&utm_source=mealdeals_scraper,2026-08-07T20:58:11.051271+00:00
Carrefour Egypt,,,https://www.carrefouregypt.com/,,EG,Alexandria,https://www.carrefouregypt.com/?city=Alexandria&country=EG&utm_source=mealdeals_scraper,2026-08-07T20:58:11.027429+00:00
Carrefour Egypt,,,https://www.carrefouregypt.com/,,EG,Cairo,https://www.carrefouregypt.com/?city=Cairo&country=EG&utm_source=mealdeals_scraper,2026-08-07T20:58:11.002420+00:00
City Lodge Hotel,,,https://www.clhg.com/,"Discover modern comfort at City Lodge Hotels – offering stylish accommodations, prime urban locations, and exceptional service for business and leisure travelers. Book your stay today!",EG,Cairo,https://www.clhg.com/?city=Cairo&country=EG&utm_source=mealdeals_scraper,2026-08-07T20:58:11.005851+00:00
City Lodge Hotel,,,https://www.clhg.com/,"Discover modern comfort at City Lodge Hotels – offering stylish accommodations, prime urban locations, and exceptional service for business and leisure travelers. Book your stay today!",EG,Alexandria,https://www.clhg.com/?city=Alexandria&country=EG&utm_source=mealdeals_scraper,2026-08-07T20:58:11.030804+00:00
City Lodge Hotel,,,https://www.clhg.com/,"Discover modern comfort at City Lodge Hotels – offering stylish accommodations, prime urban locations, and exceptional service for business and leisure travelers. Book your stay today!",EG,Giza,https://www.clhg.com/?city=Giza&country=EG&utm_source=mealdeals_scraper,2026-08-07T20:58:11.054964+00:00
Debonairs Pizza Restaurant,,,https://www.debonairspizza.co.za/,"Discover bold flavours, epic pizzas and unbeatable value at Debonairs Pizza. Order your favourites online now and enjoy fast delivery or easy pickup today.",EG,Giza,https://www.debonairspizza.co.za/?city=Giza&country=EG&utm_source=mealdeals_scraper,2026-08-07T20:58:11.055536+00:00
Debonairs Pizza Restaurant,,,https://www.debonairspizza.co.za/,"Discover bold flavours, epic pizzas and unbeatable value at Debonairs Pizza. Order your favourites online now and enjoy fast delivery or easy pickup today.",EG,Alexandria,https://www.debonairspizza.co.za/?city=Alexandria&country=EG&utm_source=mealdeals_scraper,2026-08-07T20:58:11.031211+00:00
Debonairs Pizza Restaurant,,,https://www.debonairspizza.co.za/,"Discover bold flavours, epic pizzas and unbeatable value at Debonairs Pizza. Order your favourites online now and enjoy fast delivery or easy pickup today.",EG,Cairo,https://www.debonairspizza.co.za/?city=Cairo&country=EG&utm_source=mealdeals_scraper,2026-08-07T20:58:11.006254+00:00
Hilton Hotels,+1-855-672-1138,,https://www.hilton.com/,"Take advantage of hotel offers, unique promotions, and exclusive online specials directly from Hilton Portfolio.",EG,Cairo,https://www.hilton.com/en/offers/?city=Cairo&country=EG&utm_source=mealdeals_scraper,2026-08-07T20:58:11.004127+00:00
Hilton Hotels,+1-855-672-1138,,https://www.hilton.com/,"Take advantage of hotel offers, unique promotions, and exclusive online specials directly from Hilton Portfolio.",EG,Alexandria,https://www.hilton.com/en/offers/?city=Alexandria&country=EG&utm_source=mealdeals_scraper,2026-08-07T20:58:11.028945+00:00
Hilton Hotels,+1-855-672-1138,,https://www.hilton.com/,"Take advantage of hotel offers, unique promotions, and exclusive online specials directly from Hilton Portfolio.",EG,Giza,https://www.hilton.com/en/offers/?city=Giza&country=EG&utm_source=mealdeals_scraper,2026-08-07T20:58:11.052952+00:00
Ibis Hotel,,,https://all.accor.com/hotel/ibis/index.en.shtml,,EG,Giza,https://all.accor.com/hotel/ibis/index.en.shtml?city=Giza&country=EG&utm_source=mealdeals_scraper,2026-08-07T20:58:11.053514+00:00
Ibis Hotel,,,https://all.accor.com/hotel/ibis/index.en.shtml,,EG,Cairo,https://all.accor.com/hotel/ibis/index.en.shtml?city=Cairo&country=EG&utm_source=mealdeals_scraper,2026-08-07T20:58:11.004556+00:00
Ibis Hotel,,,https://all.accor.com/hotel/ibis/index.en.shtml,,EG,Alexandria,https://all.accor.com/hotel/ibis/index.en.shtml?city=Alexandria&country=EG&utm_source=mealdeals_scraper,2026-08-07T20:58:11.029359+00:00
Local Pub & Grill,,,https://www.tripadvisor.com/Restaurants,,EG,Alexandria,https://www.tripadvisor.com/Restaurants?city=Alexandria&country=EG&utm_source=mealdeals_scraper,2026-08-07T20:58:11.030379+00:00
Local Pub & Grill,,,https://www.tripadvisor.com/Restaurants,,EG,Cairo,https://www.tripadvisor.com/Restaurants?city=Cairo&country=EG&utm_source=mealdeals_scraper,2026-08-07T20:58:11.005416+00:00
Local Pub & Grill,,,https://www.tripadvisor.com/Restaurants,,EG,Giza,https://www.tripadvisor.com/Restaurants?city=Giza&country=EG&utm_source=mealdeals_scraper,2026-08-07T20:58:11.054466+00:00
Marriott Hotels,,,https://www.marriott.com/,Make the most of your next stay with hotel deals and promotional travel discounts from Marriott Bonvoy.,EG,Cairo,https://www.marriott.com/offers.mi?city=Cairo&country=EG&utm_source=mealdeals_scraper,2026-08-07T20:58:11.003616+00:00
Marriott Hotels,,,https://www.marriott.com/,Make the most of your next stay with hotel deals and promotional travel discounts from Marriott Bonvoy.,EG,Giza,https://www.marriott.com/offers.mi?city=Giza&country=EG&utm_source=mealdeals_scraper,2026-08-07T20:58:11.052469+00:00
Marriott Hotels,,,https://www.marriott.com/,Make the most of your next stay with hotel deals and promotional travel discounts from Marriott Bonvoy.,EG,Alexandria,https://www.marriott.com/offers.mi?city=Alexandria&country=EG&utm_source=mealdeals_scraper,2026-08-07T20:58:11.028465+00:00
Spinneys Egypt,,,https://www.spinneys.com.eg/,,EG,Alexandria,https://www.spinneys.com.eg/?city=Alexandria&country=EG&utm_source=mealdeals_scraper,2026-08-07T20:58:11.027987+00:00
Spinneys Egypt,,,https://www.spinneys.com.eg/,,EG,Giza,https://www.spinneys.com.eg/?city=Giza&country=EG&utm_source=mealdeals_scraper,2026-08-07T20:58:11.051907+00:00
Spinneys Egypt,,,https://www.spinneys.com.eg/,,EG,Cairo,https://www.spinneys.com.eg/?city=Cairo&country=EG&utm_source=mealdeals_scraper,2026-08-07T20:58:11.003046+00:00
Starbucks Coffee,,,https://www.starbucks.com/,,EG,Cairo,https://www.starbucks.com/menu?city=Cairo&country=EG&utm_source=mealdeals_scraper,2026-08-07T20:58:11.005004+00:00
Starbucks Coffee,,,https://www.starbucks.com/,,EG,Giza,https://www.starbucks.com/menu?city=Giza&country=EG&utm_source=mealdeals_scraper,2026-08-07T20:58:11.054027+00:00
Starbucks Coffee,,,https://www.starbucks.com/,,EG,Alexandria,https://www.starbucks.com/menu?city=Alexandria&country=EG&utm_source=mealdeals_scraper,2026-08-07T20:58:11.029882+00:00
100 Montaditos Bar,,protecciondedatos@gruporestalia.com,https://spain.100montaditos.com/,Somos el lugar del mundo donde más se brinda. Nos vemos #DondeSiempre. Miércoles y domingos Euromanía.,ES,Madrid,https://spain.100montaditos.com/?city=Bilbao&country=ES&utm_source=mealdeals_scraper,2026-08-07T20:58:11.194242+00:00
Accor Hotels,,,https://all.accor.com/,"Discover exclusive hotel offers, bonus Reward Points, unforgettable experiences and member benefits that elevate every journey with ALL Accor.",ES,Madrid,https://all.accor.com/a/en/offers.html?city=Madrid&country=ES&utm_source=mealdeals_scraper,2026-08-07T20:58:11.081388+00:00
Accor Hotels,,,https://all.accor.com/,"Discover exclusive hotel offers, bonus Reward Points, unforgettable experiences and member benefits that elevate every journey with ALL Accor.",ES,Bilbao,https://all.accor.com/a/en/offers.html?city=Bilbao&country=ES&utm_source=mealdeals_scraper,2026-08-07T20:58:11.193813+00:00
Accor Hotels,,,https://all.accor.com/,"Discover exclusive hotel offers, bonus Reward Points, unforgettable experiences and member benefits that elevate every journey with ALL Accor.",ES,Seville,https://all.accor.com/a/en/offers.html?city=Seville&country=ES&utm_source=mealdeals_scraper,2026-08-07T20:58:11.164500+00:00
Accor Hotels,,,https://all.accor.com/,"Discover exclusive hotel offers, bonus Reward Points, unforgettable experiences and member benefits that elevate every journey with ALL Accor.",ES,Valencia,https://all.accor.com/a/en/offers.html?city=Valencia&country=ES&utm_source=mealdeals_scraper,2026-08-07T20:58:11.135427+00:00
Accor Hotels,,,https://all.accor.com/,"Discover exclusive hotel offers, bonus Reward Points, unforgettable experiences and member benefits that elevate every journey with ALL Accor.",ES,Barcelona,https://all.accor.com/a/en/offers.html?city=Barcelona&country=ES&utm_source=mealdeals_scraper,2026-08-07T20:58:11.108180+00:00
Bodegas Muga Winery,941306060,,https://www.bodegasmuga.com/,"Bodegas Muga: bodega familiar desde 1932 en el Barrio de la Estación de Haro. Vinos de Rioja elaborados en roble. Visitas, tienda y enoturismo.",ES,Bilbao,https://www.bodegasmuga.com/?city=Bilbao&country=ES&utm_source=mealdeals_scraper,2026-08-07T20:58:11.196380+00:00
Bodegas Muga Winery,941306060,,https://www.bodegasmuga.com/,"Bodegas Muga: bodega familiar desde 1932 en el Barrio de la Estación de Haro. Vinos de Rioja elaborados en roble. Visitas, tienda y enoturismo.",ES,Seville,https://www.bodegasmuga.com/?city=Seville&country=ES&utm_source=mealdeals_scraper,2026-08-07T20:58:11.167674+00:00
Bodegas Muga Winery,941306060,,https://www.bodegasmuga.com/,"Bodegas Muga: bodega familiar desde 1932 en el Barrio de la Estación de Haro. Vinos de Rioja elaborados en roble. Visitas, tienda y enoturismo.",ES,Valencia,https://www.bodegasmuga.com/?city=Valencia&country=ES&utm_source=mealdeals_scraper,2026-08-07T20:58:11.138489+00:00
Bodegas Muga Winery,941306060,,https://www.bodegasmuga.com/,"Bodegas Muga: bodega familiar desde 1932 en el Barrio de la Estación de Haro. Vinos de Rioja elaborados en roble. Visitas, tienda y enoturismo.",ES,Madrid,https://www.bodegasmuga.com/?city=Madrid&country=ES&utm_source=mealdeals_scraper,2026-08-07T20:58:11.084347+00:00
Bodegas Muga Winery,941306060,,https://www.bodegasmuga.com/,"Bodegas Muga: bodega familiar desde 1932 en el Barrio de la Estación de Haro. Vinos de Rioja elaborados en roble. Visitas, tienda y enoturismo.",ES,Barcelona,https://www.bodegasmuga.com/?city=Barcelona&country=ES&utm_source=mealdeals_scraper,2026-08-07T20:58:11.110616+00:00
El Corte Ingles,,,https://www.elcorteingles.es/,,ES,Valencia,https://www.elcorteingles.es/?city=Valencia&country=ES&utm_source=mealdeals_scraper,2026-08-07T20:58:11.134359+00:00
El Corte Ingles,,,https://www.elcorteingles.es/,,ES,Bilbao,https://www.elcorteingles.es/?city=Bilbao&country=ES&utm_source=mealdeals_scraper,2026-08-07T20:58:11.192505+00:00
El Corte Ingles,,,https://www.elcorteingles.es/,,ES,Seville,https://www.elcorteingles.es/?city=Seville&country=ES&utm_source=mealdeals_scraper,2026-08-07T20:58:11.163306+00:00
El Corte Ingles,,,https://www.elcorteingles.es/,,ES,Barcelona,https://www.elcorteingles.es/?city=Barcelona&country=ES&utm_source=mealdeals_scraper,2026-08-07T20:58:11.107274+00:00
El Corte Ingles,,,https://www.elcorteingles.es/,,ES,Madrid,https://www.elcorteingles.es/?city=Madrid&country=ES&utm_source=mealdeals_scraper,2026-08-07T20:58:11.080240+00:00
Marqués de Riscal Wine Estate,0034945606000,marquesderiscal@marquesderiscal.com,https://www.marquesderiscal.com/,"Bodegas de los Herederos del Marqués de Riscal. Amor y respeto por el vino desde 1858 - Vinos originales, frescos, elegantes y fáciles de beber.",ES,Madrid,https://www.marquesderiscal.com/?city=Bilbao&country=ES&utm_source=mealdeals_scraper,2026-08-07T20:58:11.195521+00:00
Melia Hotels,,,https://www.melia.com/en/offers,,ES,Barcelona,https://www.melia.com/en/offers?city=Barcelona&country=ES&utm_source=mealdeals_scraper,2026-08-07T20:58:11.107741+00:00
Melia Hotels,,,https://www.melia.com/en/offers,,ES,Valencia,https://www.melia.com/en/offers?city=Valencia&country=ES&utm_source=mealdeals_scraper,2026-08-07T20:58:11.134902+00:00
Melia Hotels,,,https://www.melia.com/en/offers,,ES,Madrid,https://www.melia.com/en/offers?city=Madrid&country=ES&utm_source=mealdeals_scraper,2026-08-07T20:58:11.080825+00:00
Melia Hotels,,,https://www.melia.com/en/offers,,ES,Bilbao,https://www.melia.com/en/offers?city=Bilbao&country=ES&utm_source=mealdeals_scraper,2026-08-07T20:58:11.193205+00:00
Melia Hotels,,,https://www.melia.com/en/offers,,ES,Seville,https://www.melia.com/en/offers?city=Seville&country=ES&utm_source=mealdeals_scraper,2026-08-07T20:58:11.163911+00:00
Mercadona,,,https://www.mercadona.es/,"Empieza tu compra online en Mercadona, encuentra nuestros supermercados más cercanos o descubre cómo trabajar con nosotros",ES,Barcelona,https://www.mercadona.es/?city=Barcelona&country=ES&utm_source=mealdeals_scraper,2026-08-07T20:58:11.106723+00:00
Mercadona,,,https://www.mercadona.es/,"Empieza tu compra online en Mercadona, encuentra nuestros supermercados más cercanos o descubre cómo trabajar con nosotros",ES,Bilbao,https://www.mercadona.es/?city=Bilbao&country=ES&utm_source=mealdeals_scraper,2026-08-07T20:58:11.191813+00:00
Mercadona,,,https://www.mercadona.es/,"Empieza tu compra online en Mercadona, encuentra nuestros supermercados más cercanos o descubre cómo trabajar con nosotros",ES,Valencia,https://www.mercadona.es/?city=Valencia&country=ES&utm_source=mealdeals_scraper,2026-08-07T20:58:11.133654+00:00
Mercadona,,,https://www.mercadona.es/,"Empieza tu compra online en Mercadona, encuentra nuestros supermercados más cercanos o descubre cómo trabajar con nosotros",ES,Seville,https://www.mercadona.es/?city=Seville&country=ES&utm_source=mealdeals_scraper,2026-08-07T20:58:11.162603+00:00
Mercadona,,,https://www.mercadona.es/,"Empieza tu compra online en Mercadona, encuentra nuestros supermercados más cercanos o descubre cómo trabajar con nosotros",ES,Madrid,https://www.mercadona.es/?city=Madrid&country=ES&utm_source=mealdeals_scraper,2026-08-07T20:58:11.079586+00:00
Starbucks Coffee,,,https://www.starbucks.es/,,ES,Bilbao,https://www.starbucks.es/?city=Bilbao&country=ES&utm_source=mealdeals_scraper,2026-08-07T20:58:11.194706+00:00
Starbucks Coffee,,,https://www.starbucks.es/,,ES,Barcelona,https://www.starbucks.es/?city=Barcelona&country=ES&utm_source=mealdeals_scraper,2026-08-07T20:58:11.109007+00:00
Starbucks Coffee,,,https://www.starbucks.es/,,ES,Valencia,https://www.starbucks.es/?city=Valencia&country=ES&utm_source=mealdeals_scraper,2026-08-07T20:58:11.136542+00:00
Starbucks Coffee,,,https://www.starbucks.es/,,ES,Madrid,https://www.starbucks.es/?city=Madrid&country=ES&utm_source=mealdeals_scraper,2026-08-07T20:58:11.082466+00:00
Starbucks Coffee,,,https://www.starbucks.es/,,ES,Seville,https://www.starbucks.es/?city=Seville&country=ES&utm_source=mealdeals_scraper,2026-08-07T20:58:11.165654+00:00
Torres Winery,,,https://www.torres.es,,ES,Seville,https://www.torres.es/?city=Seville&country=ES&utm_source=mealdeals_scraper,2026-08-07T20:58:11.167218+00:00
Torres Winery,,,https://www.torres.es,,ES,Madrid,https://www.torres.es/?city=Madrid&country=ES&utm_source=mealdeals_scraper,2026-08-07T20:58:11.083914+00:00
Torres Winery,,,https://www.torres.es,,ES,Barcelona,https://www.torres.es/?city=Barcelona&country=ES&utm_source=mealdeals_scraper,2026-08-07T20:58:11.110222+00:00
Torres Winery,,,https://www.torres.es,,ES,Valencia,https://www.torres.es/?city=Valencia&country=ES&utm_source=mealdeals_scraper,2026-08-07T20:58:11.138029+00:00
Torres Winery,,,https://www.torres.es,,ES,Bilbao,https://www.torres.es/?city=Bilbao&country=ES&utm_source=mealdeals_scraper,2026-08-07T20:58:11.195961+00:00
Vips Restaurant,,,https://www.vips.es/,,ES,Barcelona,https://www.vips.es/?city=Barcelona&country=ES&utm_source=mealdeals_scraper,2026-08-07T20:58:11.109418+00:00
Vips Restaurant,,,https://www.vips.es/,,ES,Seville,https://www.vips.es/?city=Seville&country=ES&utm_source=mealdeals_scraper,2026-08-07T20:58:11.166266+00:00
Vips Restaurant,,,https://www.vips.es/,,ES,Madrid,https://www.vips.es/?city=Madrid&country=ES&utm_source=mealdeals_scraper,2026-08-07T20:58:11.082981+00:00
Vips Restaurant,,,https://www.vips.es/,,ES,Bilbao,https://www.vips.es/?city=Bilbao&country=ES&utm_source=mealdeals_scraper,2026-08-07T20:58:11.195150+00:00
Vips Restaurant,,,https://www.vips.es/,,ES,Valencia,https://www.vips.es/?city=Valencia&country=ES&utm_source=mealdeals_scraper,2026-08-07T20:58:11.137052+00:00
Accor Hotels,,,https://all.accor.com/,"Discover exclusive hotel offers, bonus Reward Points, unforgettable experiences and member benefits that elevate every journey with ALL Accor.",FI,Tampere,https://all.accor.com/a/en/offers.html?city=Tampere&country=FI&utm_source=mealdeals_scraper,2026-08-07T20:58:11.247338+00:00
Accor Hotels,,,https://all.accor.com/,"Discover exclusive hotel offers, bonus Reward Points, unforgettable experiences and member benefits that elevate every journey with ALL Accor.",FI,Helsinki,https://all.accor.com/a/en/offers.html?city=Helsinki&country=FI&utm_source=mealdeals_scraper,2026-08-07T20:58:11.221949+00:00
Accor Hotels,,,https://all.accor.com/,"Discover exclusive hotel offers, bonus Reward Points, unforgettable experiences and member benefits that elevate every journey with ALL Accor.",FI,Turku,https://all.accor.com/a/en/offers.html?city=Turku&country=FI&utm_source=mealdeals_scraper,2026-08-07T20:58:11.275636+00:00
Hard Rock Cafe,+1-800-201-1949,,https://cafe.hardrock.com/,"Welcome to Hard Rock Cafe, our music themed restaurant, serving up Legendary burgers and more.",FI,Turku,https://www.hardrockcafe.com/?city=Turku&country=FI&utm_source=mealdeals_scraper,2026-08-07T20:58:11.276171+00:00
Hard Rock Cafe,+1-800-201-1949,,https://cafe.hardrock.com/,"Welcome to Hard Rock Cafe, our music themed restaurant, serving up Legendary burgers and more.",FI,Helsinki,https://www.hardrockcafe.com/?city=Helsinki&country=FI&utm_source=mealdeals_scraper,2026-08-07T20:58:11.222377+00:00
Hard Rock Cafe,+1-800-201-1949,,https://cafe.hardrock.com/,"Welcome to Hard Rock Cafe, our music themed restaurant, serving up Legendary burgers and more.",FI,Tampere,https://www.hardrockcafe.com/?city=Tampere&country=FI&utm_source=mealdeals_scraper,2026-08-07T20:58:11.247799+00:00
Hilton Hotels,+1-855-672-1138,,https://www.hilton.com/,"Take advantage of hotel offers, unique promotions, and exclusive online specials directly from Hilton Portfolio.",FI,Helsinki,https://www.hilton.com/en/offers/?city=Helsinki&country=FI&utm_source=mealdeals_scraper,2026-08-07T20:58:11.219845+00:00
Hilton Hotels,+1-855-672-1138,,https://www.hilton.com/,"Take advantage of hotel offers, unique promotions, and exclusive online specials directly from Hilton Portfolio.",FI,Turku,https://www.hilton.com/en/offers/?city=Turku&country=FI&utm_source=mealdeals_scraper,2026-08-07T20:58:11.273781+00:00
Hilton Hotels,+1-855-672-1138,,https://www.hilton.com/,"Take advantage of hotel offers, unique promotions, and exclusive online specials directly from Hilton Portfolio.",FI,Tampere,https://www.hilton.com/en/offers/?city=Tampere&country=FI&utm_source=mealdeals_scraper,2026-08-07T20:58:11.245292+00:00
Ibis Hotel,,,https://all.accor.com/hotel/ibis/index.en.shtml,,FI,Tampere,https://all.accor.com/hotel/ibis/index.en.shtml?city=Tampere&country=FI&utm_source=mealdeals_scraper,2026-08-07T20:58:11.245801+00:00
Ibis Hotel,,,https://all.accor.com/hotel/ibis/index.en.shtml,,FI,Turku,https://all.accor.com/hotel/ibis/index.en.shtml?city=Turku&country=FI&utm_source=mealdeals_scraper,2026-08-07T20:58:11.274225+00:00
Ibis Hotel,,,https://all.accor.com/hotel/ibis/index.en.shtml,,FI,Helsinki,https://all.accor.com/hotel/ibis/index.en.shtml?city=Helsinki&country=FI&utm_source=mealdeals_scraper,2026-08-07T20:58:11.220488+00:00
K-Market,,,https://www.k-ruoka.fi/,,FI,Helsinki,https://www.k-ruoka.fi/?city=Helsinki&country=FI&utm_source=mealdeals_scraper,2026-08-07T20:58:11.218023+00:00
K-Market,,,https://www.k-ruoka.fi/,,FI,Tampere,https://www.k-ruoka.fi/?city=Tampere&country=FI&utm_source=mealdeals_scraper,2026-08-07T20:58:11.243260+00:00
K-Market,,,https://www.k-ruoka.fi/,,FI,Turku,https://www.k-ruoka.fi/?city=Turku&country=FI&utm_source=mealdeals_scraper,2026-08-07T20:58:11.272134+00:00
Local Pub & Grill,,,https://www.tripadvisor.com/Restaurants,,FI,Helsinki,https://www.tripadvisor.com/Restaurants?city=Helsinki&country=FI&utm_source=mealdeals_scraper,2026-08-07T20:58:11.221492+00:00
Local Pub & Grill,,,https://www.tripadvisor.com/Restaurants,,FI,Turku,https://www.tripadvisor.com/Restaurants?city=Turku&country=FI&utm_source=mealdeals_scraper,2026-08-07T20:58:11.275082+00:00
Local Pub & Grill,,,https://www.tripadvisor.com/Restaurants,,FI,Tampere,https://www.tripadvisor.com/Restaurants?city=Tampere&country=FI&utm_source=mealdeals_scraper,2026-08-07T20:58:11.246852+00:00
Marriott Hotels,,,https://www.marriott.com/,Make the most of your next stay with hotel deals and promotional travel discounts from Marriott Bonvoy.,FI,Turku,https://www.marriott.com/offers.mi?city=Turku&country=FI&utm_source=mealdeals_scraper,2026-08-07T20:58:11.273312+00:00
Marriott Hotels,,,https://www.marriott.com/,Make the most of your next stay with hotel deals and promotional travel discounts from Marriott Bonvoy.,FI,Tampere,https://www.marriott.com/offers.mi?city=Tampere&country=FI&utm_source=mealdeals_scraper,2026-08-07T20:58:11.244651+00:00
Marriott Hotels,,,https://www.marriott.com/,Make the most of your next stay with hotel deals and promotional travel discounts from Marriott Bonvoy.,FI,Helsinki,https://www.marriott.com/offers.mi?city=Helsinki&country=FI&utm_source=mealdeals_scraper,2026-08-07T20:58:11.219272+00:00
Prisma,,,https://www.prisma.fi/,"Prisman luotettavasta ja kotimaisesta verkkokaupasta tilaat helposti ja nopeasti kaikkea kotiin, vaatekaappiin, urheiluun tai pihalle. Laaja valikoima ja edulliset tuotteet!",FI,Tampere,https://www.prisma.fi/?city=Tampere&country=FI&utm_source=mealdeals_scraper,2026-08-07T20:58:11.244009+00:00
Prisma,,,https://www.prisma.fi/,"Prisman luotettavasta ja kotimaisesta verkkokaupasta tilaat helposti ja nopeasti kaikkea kotiin, vaatekaappiin, urheiluun tai pihalle. Laaja valikoima ja edulliset tuotteet!",FI,Turku,https://www.prisma.fi/?city=Turku&country=FI&utm_source=mealdeals_scraper,2026-08-07T20:58:11.272825+00:00
Prisma,,,https://www.prisma.fi/,"Prisman luotettavasta ja kotimaisesta verkkokaupasta tilaat helposti ja nopeasti kaikkea kotiin, vaatekaappiin, urheiluun tai pihalle. Laaja valikoima ja edulliset tuotteet!",FI,Helsinki,https://www.prisma.fi/?city=Helsinki&country=FI&utm_source=mealdeals_scraper,2026-08-07T20:58:11.218678+00:00
Starbucks Coffee,,,https://www.starbucks.com/,,FI,Tampere,https://www.starbucks.com/menu?city=Tampere&country=FI&utm_source=mealdeals_scraper,2026-08-07T20:58:11.246379+00:00
Starbucks Coffee,,,https://www.starbucks.com/,,FI,Turku,https://www.starbucks.com/menu?city=Turku&country=FI&utm_source=mealdeals_scraper,2026-08-07T20:58:11.274645+00:00
Starbucks Coffee,,,https://www.starbucks.com/,,FI,Helsinki,https://www.starbucks.com/menu?city=Helsinki&country=FI&utm_source=mealdeals_scraper,2026-08-07T20:58:11.221028+00:00
Accor Hotels,,,https://all.accor.com/,"Discover exclusive hotel offers, bonus Reward Points, unforgettable experiences and member benefits that elevate every journey with ALL Accor.",FJ,Nadi,https://all.accor.com/a/en/offers.html?city=Nadi&country=FJ&utm_source=mealdeals_scraper,2026-08-07T20:58:11.329444+00:00
Accor Hotels,,,https://all.accor.com/,"Discover exclusive hotel offers, bonus Reward Points, unforgettable experiences and member benefits that elevate every journey with ALL Accor.",FJ,Lautoka,https://all.accor.com/a/en/offers.html?city=Lautoka&country=FJ&utm_source=mealdeals_scraper,2026-08-07T20:58:11.354091+00:00
Accor Hotels,,,https://all.accor.com/,"Discover exclusive hotel offers, bonus Reward Points, unforgettable experiences and member benefits that elevate every journey with ALL Accor.",FJ,Suva,https://all.accor.com/a/en/offers.html?city=Suva&country=FJ&utm_source=mealdeals_scraper,2026-08-07T20:58:11.304125+00:00
Hilton Hotels,+1-855-672-1138,,https://www.hilton.com/,"Take advantage of hotel offers, unique promotions, and exclusive online specials directly from Hilton Portfolio.",FJ,Nadi,https://www.hilton.com/en/offers/?city=Nadi&country=FJ&utm_source=mealdeals_scraper,2026-08-07T20:58:11.327699+00:00
Hilton Hotels,+1-855-672-1138,,https://www.hilton.com/,"Take advantage of hotel offers, unique promotions, and exclusive online specials directly from Hilton Portfolio.",FJ,Suva,https://www.hilton.com/en/offers/?city=Suva&country=FJ&utm_source=mealdeals_scraper,2026-08-07T20:58:11.301971+00:00
Hilton Hotels,+1-855-672-1138,,https://www.hilton.com/,"Take advantage of hotel offers, unique promotions, and exclusive online specials directly from Hilton Portfolio.",FJ,Lautoka,https://www.hilton.com/en/offers/?city=Lautoka&country=FJ&utm_source=mealdeals_scraper,2026-08-07T20:58:11.352382+00:00
Ibis Hotel,,,https://all.accor.com/hotel/ibis/index.en.shtml,,FJ,Lautoka,https://all.accor.com/hotel/ibis/index.en.shtml?city=Lautoka&country=FJ&utm_source=mealdeals_scraper,2026-08-07T20:58:11.352830+00:00
Ibis Hotel,,,https://all.accor.com/hotel/ibis/index.en.shtml,,FJ,Suva,https://all.accor.com/hotel/ibis/index.en.shtml?city=Suva&country=FJ&utm_source=mealdeals_scraper,2026-08-07T20:58:11.302428+00:00
Ibis Hotel,,,https://all.accor.com/hotel/ibis/index.en.shtml,,FJ,Nadi,https://all.accor.com/hotel/ibis/index.en.shtml?city=Nadi&country=FJ&utm_source=mealdeals_scraper,2026-08-07T20:58:11.328170+00:00
Local Pub & Grill,,,https://www.tripadvisor.com/Restaurants,,FJ,Lautoka,https://www.tripadvisor.com/Restaurants?city=Lautoka&country=FJ&utm_source=mealdeals_scraper,2026-08-07T20:58:11.353681+00:00
Local Pub & Grill,,,https://www.tripadvisor.com/Restaurants,,FJ,Nadi,https://www.tripadvisor.com/Restaurants?city=Nadi&country=FJ&utm_source=mealdeals_scraper,2026-08-07T20:58:11.329044+00:00
Local Pub & Grill,,,https://www.tripadvisor.com/Restaurants,,FJ,Suva,https://www.tripadvisor.com/Restaurants?city=Suva&country=FJ&utm_source=mealdeals_scraper,2026-08-07T20:58:11.303526+00:00
Marriott Hotels,,,https://www.marriott.com/,Make the most of your next stay with hotel deals and promotional travel discounts from Marriott Bonvoy.,FJ,Lautoka,https://www.marriott.com/offers.mi?city=Lautoka&country=FJ&utm_source=mealdeals_scraper,2026-08-07T20:58:11.351953+00:00
Marriott Hotels,,,https://www.marriott.com/,Make the most of your next stay with hotel deals and promotional travel discounts from Marriott Bonvoy.,FJ,Nadi,https://www.marriott.com/offers.mi?city=Nadi&country=FJ&utm_source=mealdeals_scraper,2026-08-07T20:58:11.327184+00:00
Marriott Hotels,,,https://www.marriott.com/,Make the most of your next stay with hotel deals and promotional travel discounts from Marriott Bonvoy.,FJ,Suva,https://www.marriott.com/offers.mi?city=Suva&country=FJ&utm_source=mealdeals_scraper,2026-08-07T20:58:11.301378+00:00
MH Supermarket,,,https://www.mhinternational.com.fj/,,FJ,Suva,https://www.mhinternational.com.fj/?city=Suva&country=FJ&utm_source=mealdeals_scraper,2026-08-07T20:58:11.299857+00:00
MH Supermarket,,,https://www.mhinternational.com.fj/,,FJ,Lautoka,https://www.mhinternational.com.fj/?city=Lautoka&country=FJ&utm_source=mealdeals_scraper,2026-08-07T20:58:11.350904+00:00
MH Supermarket,,,https://www.mhinternational.com.fj/,,FJ,Nadi,https://www.mhinternational.com.fj/?city=Nadi&country=FJ&utm_source=mealdeals_scraper,2026-08-07T20:58:11.325961+00:00
New World Fiji,,,https://www.newworld.com.fj/,,FJ,Nadi,https://www.newworld.com.fj/?city=Nadi&country=FJ&utm_source=mealdeals_scraper,2026-08-07T20:58:11.326601+00:00
New World Fiji,,,https://www.newworld.com.fj/,,FJ,Suva,https://www.newworld.com.fj/?city=Suva&country=FJ&utm_source=mealdeals_scraper,2026-08-07T20:58:11.300759+00:00
New World Fiji,,,https://www.newworld.com.fj/,,FJ,Lautoka,https://www.newworld.com.fj/?city=Lautoka&country=FJ&utm_source=mealdeals_scraper,2026-08-07T20:58:11.351482+00:00
Starbucks Coffee,,,https://www.starbucks.com/,,FJ,Nadi,https://www.starbucks.com/menu?city=Nadi&country=FJ&utm_source=mealdeals_scraper,2026-08-07T20:58:11.328595+00:00
Starbucks Coffee,,,https://www.starbucks.com/,,FJ,Suva,https://www.starbucks.com/menu?city=Suva&country=FJ&utm_source=mealdeals_scraper,2026-08-07T20:58:11.302893+00:00
Starbucks Coffee,,,https://www.starbucks.com/,,FJ,Lautoka,https://www.starbucks.com/menu?city=Lautoka&country=FJ&utm_source=mealdeals_scraper,2026-08-07T20:58:11.353265+00:00
The Coffee Club Cafe,,,https://www.coffeeclub.com.au/,ABOUT US,FJ,Nadi,https://www.coffeeclub.com.au/?city=Nadi&country=FJ&utm_source=mealdeals_scraper,2026-08-07T20:58:11.329866+00:00
The Coffee Club Cafe,,,https://www.coffeeclub.com.au/,ABOUT US,FJ,Lautoka,https://www.coffeeclub.com.au/?city=Lautoka&country=FJ&utm_source=mealdeals_scraper,2026-08-07T20:58:11.354476+00:00
The Coffee Club Cafe,,,https://www.coffeeclub.com.au/,ABOUT US,FJ,Suva,https://www.coffeeclub.com.au/?city=Suva&country=FJ&utm_source=mealdeals_scraper,2026-08-07T20:58:11.304621+00:00
Accor Hotels,,,https://all.accor.com/,"Discover exclusive hotel offers, bonus Reward Points, unforgettable experiences and member benefits that elevate every journey with ALL Accor.",FM,Kolonia,https://all.accor.com/a/en/offers.html?city=Kolonia&country=FM&utm_source=mealdeals_scraper,2026-08-07T20:58:11.402943+00:00
Accor Hotels,,,https://all.accor.com/,"Discover exclusive hotel offers, bonus Reward Points, unforgettable experiences and member benefits that elevate every journey with ALL Accor.",FM,Palikir,https://all.accor.com/a/en/offers.html?city=Palikir&country=FM&utm_source=mealdeals_scraper,2026-08-07T20:58:11.378009+00:00
A&E Market,,,https://www.aemarket.fm/,,FM,Kolonia,https://www.aemarket.fm/?city=Kolonia&country=FM&utm_source=mealdeals_scraper,2026-08-07T20:58:11.399787+00:00
A&E Market,,,https://www.aemarket.fm/,,FM,Palikir,https://www.aemarket.fm/?city=Palikir&country=FM&utm_source=mealdeals_scraper,2026-08-07T20:58:11.375395+00:00
Hilton Hotels,+1-855-672-1138,,https://www.hilton.com/,"Take advantage of hotel offers, unique promotions, and exclusive online specials directly from Hilton Portfolio.",FM,Kolonia,https://www.hilton.com/en/offers/?city=Kolonia&country=FM&utm_source=mealdeals_scraper,2026-08-07T20:58:11.400944+00:00
Hilton Hotels,+1-855-672-1138,,https://www.hilton.com/,"Take advantage of hotel offers, unique promotions, and exclusive online specials directly from Hilton Portfolio.",FM,Palikir,https://www.hilton.com/en/offers/?city=Palikir&country=FM&utm_source=mealdeals_scraper,2026-08-07T20:58:11.376315+00:00
Ibis Hotel,,,https://all.accor.com/hotel/ibis/index.en.shtml,,FM,Palikir,https://all.accor.com/hotel/ibis/index.en.shtml?city=Palikir&country=FM&utm_source=mealdeals_scraper,2026-08-07T20:58:11.376755+00:00
Ibis Hotel,,,https://all.accor.com/hotel/ibis/index.en.shtml,,FM,Kolonia,https://all.accor.com/hotel/ibis/index.en.shtml?city=Kolonia&country=FM&utm_source=mealdeals_scraper,2026-08-07T20:58:11.401488+00:00
Local Pub & Grill,,,https://www.tripadvisor.com/Restaurants,,FM,Palikir,https://www.tripadvisor.com/Restaurants?city=Palikir&country=FM&utm_source=mealdeals_scraper,2026-08-07T20:58:11.377566+00:00
Local Pub & Grill,,,https://www.tripadvisor.com/Restaurants,,FM,Kolonia,https://www.tripadvisor.com/Restaurants?city=Kolonia&country=FM&utm_source=mealdeals_scraper,2026-08-07T20:58:11.402498+00:00
Marriott Hotels,,,https://www.marriott.com/,Make the most of your next stay with hotel deals and promotional travel discounts from Marriott Bonvoy.,FM,Kolonia,https://www.marriott.com/offers.mi?city=Kolonia&country=FM&utm_source=mealdeals_scraper,2026-08-07T20:58:11.400364+00:00
Marriott Hotels,,,https://www.marriott.com/,Make the most of your next stay with hotel deals and promotional travel discounts from Marriott Bonvoy.,FM,Palikir,https://www.marriott.com/offers.mi?city=Palikir&country=FM&utm_source=mealdeals_scraper,2026-08-07T20:58:11.375883+00:00
Pohnpei Ace,,,https://www.pohnpeiace.fm/,,FM,Palikir,https://www.pohnpeiace.fm/?city=Palikir&country=FM&utm_source=mealdeals_scraper,2026-08-07T20:58:11.374871+00:00
Pohnpei Ace,,,https://www.pohnpeiace.fm/,,FM,Kolonia,https://www.pohnpeiace.fm/?city=Kolonia&country=FM&utm_source=mealdeals_scraper,2026-08-07T20:58:11.399150+00:00
Starbucks Coffee,,,https://www.starbucks.com/,,FM,Palikir,https://www.starbucks.com/menu?city=Palikir&country=FM&utm_source=mealdeals_scraper,2026-08-07T20:58:11.377169+00:00
Starbucks Coffee,,,https://www.starbucks.com/,,FM,Kolonia,https://www.starbucks.com/menu?city=Kolonia&country=FM&utm_source=mealdeals_scraper,2026-08-07T20:58:11.402032+00:00
The Coffee Club Cafe,,,https://www.coffeeclub.com.au/,ABOUT US,FM,Palikir,https://www.coffeeclub.com.au/?city=Palikir&country=FM&utm_source=mealdeals_scraper,2026-08-07T20:58:11.378452+00:00
The Coffee Club Cafe,,,https://www.coffeeclub.com.au/,ABOUT US,FM,Kolonia,https://www.coffeeclub.com.au/?city=Kolonia&country=FM&utm_source=mealdeals_scraper,2026-08-07T20:58:11.403363+00:00
Accor Hotels,,,https://all.accor.com/,"Discover exclusive hotel offers, bonus Reward Points, unforgettable experiences and member benefits that elevate every journey with ALL Accor.",FR,Lyon,https://all.accor.com/a/en/offers.html?city=Lyon&country=FR&utm_source=mealdeals_scraper,2026-08-07T20:58:11.457634+00:00
Accor Hotels,,,https://all.accor.com/,"Discover exclusive hotel offers, bonus Reward Points, unforgettable experiences and member benefits that elevate every journey with ALL Accor.",FR,Paris,https://all.accor.com/a/en/offers.html?city=Paris&country=FR&utm_source=mealdeals_scraper,2026-08-07T20:58:11.429385+00:00
Accor Hotels,,,https://all.accor.com/,"Discover exclusive hotel offers, bonus Reward Points, unforgettable experiences and member benefits that elevate every journey with ALL Accor.",FR,Marseille,https://all.accor.com/a/en/offers.html?city=Marseille&country=FR&utm_source=mealdeals_scraper,2026-08-07T20:58:11.485465+00:00
Accor Hotels,,,https://all.accor.com/,"Discover exclusive hotel offers, bonus Reward Points, unforgettable experiences and member benefits that elevate every journey with ALL Accor.",FR,Bordeaux,https://all.accor.com/a/en/offers.html?city=Bordeaux&country=FR&utm_source=mealdeals_scraper,2026-08-07T20:58:11.543819+00:00
Accor Hotels,,,https://all.accor.com/,"Discover exclusive hotel offers, bonus Reward Points, unforgettable experiences and member benefits that elevate every journey with ALL Accor.",FR,Nice,https://all.accor.com/a/en/offers.html?city=Nice&country=FR&utm_source=mealdeals_scraper,2026-08-07T20:58:11.514083+00:00
Cafe de Flore,+33145485526,,https://cafedeflore.fr/,"Restaurant à St Germain, le Café de Flore est situé au 172 boulevard St Germain, 75006. Tel: 01 45 48 55 26.",FR,Nice,https://cafedeflore.fr/?city=Nice&country=FR&utm_source=mealdeals_scraper,2026-08-07T20:58:11.514944+00:00
Cafe de Flore,+33145485526,,https://cafedeflore.fr/,"Restaurant à St Germain, le Café de Flore est situé au 172 boulevard St Germain, 75006. Tel: 01 45 48 55 26.",FR,Marseille,https://cafedeflore.fr/?city=Marseille&country=FR&utm_source=mealdeals_scraper,2026-08-07T20:58:11.486364+00:00
Cafe de Flore,+33145485526,,https://cafedeflore.fr/,"Restaurant à St Germain, le Café de Flore est situé au 172 boulevard St Germain, 75006. Tel: 01 45 48 55 26.",FR,Paris,https://cafedeflore.fr/?city=Paris&country=FR&utm_source=mealdeals_scraper,2026-08-07T20:58:11.430357+00:00
Cafe de Flore,+33145485526,,https://cafedeflore.fr/,"Restaurant à St Germain, le Café de Flore est situé au 172 boulevard St Germain, 75006. Tel: 01 45 48 55 26.",FR,Lyon,https://cafedeflore.fr/?city=Lyon&country=FR&utm_source=mealdeals_scraper,2026-08-07T20:58:11.458510+00:00
Cafe de Flore,+33145485526,,https://cafedeflore.fr/,"Restaurant à St Germain, le Café de Flore est situé au 172 boulevard St Germain, 75006. Tel: 01 45 48 55 26.",FR,Bordeaux,https://cafedeflore.fr/?city=Bordeaux&country=FR&utm_source=mealdeals_scraper,2026-08-07T20:58:11.544763+00:00
Carrefour,,,https://www.carrefour.fr/,,FR,Bordeaux,https://www.carrefour.fr/?city=Bordeaux&country=FR&utm_source=mealdeals_scraper,2026-08-07T20:58:11.541987+00:00
Carrefour,,,https://www.carrefour.fr/,,FR,Paris,https://www.carrefour.fr/?city=Paris&country=FR&utm_source=mealdeals_scraper,2026-08-07T20:58:11.427576+00:00
Carrefour,,,https://www.carrefour.fr/,,FR,Lyon,https://www.carrefour.fr/?city=Lyon&country=FR&utm_source=mealdeals_scraper,2026-08-07T20:58:11.455978+00:00
Carrefour,,,https://www.carrefour.fr/,,FR,Marseille,https://www.carrefour.fr/?city=Marseille&country=FR&utm_source=mealdeals_scraper,2026-08-07T20:58:11.483745+00:00
Carrefour,,,https://www.carrefour.fr/,,FR,Nice,https://www.carrefour.fr/?city=Nice&country=FR&utm_source=mealdeals_scraper,2026-08-07T20:58:11.512533+00:00
Château de Pommard Wine Estate,,,https://www.chateaudepommard.com/,,FR,Nice,https://www.chateaudepommard.com/?city=Nice&country=FR&utm_source=mealdeals_scraper,2026-08-07T20:58:11.516993+00:00
Château de Pommard Wine Estate,,,https://www.chateaudepommard.com/,,FR,Lyon,https://www.chateaudepommard.com/?city=Lyon&country=FR&utm_source=mealdeals_scraper,2026-08-07T20:58:11.460472+00:00
Château de Pommard Wine Estate,,,https://www.chateaudepommard.com/,,FR,Paris,https://www.chateaudepommard.com/?city=Paris&country=FR&utm_source=mealdeals_scraper,2026-08-07T20:58:11.432449+00:00
Château de Pommard Wine Estate,,,https://www.chateaudepommard.com/,,FR,Marseille,https://www.chateaudepommard.com/?city=Marseille&country=FR&utm_source=mealdeals_scraper,2026-08-07T20:58:11.488435+00:00
Château de Pommard Wine Estate,,,https://www.chateaudepommard.com/,,FR,Bordeaux,https://www.chateaudepommard.com/?city=Bordeaux&country=FR&utm_source=mealdeals_scraper,2026-08-07T20:58:11.546829+00:00
Château Smith Haut Lafitte,+33557831122,visites@smith-haut-lafitte.com,https://www.smith-haut-lafitte.com/,Au Château Smith Haut Lafitte nous agissons dans les vignes comme dans les chais pour respecter la nature et protéger la biodiversité du vignoble.,FR,Paris,https://www.smith-haut-lafitte.com/?city=Bordeaux&country=FR&utm_source=mealdeals_scraper,2026-08-07T20:58:11.545992+00:00
Domaine Laroche Winery,,,https://www.larochewines.com/,Un savoir-faire résolument ancré sur le territoire bourguignon et dans le Sud de la France. La signature Laroche réside dans l’art de sublimer le Chardonnay .,FR,Marseille,https://www.larochewines.com/?city=Marseille&country=FR&utm_source=mealdeals_scraper,2026-08-07T20:58:11.488016+00:00
Domaine Laroche Winery,,,https://www.larochewines.com/,Un savoir-faire résolument ancré sur le territoire bourguignon et dans le Sud de la France. La signature Laroche réside dans l’art de sublimer le Chardonnay .,FR,Paris,https://www.larochewines.com/?city=Paris&country=FR&utm_source=mealdeals_scraper,2026-08-07T20:58:11.432053+00:00
Domaine Laroche Winery,,,https://www.larochewines.com/,Un savoir-faire résolument ancré sur le territoire bourguignon et dans le Sud de la France. La signature Laroche réside dans l’art de sublimer le Chardonnay .,FR,Nice,https://www.larochewines.com/?city=Nice&country=FR&utm_source=mealdeals_scraper,2026-08-07T20:58:11.516546+00:00
Domaine Laroche Winery,,,https://www.larochewines.com/,Un savoir-faire résolument ancré sur le territoire bourguignon et dans le Sud de la France. La signature Laroche réside dans l’art de sublimer le Chardonnay .,FR,Bordeaux,https://www.larochewines.com/?city=Bordeaux&country=FR&utm_source=mealdeals_scraper,2026-08-07T20:58:11.546409+00:00
Domaine Laroche Winery,,,https://www.larochewines.com/,Un savoir-faire résolument ancré sur le territoire bourguignon et dans le Sud de la France. La signature Laroche réside dans l’art de sublimer le Chardonnay .,FR,Lyon,https://www.larochewines.com/?city=Lyon&country=FR&utm_source=mealdeals_scraper,2026-08-07T20:58:11.460092+00:00
Hippopotamus Restaurant,,,https://www.hippopotamus.fr/,"Hippopotamus, le spécialiste du boeuf et de la viande grillée depuis 1968, vous accueille 7j/7 dans ses restaurants partout en France.",FR,Marseille,https://www.hippopotamus.fr/?city=Marseille&country=FR&utm_source=mealdeals_scraper,2026-08-07T20:58:11.486801+00:00
Hippopotamus Restaurant,,,https://www.hippopotamus.fr/,"Hippopotamus, le spécialiste du boeuf et de la viande grillée depuis 1968, vous accueille 7j/7 dans ses restaurants partout en France.",FR,Bordeaux,https://www.hippopotamus.fr/?city=Bordeaux&country=FR&utm_source=mealdeals_scraper,2026-08-07T20:58:11.545196+00:00
Hippopotamus Restaurant,,,https://www.hippopotamus.fr/,"Hippopotamus, le spécialiste du boeuf et de la viande grillée depuis 1968, vous accueille 7j/7 dans ses restaurants partout en France.",FR,Nice,https://www.hippopotamus.fr/?city=Nice&country=FR&utm_source=mealdeals_scraper,2026-08-07T20:58:11.515346+00:00
Hippopotamus Restaurant,,,https://www.hippopotamus.fr/,"Hippopotamus, le spécialiste du boeuf et de la viande grillée depuis 1968, vous accueille 7j/7 dans ses restaurants partout en France.",FR,Lyon,https://www.hippopotamus.fr/?city=Lyon&country=FR&utm_source=mealdeals_scraper,2026-08-07T20:58:11.458934+00:00
Hippopotamus Restaurant,,,https://www.hippopotamus.fr/,"Hippopotamus, le spécialiste du boeuf et de la viande grillée depuis 1968, vous accueille 7j/7 dans ses restaurants partout en France.",FR,Paris,https://www.hippopotamus.fr/?city=Paris&country=FR&utm_source=mealdeals_scraper,2026-08-07T20:58:11.430807+00:00
Ibis Hotel,,,https://all.accor.com/hotel/ibis/index.en.shtml,,FR,Marseille,https://all.accor.com/hotel/ibis/index.en.shtml?city=Marseille&country=FR&utm_source=mealdeals_scraper,2026-08-07T20:58:11.485932+00:00
Ibis Hotel,,,https://all.accor.com/hotel/ibis/index.en.shtml,,FR,Paris,https://all.accor.com/hotel/ibis/index.en.shtml?city=Paris&country=FR&utm_source=mealdeals_scraper,2026-08-07T20:58:11.429921+00:00
Ibis Hotel,,,https://all.accor.com/hotel/ibis/index.en.shtml,,FR,Bordeaux,https://all.accor.com/hotel/ibis/index.en.shtml?city=Bordeaux&country=FR&utm_source=mealdeals_scraper,2026-08-07T20:58:11.544309+00:00
Ibis Hotel,,,https://all.accor.com/hotel/ibis/index.en.shtml,,FR,Nice,https://all.accor.com/hotel/ibis/index.en.shtml?city=Nice&country=FR&utm_source=mealdeals_scraper,2026-08-07T20:58:11.514507+00:00
Ibis Hotel,,,https://all.accor.com/hotel/ibis/index.en.shtml,,FR,Lyon,https://all.accor.com/hotel/ibis/index.en.shtml?city=Lyon&country=FR&utm_source=mealdeals_scraper,2026-08-07T20:58:11.458096+00:00
Monoprix,096939 9010,,https://www.monoprix.fr/,"Retrouvez toute l'actualité Monoprix : les promotions, les produits et les nouveautés, les marques exclusives et tout l'univers Monoprix. Commandez vos produits préférés",FR,Marseille,https://www.monoprix.fr/?city=Marseille&country=FR&utm_source=mealdeals_scraper,2026-08-07T20:58:11.484388+00:00
Monoprix,096939 9010,,https://www.monoprix.fr/,"Retrouvez toute l'actualité Monoprix : les promotions, les produits et les nouveautés, les marques exclusives et tout l'univers Monoprix. Commandez vos produits préférés",FR,Bordeaux,https://www.monoprix.fr/?city=Bordeaux&country=FR&utm_source=mealdeals_scraper,2026-08-07T20:58:11.542620+00:00
Monoprix,096939 9010,,https://www.monoprix.fr/,"Retrouvez toute l'actualité Monoprix : les promotions, les produits et les nouveautés, les marques exclusives et tout l'univers Monoprix. Commandez vos produits préférés",FR,Paris,https://www.monoprix.fr/?city=Paris&country=FR&utm_source=mealdeals_scraper,2026-08-07T20:58:11.428223+00:00
Monoprix,096939 9010,,https://www.monoprix.fr/,"Retrouvez toute l'actualité Monoprix : les promotions, les produits et les nouveautés, les marques exclusives et tout l'univers Monoprix. Commandez vos produits préférés",FR,Lyon,https://www.monoprix.fr/?city=Lyon&country=FR&utm_source=mealdeals_scraper,2026-08-07T20:58:11.456597+00:00
Monoprix,096939 9010,,https://www.monoprix.fr/,"Retrouvez toute l'actualité Monoprix : les promotions, les produits et les nouveautés, les marques exclusives et tout l'univers Monoprix. Commandez vos produits préférés",FR,Nice,https://www.monoprix.fr/?city=Nice&country=FR&utm_source=mealdeals_scraper,2026-08-07T20:58:11.513094+00:00
Paul Bakery,,,https://www.paul.fr/,"Vous pouvez maintenant commander et réserver votre repas, votre gâteau en ligne sur paul.fr . ✓ Voir les établissements éligibles au click and collect.",FR,Lyon,https://www.paul.fr/?city=Lyon&country=FR&utm_source=mealdeals_scraper,2026-08-07T20:58:11.457183+00:00
Paul Bakery,,,https://www.paul.fr/,"Vous pouvez maintenant commander et réserver votre repas, votre gâteau en ligne sur paul.fr . ✓ Voir les établissements éligibles au click and collect.",FR,Paris,https://www.paul.fr/?city=Paris&country=FR&utm_source=mealdeals_scraper,2026-08-07T20:58:11.428823+00:00
Paul Bakery,,,https://www.paul.fr/,"Vous pouvez maintenant commander et réserver votre repas, votre gâteau en ligne sur paul.fr . ✓ Voir les établissements éligibles au click and collect.",FR,Marseille,https://www.paul.fr/?city=Marseille&country=FR&utm_source=mealdeals_scraper,2026-08-07T20:58:11.484993+00:00
Paul Bakery,,,https://www.paul.fr/,"Vous pouvez maintenant commander et réserver votre repas, votre gâteau en ligne sur paul.fr . ✓ Voir les établissements éligibles au click and collect.",FR,Bordeaux,https://www.paul.fr/?city=Bordeaux&country=FR&utm_source=mealdeals_scraper,2026-08-07T20:58:11.543213+00:00
Paul Bakery,,,https://www.paul.fr/,"Vous pouvez maintenant commander et réserver votre repas, votre gâteau en ligne sur paul.fr . ✓ Voir les établissements éligibles au click and collect.",FR,Nice,https://www.paul.fr/?city=Nice&country=FR&utm_source=mealdeals_scraper,2026-08-07T20:58:11.513537+00:00
Starbucks Coffee,,,https://www.starbucks.fr/,,FR,Marseille,https://www.starbucks.fr/?city=Marseille&country=FR&utm_source=mealdeals_scraper,2026-08-07T20:58:11.487225+00:00
Starbucks Coffee,,,https://www.starbucks.fr/,,FR,Nice,https://www.starbucks.fr/?city=Nice&country=FR&utm_source=mealdeals_scraper,2026-08-07T20:58:11.515758+00:00
Starbucks Coffee,,,https://www.starbucks.fr/,,FR,Paris,https://www.starbucks.fr/?city=Paris&country=FR&utm_source=mealdeals_scraper,2026-08-07T20:58:11.431239+00:00
Starbucks Coffee,,,https://www.starbucks.fr/,,FR,Lyon,https://www.starbucks.fr/?city=Lyon&country=FR&utm_source=mealdeals_scraper,2026-08-07T20:58:11.459319+00:00
Starbucks Coffee,,,https://www.starbucks.fr/,,FR,Bordeaux,https://www.starbucks.fr/?city=Bordeaux&country=FR&utm_source=mealdeals_scraper,2026-08-07T20:58:11.545601+00:00
All Bar One,,,https://www.allbarone.co.uk/offers,,GB,Sheffield,https://www.allbarone.co.uk/offers?city=Sheffield&country=GB&utm_source=mealdeals_scraper,2026-08-07T20:58:04.966029+00:00
All Bar One,,,https://www.allbarone.co.uk/offers,,GB,Leeds,https://www.allbarone.co.uk/offers?city=Leeds&country=GB&utm_source=mealdeals_scraper,2026-08-07T20:58:04.764908+00:00
All Bar One,,,https://www.allbarone.co.uk/offers,,GB,Glasgow,https://www.allbarone.co.uk/offers?city=Glasgow&country=GB&utm_source=mealdeals_scraper,2026-08-07T20:58:04.804114+00:00
All Bar One,,,https://www.allbarone.co.uk/offers,,GB,Bristol,https://www.allbarone.co.uk/offers?city=Bristol&country=GB&utm_source=mealdeals_scraper,2026-08-07T20:58:04.922958+00:00
All Bar One,,,https://www.allbarone.co.uk/offers,,GB,Reading,https://www.allbarone.co.uk/offers?city=Reading&country=GB&utm_source=mealdeals_scraper,2026-08-07T20:58:05.375260+00:00
All Bar One,,,https://www.allbarone.co.uk/offers,,GB,Aberdeen,https://www.allbarone.co.uk/offers?city=Aberdeen&country=GB&utm_source=mealdeals_scraper,2026-08-07T20:58:05.493752+00:00
All Bar One,,,https://www.allbarone.co.uk/offers,,GB,Belfast,https://www.allbarone.co.uk/offers?city=Belfast&country=GB&utm_source=mealdeals_scraper,2026-08-07T20:58:05.088025+00:00
All Bar One,,,https://www.allbarone.co.uk/offers,,GB,Southampton,https://www.allbarone.co.uk/offers?city=Southampton&country=GB&utm_source=mealdeals_scraper,2026-08-07T20:58:05.295568+00:00
All Bar One,,,https://www.allbarone.co.uk/offers,,GB,Coventry,https://www.allbarone.co.uk/offers?city=Coventry&country=GB&utm_source=mealdeals_scraper,2026-08-07T20:58:05.335600+00:00
All Bar One,,,https://www.allbarone.co.uk/offers,,GB,Leicester,https://www.allbarone.co.uk/offers?city=Leicester&country=GB&utm_source=mealdeals_scraper,2026-08-07T20:58:05.216040+00:00
All Bar One,,,https://www.allbarone.co.uk/offers,,GB,Brighton,https://www.allbarone.co.uk/offers?city=Brighton&country=GB&utm_source=mealdeals_scraper,2026-08-07T20:58:05.256344+00:00
All Bar One,,,https://www.allbarone.co.uk/offers,,GB,Bath,https://www.allbarone.co.uk/offers?city=Bath&country=GB&utm_source=mealdeals_scraper,2026-08-07T20:58:05.654358+00:00
All Bar One,,,https://www.allbarone.co.uk/offers,,GB,Oxford,https://www.allbarone.co.uk/offers?city=Oxford&country=GB&utm_source=mealdeals_scraper,2026-08-07T20:58:05.453665+00:00
All Bar One,,,https://www.allbarone.co.uk/offers,,GB,York,https://www.allbarone.co.uk/offers?city=York&country=GB&utm_source=mealdeals_scraper,2026-08-07T20:58:05.614049+00:00
All Bar One,,,https://www.allbarone.co.uk/offers,,GB,Cambridge,https://www.allbarone.co.uk/offers?city=Cambridge&country=GB&utm_source=mealdeals_scraper,2026-08-07T20:58:05.414751+00:00
All Bar One,,,https://www.allbarone.co.uk/offers,,GB,Edinburgh,https://www.allbarone.co.uk/offers?city=Edinburgh&country=GB&utm_source=mealdeals_scraper,2026-08-07T20:58:04.843896+00:00
All Bar One,,,https://www.allbarone.co.uk/offers,,GB,Swansea,https://www.allbarone.co.uk/offers?city=Swansea&country=GB&utm_source=mealdeals_scraper,2026-08-07T20:58:05.573823+00:00
All Bar One,,,https://www.allbarone.co.uk/offers,,GB,Nottingham,https://www.allbarone.co.uk/offers?city=Nottingham&country=GB&utm_source=mealdeals_scraper,2026-08-07T20:58:05.175427+00:00
All Bar One,,,https://www.allbarone.co.uk/offers,,GB,London,https://www.allbarone.co.uk/offers?city=London&country=GB&utm_source=mealdeals_scraper,2026-08-07T20:58:04.641678+00:00
All Bar One,,,https://www.allbarone.co.uk/offers,,GB,Newcastle,https://www.allbarone.co.uk/offers?city=Newcastle&country=GB&utm_source=mealdeals_scraper,2026-08-07T20:58:05.005437+00:00
All Bar One,,,https://www.allbarone.co.uk/offers,,GB,Plymouth,https://www.allbarone.co.uk/offers?city=Plymouth&country=GB&utm_source=mealdeals_scraper,2026-08-07T20:58:05.534544+00:00
All Bar One,,,https://www.allbarone.co.uk/offers,,GB,Liverpool,https://www.allbarone.co.uk/offers?city=Liverpool&country=GB&utm_source=mealdeals_scraper,2026-08-07T20:58:04.883861+00:00
All Bar One,,,https://www.allbarone.co.uk/offers,,GB,Birmingham,https://www.allbarone.co.uk/offers?city=Birmingham&country=GB&utm_source=mealdeals_scraper,2026-08-07T20:58:04.725881+00:00
All Bar One,,,https://www.allbarone.co.uk/offers,,GB,Manchester,https://www.allbarone.co.uk/offers?city=Manchester&country=GB&utm_source=mealdeals_scraper,2026-08-07T20:58:04.684479+00:00
All Bar One,,,https://www.allbarone.co.uk/offers,,GB,Cardiff,https://www.allbarone.co.uk/offers?city=Cardiff&country=GB&utm_source=mealdeals_scraper,2026-08-07T20:58:05.047210+00:00
Chapel Down Winery,01580 766111,retail@chapeldown.com,https://www.chapeldown.com/,"Discover Chapel Down, England’s leading winemaker, offering premium sparkling, white, and rosé wines. Explore our range of award-winning wines perfect for any occasion, delivered straight to your door.",GB,London,https://www.chapeldown.com/?city=Bath&country=GB&utm_source=mealdeals_scraper,2026-08-07T20:58:05.655989+00:00
Costa Coffee,,,https://www.costa.co.uk/,,GB,Nottingham,https://www.costa.co.uk/?city=Nottingham&country=GB&utm_source=mealdeals_scraper,2026-08-07T20:58:05.175990+00:00
Costa Coffee,,,https://www.costa.co.uk/,,GB,Southampton,https://www.costa.co.uk/?city=Southampton&country=GB&utm_source=mealdeals_scraper,2026-08-07T20:58:05.295982+00:00
Costa Coffee,,,https://www.costa.co.uk/,,GB,York,https://www.costa.co.uk/?city=York&country=GB&utm_source=mealdeals_scraper,2026-08-07T20:58:05.614661+00:00
Costa Coffee,,,https://www.costa.co.uk/,,GB,Leicester,https://www.costa.co.uk/?city=Leicester&country=GB&utm_source=mealdeals_scraper,2026-08-07T20:58:05.216502+00:00
Costa Coffee,,,https://www.costa.co.uk/,,GB,Bristol,https://www.costa.co.uk/?city=Bristol&country=GB&utm_source=mealdeals_scraper,2026-08-07T20:58:04.923375+00:00
Costa Coffee,,,https://www.costa.co.uk/,,GB,Sheffield,https://www.costa.co.uk/?city=Sheffield&country=GB&utm_source=mealdeals_scraper,2026-08-07T20:58:04.966420+00:00
Costa Coffee,,,https://www.costa.co.uk/,,GB,Coventry,https://www.costa.co.uk/?city=Coventry&country=GB&utm_source=mealdeals_scraper,2026-08-07T20:58:05.336020+00:00
Costa Coffee,,,https://www.costa.co.uk/,,GB,Liverpool,https://www.costa.co.uk/?city=Liverpool&country=GB&utm_source=mealdeals_scraper,2026-08-07T20:58:04.884299+00:00
Costa Coffee,,,https://www.costa.co.uk/,,GB,Brighton,https://www.costa.co.uk/?city=Brighton&country=GB&utm_source=mealdeals_scraper,2026-08-07T20:58:05.256736+00:00
Costa Coffee,,,https://www.costa.co.uk/,,GB,Reading,https://www.costa.co.uk/?city=Reading&country=GB&utm_source=mealdeals_scraper,2026-08-07T20:58:05.375684+00:00
Costa Coffee,,,https://www.costa.co.uk/,,GB,Leeds,https://www.costa.co.uk/?city=Leeds&country=GB&utm_source=mealdeals_scraper,2026-08-07T20:58:04.765439+00:00
Costa Coffee,,,https://www.costa.co.uk/,,GB,Manchester,https://www.costa.co.uk/?city=Manchester&country=GB&utm_source=mealdeals_scraper,2026-08-07T20:58:04.684875+00:00
Costa Coffee,,,https://www.costa.co.uk/,,GB,Glasgow,https://www.costa.co.uk/?city=Glasgow&country=GB&utm_source=mealdeals_scraper,2026-08-07T20:58:04.804511+00:00
Costa Coffee,,,https://www.costa.co.uk/,,GB,Belfast,https://www.costa.co.uk/?city=Belfast&country=GB&utm_source=mealdeals_scraper,2026-08-07T20:58:05.088431+00:00
Costa Coffee,,,https://www.costa.co.uk/,,GB,Aberdeen,https://www.costa.co.uk/?city=Aberdeen&country=GB&utm_source=mealdeals_scraper,2026-08-07T20:58:05.494172+00:00
Costa Coffee,,,https://www.costa.co.uk/,,GB,Cardiff,https://www.costa.co.uk/?city=Cardiff&country=GB&utm_source=mealdeals_scraper,2026-08-07T20:58:05.047695+00:00
Costa Coffee,,,https://www.costa.co.uk/,,GB,Bath,https://www.costa.co.uk/?city=Bath&country=GB&utm_source=mealdeals_scraper,2026-08-07T20:58:05.654750+00:00
Costa Coffee,,,https://www.costa.co.uk/,,GB,Plymouth,https://www.costa.co.uk/?city=Plymouth&country=GB&utm_source=mealdeals_scraper,2026-08-07T20:58:05.535077+00:00
Costa Coffee,,,https://www.costa.co.uk/,,GB,Birmingham,https://www.costa.co.uk/?city=Birmingham&country=GB&utm_source=mealdeals_scraper,2026-08-07T20:58:04.726312+00:00
Costa Coffee,,,https://www.costa.co.uk/,,GB,Newcastle,https://www.costa.co.uk/?city=Newcastle&country=GB&utm_source=mealdeals_scraper,2026-08-07T20:58:05.005843+00:00
Costa Coffee,,,https://www.costa.co.uk/,,GB,Oxford,https://www.costa.co.uk/?city=Oxford&country=GB&utm_source=mealdeals_scraper,2026-08-07T20:58:05.454228+00:00
Costa Coffee,,,https://www.costa.co.uk/,,GB,London,https://www.costa.co.uk/?city=London&country=GB&utm_source=mealdeals_scraper,2026-08-07T20:58:04.642189+00:00
Costa Coffee,,,https://www.costa.co.uk/,,GB,Swansea,https://www.costa.co.uk/?city=Swansea&country=GB&utm_source=mealdeals_scraper,2026-08-07T20:58:05.574265+00:00
Costa Coffee,,,https://www.costa.co.uk/,,GB,Cambridge,https://www.costa.co.uk/?city=Cambridge&country=GB&utm_source=mealdeals_scraper,2026-08-07T20:58:05.415171+00:00
Costa Coffee,,,https://www.costa.co.uk/,,GB,Edinburgh,https://www.costa.co.uk/?city=Edinburgh&country=GB&utm_source=mealdeals_scraper,2026-08-07T20:58:04.844324+00:00
Greene King Pubs,,,https://www.greeneking.co.uk/offers,,GB,Brighton,https://www.greeneking.co.uk/offers?city=Brighton&country=GB&utm_source=mealdeals_scraper,2026-08-07T20:58:05.255926+00:00
Greene King Pubs,,,https://www.greeneking.co.uk/offers,,GB,Bath,https://www.greeneking.co.uk/offers?city=Bath&country=GB&utm_source=mealdeals_scraper,2026-08-07T20:58:05.653941+00:00
Greene King Pubs,,,https://www.greeneking.co.uk/offers,,GB,Oxford,https://www.greeneking.co.uk/offers?city=Oxford&country=GB&utm_source=mealdeals_scraper,2026-08-07T20:58:05.453258+00:00
Greene King Pubs,,,https://www.greeneking.co.uk/offers,,GB,York,https://www.greeneking.co.uk/offers?city=York&country=GB&utm_source=mealdeals_scraper,2026-08-07T20:58:05.613500+00:00
Greene King Pubs,,,https://www.greeneking.co.uk/offers,,GB,Cambridge,https://www.greeneking.co.uk/offers?city=Cambridge&country=GB&utm_source=mealdeals_scraper,2026-08-07T20:58:05.414351+00:00
Greene King Pubs,,,https://www.greeneking.co.uk/offers,,GB,Swansea,https://www.greeneking.co.uk/offers?city=Swansea&country=GB&utm_source=mealdeals_scraper,2026-08-07T20:58:05.573430+00:00
Greene King Pubs,,,https://www.greeneking.co.uk/offers,,GB,Nottingham,https://www.greeneking.co.uk/offers?city=Nottingham&country=GB&utm_source=mealdeals_scraper,2026-08-07T20:58:05.174926+00:00
Greene King Pubs,,,https://www.greeneking.co.uk/offers,,GB,Manchester,https://www.greeneking.co.uk/offers?city=Manchester&country=GB&utm_source=mealdeals_scraper,2026-08-07T20:58:04.684059+00:00
Greene King Pubs,,,https://www.greeneking.co.uk/offers,,GB,Newcastle,https://www.greeneking.co.uk/offers?city=Newcastle&country=GB&utm_source=mealdeals_scraper,2026-08-07T20:58:05.004978+00:00
Greene King Pubs,,,https://www.greeneking.co.uk/offers,,GB,Birmingham,https://www.greeneking.co.uk/offers?city=Birmingham&country=GB&utm_source=mealdeals_scraper,2026-08-07T20:58:04.725407+00:00
Greene King Pubs,,,https://www.greeneking.co.uk/offers,,GB,Cardiff,https://www.greeneking.co.uk/offers?city=Cardiff&country=GB&utm_source=mealdeals_scraper,2026-08-07T20:58:05.046675+00:00
Greene King Pubs,,,https://www.greeneking.co.uk/offers,,GB,Plymouth,https://www.greeneking.co.uk/offers?city=Plymouth&country=GB&utm_source=mealdeals_scraper,2026-08-07T20:58:05.534017+00:00
Greene King Pubs,,,https://www.greeneking.co.uk/offers,,GB,Aberdeen,https://www.greeneking.co.uk/offers?city=Aberdeen&country=GB&utm_source=mealdeals_scraper,2026-08-07T20:58:05.493361+00:00
Greene King Pubs,,,https://www.greeneking.co.uk/offers,,GB,Belfast,https://www.greeneking.co.uk/offers?city=Belfast&country=GB&utm_source=mealdeals_scraper,2026-08-07T20:58:05.087607+00:00
Greene King Pubs,,,https://www.greeneking.co.uk/offers,,GB,Liverpool,https://www.greeneking.co.uk/offers?city=Liverpool&country=GB&utm_source=mealdeals_scraper,2026-08-07T20:58:04.883462+00:00
Greene King Pubs,,,https://www.greeneking.co.uk/offers,,GB,Sheffield,https://www.greeneking.co.uk/offers?city=Sheffield&country=GB&utm_source=mealdeals_scraper,2026-08-07T20:58:04.965633+00:00
Greene King Pubs,,,https://www.greeneking.co.uk/offers,,GB,Coventry,https://www.greeneking.co.uk/offers?city=Coventry&country=GB&utm_source=mealdeals_scraper,2026-08-07T20:58:05.335185+00:00
Greene King Pubs,,,https://www.greeneking.co.uk/offers,,GB,Bristol,https://www.greeneking.co.uk/offers?city=Bristol&country=GB&utm_source=mealdeals_scraper,2026-08-07T20:58:04.922533+00:00
Greene King Pubs,,,https://www.greeneking.co.uk/offers,,GB,Leeds,https://www.greeneking.co.uk/offers?city=Leeds&country=GB&utm_source=mealdeals_scraper,2026-08-07T20:58:04.764397+00:00
Greene King Pubs,,,https://www.greeneking.co.uk/offers,,GB,Edinburgh,https://www.greeneking.co.uk/offers?city=Edinburgh&country=GB&utm_source=mealdeals_scraper,2026-08-07T20:58:04.843508+00:00
Greene King Pubs,,,https://www.greeneking.co.uk/offers,,GB,Glasgow,https://www.greeneking.co.uk/offers?city=Glasgow&country=GB&utm_source=mealdeals_scraper,2026-08-07T20:58:04.803689+00:00
Greene King Pubs,,,https://www.greeneking.co.uk/offers,,GB,London,https://www.greeneking.co.uk/offers?city=London&country=GB&utm_source=mealdeals_scraper,2026-08-07T20:58:04.641189+00:00
Greene King Pubs,,,https://www.greeneking.co.uk/offers,,GB,Reading,https://www.greeneking.co.uk/offers?city=Reading&country=GB&utm_source=mealdeals_scraper,2026-08-07T20:58:05.374859+00:00
Greene King Pubs,,,https://www.greeneking.co.uk/offers,,GB,Southampton,https://www.greeneking.co.uk/offers?city=Southampton&country=GB&utm_source=mealdeals_scraper,2026-08-07T20:58:05.295149+00:00
Greene King Pubs,,,https://www.greeneking.co.uk/offers,,GB,Leicester,https://www.greeneking.co.uk/offers?city=Leicester&country=GB&utm_source=mealdeals_scraper,2026-08-07T20:58:05.215605+00:00
Greggs,,,https://www.greggs.co.uk/,"From sandwiches to pasties, pick a great deal for breakfast and lunch at your local Greggs today.",GB,Southampton,https://www.greggs.co.uk/menu?city=Southampton&country=GB&utm_source=mealdeals_scraper,2026-08-07T20:58:05.293233+00:00
Greggs,,,https://www.greggs.co.uk/,"From sandwiches to pasties, pick a great deal for breakfast and lunch at your local Greggs today.",GB,London,https://www.greggs.co.uk/menu?city=London&country=GB&utm_source=mealdeals_scraper,2026-08-07T20:58:04.639065+00:00
Greggs,,,https://www.greggs.co.uk/,"From sandwiches to pasties, pick a great deal for breakfast and lunch at your local Greggs today.",GB,Bath,https://www.greggs.co.uk/menu?city=Bath&country=GB&utm_source=mealdeals_scraper,2026-08-07T20:58:05.652204+00:00
Greggs,,,https://www.greggs.co.uk/,"From sandwiches to pasties, pick a great deal for breakfast and lunch at your local Greggs today.",GB,Coventry,https://www.greggs.co.uk/menu?city=Coventry&country=GB&utm_source=mealdeals_scraper,2026-08-07T20:58:05.333358+00:00
Greggs,,,https://www.greggs.co.uk/,"From sandwiches to pasties, pick a great deal for breakfast and lunch at your local Greggs today.",GB,Belfast,https://www.greggs.co.uk/menu?city=Belfast&country=GB&utm_source=mealdeals_scraper,2026-08-07T20:58:05.085789+00:00
Greggs,,,https://www.greggs.co.uk/,"From sandwiches to pasties, pick a great deal for breakfast and lunch at your local Greggs today.",GB,Aberdeen,https://www.greggs.co.uk/menu?city=Aberdeen&country=GB&utm_source=mealdeals_scraper,2026-08-07T20:58:05.491511+00:00
Greggs,,,https://www.greggs.co.uk/,"From sandwiches to pasties, pick a great deal for breakfast and lunch at your local Greggs today.",GB,Sheffield,https://www.greggs.co.uk/menu?city=Sheffield&country=GB&utm_source=mealdeals_scraper,2026-08-07T20:58:04.963957+00:00
Greggs,,,https://www.greggs.co.uk/,"From sandwiches to pasties, pick a great deal for breakfast and lunch at your local Greggs today.",GB,Liverpool,https://www.greggs.co.uk/menu?city=Liverpool&country=GB&utm_source=mealdeals_scraper,2026-08-07T20:58:04.881648+00:00
Greggs,,,https://www.greggs.co.uk/,"From sandwiches to pasties, pick a great deal for breakfast and lunch at your local Greggs today.",GB,Newcastle,https://www.greggs.co.uk/menu?city=Newcastle&country=GB&utm_source=mealdeals_scraper,2026-08-07T20:58:05.003102+00:00
Greggs,,,https://www.greggs.co.uk/,"From sandwiches to pasties, pick a great deal for breakfast and lunch at your local Greggs today.",GB,Plymouth,https://www.greggs.co.uk/menu?city=Plymouth&country=GB&utm_source=mealdeals_scraper,2026-08-07T20:58:05.532087+00:00
Greggs,,,https://www.greggs.co.uk/,"From sandwiches to pasties, pick a great deal for breakfast and lunch at your local Greggs today.",GB,Bristol,https://www.greggs.co.uk/menu?city=Bristol&country=GB&utm_source=mealdeals_scraper,2026-08-07T20:58:04.920536+00:00
Greggs,,,https://www.greggs.co.uk/,"From sandwiches to pasties, pick a great deal for breakfast and lunch at your local Greggs today.",GB,Manchester,https://www.greggs.co.uk/menu?city=Manchester&country=GB&utm_source=mealdeals_scraper,2026-08-07T20:58:04.682199+00:00
Greggs,,,https://www.greggs.co.uk/,"From sandwiches to pasties, pick a great deal for breakfast and lunch at your local Greggs today.",GB,Nottingham,https://www.greggs.co.uk/menu?city=Nottingham&country=GB&utm_source=mealdeals_scraper,2026-08-07T20:58:05.173147+00:00
Greggs,,,https://www.greggs.co.uk/,"From sandwiches to pasties, pick a great deal for breakfast and lunch at your local Greggs today.",GB,Glasgow,https://www.greggs.co.uk/menu?city=Glasgow&country=GB&utm_source=mealdeals_scraper,2026-08-07T20:58:04.801913+00:00
Greggs,,,https://www.greggs.co.uk/,"From sandwiches to pasties, pick a great deal for breakfast and lunch at your local Greggs today.",GB,Cardiff,https://www.greggs.co.uk/menu?city=Cardiff&country=GB&utm_source=mealdeals_scraper,2026-08-07T20:58:05.044667+00:00
Greggs,,,https://www.greggs.co.uk/,"From sandwiches to pasties, pick a great deal for breakfast and lunch at your local Greggs today.",GB,Oxford,https://www.greggs.co.uk/menu?city=Oxford&country=GB&utm_source=mealdeals_scraper,2026-08-07T20:58:05.451445+00:00
Greggs,,,https://www.greggs.co.uk/,"From sandwiches to pasties, pick a great deal for breakfast and lunch at your local Greggs today.",GB,Reading,https://www.greggs.co.uk/menu?city=Reading&country=GB&utm_source=mealdeals_scraper,2026-08-07T20:58:05.372985+00:00
Greggs,,,https://www.greggs.co.uk/,"From sandwiches to pasties, pick a great deal for breakfast and lunch at your local Greggs today.",GB,Swansea,https://www.greggs.co.uk/menu?city=Swansea&country=GB&utm_source=mealdeals_scraper,2026-08-07T20:58:05.571678+00:00
Greggs,,,https://www.greggs.co.uk/,"From sandwiches to pasties, pick a great deal for breakfast and lunch at your local Greggs today.",GB,Edinburgh,https://www.greggs.co.uk/menu?city=Edinburgh&country=GB&utm_source=mealdeals_scraper,2026-08-07T20:58:04.841767+00:00
Greggs,,,https://www.greggs.co.uk/,"From sandwiches to pasties, pick a great deal for breakfast and lunch at your local Greggs today.",GB,Brighton,https://www.greggs.co.uk/menu?city=Brighton&country=GB&utm_source=mealdeals_scraper,2026-08-07T20:58:05.254175+00:00
Greggs,,,https://www.greggs.co.uk/,"From sandwiches to pasties, pick a great deal for breakfast and lunch at your local Greggs today.",GB,York,https://www.greggs.co.uk/menu?city=York&country=GB&utm_source=mealdeals_scraper,2026-08-07T20:58:05.611291+00:00
Greggs,,,https://www.greggs.co.uk/,"From sandwiches to pasties, pick a great deal for breakfast and lunch at your local Greggs today.",GB,Birmingham,https://www.greggs.co.uk/menu?city=Birmingham&country=GB&utm_source=mealdeals_scraper,2026-08-07T20:58:04.723489+00:00
Greggs,,,https://www.greggs.co.uk/,"From sandwiches to pasties, pick a great deal for breakfast and lunch at your local Greggs today.",GB,Leicester,https://www.greggs.co.uk/menu?city=Leicester&country=GB&utm_source=mealdeals_scraper,2026-08-07T20:58:05.213533+00:00
Greggs,,,https://www.greggs.co.uk/,"From sandwiches to pasties, pick a great deal for breakfast and lunch at your local Greggs today.",GB,Leeds,https://www.greggs.co.uk/menu?city=Leeds&country=GB&utm_source=mealdeals_scraper,2026-08-07T20:58:04.762383+00:00
Greggs,,,https://www.greggs.co.uk/,"From sandwiches to pasties, pick a great deal for breakfast and lunch at your local Greggs today.",GB,Cambridge,https://www.greggs.co.uk/menu?city=Cambridge&country=GB&utm_source=mealdeals_scraper,2026-08-07T20:58:05.412624+00:00
Hilton Hotels,+1-855-672-1138,,https://www.hilton.com/,"Take advantage of hotel offers, unique promotions, and exclusive online specials directly from Hilton Portfolio.",GB,Reading,https://www.hilton.com/en/offers/?city=Reading&country=GB&utm_source=mealdeals_scraper,2026-08-07T20:58:05.374024+00:00
Hilton Hotels,+1-855-672-1138,,https://www.hilton.com/,"Take advantage of hotel offers, unique promotions, and exclusive online specials directly from Hilton Portfolio.",GB,Leeds,https://www.hilton.com/en/offers/?city=Leeds&country=GB&utm_source=mealdeals_scraper,2026-08-07T20:58:04.763305+00:00
Hilton Hotels,+1-855-672-1138,,https://www.hilton.com/,"Take advantage of hotel offers, unique promotions, and exclusive online specials directly from Hilton Portfolio.",GB,Plymouth,https://www.hilton.com/en/offers/?city=Plymouth&country=GB&utm_source=mealdeals_scraper,2026-08-07T20:58:05.533140+00:00
Hilton Hotels,+1-855-672-1138,,https://www.hilton.com/,"Take advantage of hotel offers, unique promotions, and exclusive online specials directly from Hilton Portfolio.",GB,Aberdeen,https://www.hilton.com/en/offers/?city=Aberdeen&country=GB&utm_source=mealdeals_scraper,2026-08-07T20:58:05.492501+00:00
Hilton Hotels,+1-855-672-1138,,https://www.hilton.com/,"Take advantage of hotel offers, unique promotions, and exclusive online specials directly from Hilton Portfolio.",GB,Belfast,https://www.hilton.com/en/offers/?city=Belfast&country=GB&utm_source=mealdeals_scraper,2026-08-07T20:58:05.086740+00:00
Hilton Hotels,+1-855-672-1138,,https://www.hilton.com/,"Take advantage of hotel offers, unique promotions, and exclusive online specials directly from Hilton Portfolio.",GB,Cardiff,https://www.hilton.com/en/offers/?city=Cardiff&country=GB&utm_source=mealdeals_scraper,2026-08-07T20:58:05.045778+00:00
Hilton Hotels,+1-855-672-1138,,https://www.hilton.com/,"Take advantage of hotel offers, unique promotions, and exclusive online specials directly from Hilton Portfolio.",GB,Brighton,https://www.hilton.com/en/offers/?city=Brighton&country=GB&utm_source=mealdeals_scraper,2026-08-07T20:58:05.255118+00:00
Hilton Hotels,+1-855-672-1138,,https://www.hilton.com/,"Take advantage of hotel offers, unique promotions, and exclusive online specials directly from Hilton Portfolio.",GB,Coventry,https://www.hilton.com/en/offers/?city=Coventry&country=GB&utm_source=mealdeals_scraper,2026-08-07T20:58:05.334317+00:00
Hilton Hotels,+1-855-672-1138,,https://www.hilton.com/,"Take advantage of hotel offers, unique promotions, and exclusive online specials directly from Hilton Portfolio.",GB,Swansea,https://www.hilton.com/en/offers/?city=Swansea&country=GB&utm_source=mealdeals_scraper,2026-08-07T20:58:05.572559+00:00
Hilton Hotels,+1-855-672-1138,,https://www.hilton.com/,"Take advantage of hotel offers, unique promotions, and exclusive online specials directly from Hilton Portfolio.",GB,Manchester,https://www.hilton.com/en/offers/?city=Manchester&country=GB&utm_source=mealdeals_scraper,2026-08-07T20:58:04.683186+00:00
Hilton Hotels,+1-855-672-1138,,https://www.hilton.com/,"Take advantage of hotel offers, unique promotions, and exclusive online specials directly from Hilton Portfolio.",GB,Birmingham,https://www.hilton.com/en/offers/?city=Birmingham&country=GB&utm_source=mealdeals_scraper,2026-08-07T20:58:04.724484+00:00
Hilton Hotels,+1-855-672-1138,,https://www.hilton.com/,"Take advantage of hotel offers, unique promotions, and exclusive online specials directly from Hilton Portfolio.",GB,Nottingham,https://www.hilton.com/en/offers/?city=Nottingham&country=GB&utm_source=mealdeals_scraper,2026-08-07T20:58:05.174068+00:00
Hilton Hotels,+1-855-672-1138,,https://www.hilton.com/,"Take advantage of hotel offers, unique promotions, and exclusive online specials directly from Hilton Portfolio.",GB,Glasgow,https://www.hilton.com/en/offers/?city=Glasgow&country=GB&utm_source=mealdeals_scraper,2026-08-07T20:58:04.802857+00:00
Hilton Hotels,+1-855-672-1138,,https://www.hilton.com/,"Take advantage of hotel offers, unique promotions, and exclusive online specials directly from Hilton Portfolio.",GB,Leicester,https://www.hilton.com/en/offers/?city=Leicester&country=GB&utm_source=mealdeals_scraper,2026-08-07T20:58:05.214665+00:00
Hilton Hotels,+1-855-672-1138,,https://www.hilton.com/,"Take advantage of hotel offers, unique promotions, and exclusive online specials directly from Hilton Portfolio.",GB,Bristol,https://www.hilton.com/en/offers/?city=Bristol&country=GB&utm_source=mealdeals_scraper,2026-08-07T20:58:04.921629+00:00
Hilton Hotels,+1-855-672-1138,,https://www.hilton.com/,"Take advantage of hotel offers, unique promotions, and exclusive online specials directly from Hilton Portfolio.",GB,Oxford,https://www.hilton.com/en/offers/?city=Oxford&country=GB&utm_source=mealdeals_scraper,2026-08-07T20:58:05.452393+00:00
Hilton Hotels,+1-855-672-1138,,https://www.hilton.com/,"Take advantage of hotel offers, unique promotions, and exclusive online specials directly from Hilton Portfolio.",GB,Cambridge,https://www.hilton.com/en/offers/?city=Cambridge&country=GB&utm_source=mealdeals_scraper,2026-08-07T20:58:05.413505+00:00
Hilton Hotels,+1-855-672-1138,,https://www.hilton.com/,"Take advantage of hotel offers, unique promotions, and exclusive online specials directly from Hilton Portfolio.",GB,Edinburgh,https://www.hilton.com/en/offers/?city=Edinburgh&country=GB&utm_source=mealdeals_scraper,2026-08-07T20:58:04.842686+00:00
Hilton Hotels,+1-855-672-1138,,https://www.hilton.com/,"Take advantage of hotel offers, unique promotions, and exclusive online specials directly from Hilton Portfolio.",GB,London,https://www.hilton.com/en/offers/?city=London&country=GB&utm_source=mealdeals_scraper,2026-08-07T20:58:04.640295+00:00
Hilton Hotels,+1-855-672-1138,,https://www.hilton.com/,"Take advantage of hotel offers, unique promotions, and exclusive online specials directly from Hilton Portfolio.",GB,Southampton,https://www.hilton.com/en/offers/?city=Southampton&country=GB&utm_source=mealdeals_scraper,2026-08-07T20:58:05.294267+00:00
Hilton Hotels,+1-855-672-1138,,https://www.hilton.com/,"Take advantage of hotel offers, unique promotions, and exclusive online specials directly from Hilton Portfolio.",GB,Newcastle,https://www.hilton.com/en/offers/?city=Newcastle&country=GB&utm_source=mealdeals_scraper,2026-08-07T20:58:05.004051+00:00
Hilton Hotels,+1-855-672-1138,,https://www.hilton.com/,"Take advantage of hotel offers, unique promotions, and exclusive online specials directly from Hilton Portfolio.",GB,York,https://www.hilton.com/en/offers/?city=York&country=GB&utm_source=mealdeals_scraper,2026-08-07T20:58:05.612418+00:00
Hilton Hotels,+1-855-672-1138,,https://www.hilton.com/,"Take advantage of hotel offers, unique promotions, and exclusive online specials directly from Hilton Portfolio.",GB,Sheffield,https://www.hilton.com/en/offers/?city=Sheffield&country=GB&utm_source=mealdeals_scraper,2026-08-07T20:58:04.964806+00:00
Hilton Hotels,+1-855-672-1138,,https://www.hilton.com/,"Take advantage of hotel offers, unique promotions, and exclusive online specials directly from Hilton Portfolio.",GB,Bath,https://www.hilton.com/en/offers/?city=Bath&country=GB&utm_source=mealdeals_scraper,2026-08-07T20:58:05.653111+00:00
Hilton Hotels,+1-855-672-1138,,https://www.hilton.com/,"Take advantage of hotel offers, unique promotions, and exclusive online specials directly from Hilton Portfolio.",GB,Liverpool,https://www.hilton.com/en/offers/?city=Liverpool&country=GB&utm_source=mealdeals_scraper,2026-08-07T20:58:04.882560+00:00
Nando's Restaurant,,,https://www.nandos.co.uk/,About Us,GB,Manchester,https://www.nandos.co.uk/food/menu?city=Manchester&country=GB&utm_source=mealdeals_scraper,2026-08-07T20:58:04.685307+00:00
Nando's Restaurant,,,https://www.nandos.co.uk/,About Us,GB,Nottingham,https://www.nandos.co.uk/food/menu?city=Nottingham&country=GB&utm_source=mealdeals_scraper,2026-08-07T20:58:05.176526+00:00
Nando's Restaurant,,,https://www.nandos.co.uk/,About Us,GB,Edinburgh,https://www.nandos.co.uk/food/menu?city=Edinburgh&country=GB&utm_source=mealdeals_scraper,2026-08-07T20:58:04.844720+00:00
Nando's Restaurant,,,https://www.nandos.co.uk/,About Us,GB,Plymouth,https://www.nandos.co.uk/food/menu?city=Plymouth&country=GB&utm_source=mealdeals_scraper,2026-08-07T20:58:05.535573+00:00
Nando's Restaurant,,,https://www.nandos.co.uk/,About Us,GB,Leeds,https://www.nandos.co.uk/food/menu?city=Leeds&country=GB&utm_source=mealdeals_scraper,2026-08-07T20:58:04.765834+00:00
Nando's Restaurant,,,https://www.nandos.co.uk/,About Us,GB,Birmingham,https://www.nandos.co.uk/food/menu?city=Birmingham&country=GB&utm_source=mealdeals_scraper,2026-08-07T20:58:04.726712+00:00
Nando's Restaurant,,,https://www.nandos.co.uk/,About Us,GB,Coventry,https://www.nandos.co.uk/food/menu?city=Coventry&country=GB&utm_source=mealdeals_scraper,2026-08-07T20:58:05.336436+00:00
Nando's Restaurant,,,https://www.nandos.co.uk/,About Us,GB,London,https://www.nandos.co.uk/food/menu?city=London&country=GB&utm_source=mealdeals_scraper,2026-08-07T20:58:04.642669+00:00
Nando's Restaurant,,,https://www.nandos.co.uk/,About Us,GB,Southampton,https://www.nandos.co.uk/food/menu?city=Southampton&country=GB&utm_source=mealdeals_scraper,2026-08-07T20:58:05.296426+00:00
Nando's Restaurant,,,https://www.nandos.co.uk/,About Us,GB,Brighton,https://www.nandos.co.uk/food/menu?city=Brighton&country=GB&utm_source=mealdeals_scraper,2026-08-07T20:58:05.257148+00:00
Nando's Restaurant,,,https://www.nandos.co.uk/,About Us,GB,York,https://www.nandos.co.uk/food/menu?city=York&country=GB&utm_source=mealdeals_scraper,2026-08-07T20:58:05.615249+00:00
Nando's Restaurant,,,https://www.nandos.co.uk/,About Us,GB,Cardiff,https://www.nandos.co.uk/food/menu?city=Cardiff&country=GB&utm_source=mealdeals_scraper,2026-08-07T20:58:05.048134+00:00
Nando's Restaurant,,,https://www.nandos.co.uk/,About Us,GB,Oxford,https://www.nandos.co.uk/food/menu?city=Oxford&country=GB&utm_source=mealdeals_scraper,2026-08-07T20:58:05.454741+00:00
Nando's Restaurant,,,https://www.nandos.co.uk/,About Us,GB,Bath,https://www.nandos.co.uk/food/menu?city=Bath&country=GB&utm_source=mealdeals_scraper,2026-08-07T20:58:05.655164+00:00
Nando's Restaurant,,,https://www.nandos.co.uk/,About Us,GB,Swansea,https://www.nandos.co.uk/food/menu?city=Swansea&country=GB&utm_source=mealdeals_scraper,2026-08-07T20:58:05.574671+00:00
Nando's Restaurant,,,https://www.nandos.co.uk/,About Us,GB,Cambridge,https://www.nandos.co.uk/food/menu?city=Cambridge&country=GB&utm_source=mealdeals_scraper,2026-08-07T20:58:05.415570+00:00
Nando's Restaurant,,,https://www.nandos.co.uk/,About Us,GB,Aberdeen,https://www.nandos.co.uk/food/menu?city=Aberdeen&country=GB&utm_source=mealdeals_scraper,2026-08-07T20:58:05.494564+00:00
Nando's Restaurant,,,https://www.nandos.co.uk/,About Us,GB,Glasgow,https://www.nandos.co.uk/food/menu?city=Glasgow&country=GB&utm_source=mealdeals_scraper,2026-08-07T20:58:04.805067+00:00
Nando's Restaurant,,,https://www.nandos.co.uk/,About Us,GB,Leicester,https://www.nandos.co.uk/food/menu?city=Leicester&country=GB&utm_source=mealdeals_scraper,2026-08-07T20:58:05.216946+00:00
Nando's Restaurant,,,https://www.nandos.co.uk/,About Us,GB,Liverpool,https://www.nandos.co.uk/food/menu?city=Liverpool&country=GB&utm_source=mealdeals_scraper,2026-08-07T20:58:04.884755+00:00
Nando's Restaurant,,,https://www.nandos.co.uk/,About Us,GB,Reading,https://www.nandos.co.uk/food/menu?city=Reading&country=GB&utm_source=mealdeals_scraper,2026-08-07T20:58:05.376115+00:00
Nando's Restaurant,,,https://www.nandos.co.uk/,About Us,GB,Bristol,https://www.nandos.co.uk/food/menu?city=Bristol&country=GB&utm_source=mealdeals_scraper,2026-08-07T20:58:04.923778+00:00
Nando's Restaurant,,,https://www.nandos.co.uk/,About Us,GB,Belfast,https://www.nandos.co.uk/food/menu?city=Belfast&country=GB&utm_source=mealdeals_scraper,2026-08-07T20:58:05.088955+00:00
Nando's Restaurant,,,https://www.nandos.co.uk/,About Us,GB,Newcastle,https://www.nandos.co.uk/food/menu?city=Newcastle&country=GB&utm_source=mealdeals_scraper,2026-08-07T20:58:05.006270+00:00
Nando's Restaurant,,,https://www.nandos.co.uk/,About Us,GB,Sheffield,https://www.nandos.co.uk/food/menu?city=Sheffield&country=GB&utm_source=mealdeals_scraper,2026-08-07T20:58:04.966804+00:00
Nyetimber Winery,,,https://nyetimber.com/,,GB,Oxford,https://nyetimber.com/?city=Oxford&country=GB&utm_source=mealdeals_scraper,2026-08-07T20:58:05.455949+00:00
Nyetimber Winery,,,https://nyetimber.com/,,GB,Leeds,https://nyetimber.com/?city=Leeds&country=GB&utm_source=mealdeals_scraper,2026-08-07T20:58:04.767067+00:00
Nyetimber Winery,,,https://nyetimber.com/,,GB,Southampton,https://nyetimber.com/?city=Southampton&country=GB&utm_source=mealdeals_scraper,2026-08-07T20:58:05.297814+00:00
Nyetimber Winery,,,https://nyetimber.com/,,GB,Birmingham,https://nyetimber.com/?city=Birmingham&country=GB&utm_source=mealdeals_scraper,2026-08-07T20:58:04.727980+00:00
Nyetimber Winery,,,https://nyetimber.com/,,GB,Swansea,https://nyetimber.com/?city=Swansea&country=GB&utm_source=mealdeals_scraper,2026-08-07T20:58:05.575852+00:00
Nyetimber Winery,,,https://nyetimber.com/,,GB,Liverpool,https://nyetimber.com/?city=Liverpool&country=GB&utm_source=mealdeals_scraper,2026-08-07T20:58:04.886024+00:00
Nyetimber Winery,,,https://nyetimber.com/,,GB,Plymouth,https://nyetimber.com/?city=Plymouth&country=GB&utm_source=mealdeals_scraper,2026-08-07T20:58:05.537042+00:00
Nyetimber Winery,,,https://nyetimber.com/,,GB,Coventry,https://nyetimber.com/?city=Coventry&country=GB&utm_source=mealdeals_scraper,2026-08-07T20:58:05.337647+00:00
Nyetimber Winery,,,https://nyetimber.com/,,GB,Cambridge,https://nyetimber.com/?city=Cambridge&country=GB&utm_source=mealdeals_scraper,2026-08-07T20:58:05.416910+00:00
Nyetimber Winery,,,https://nyetimber.com/,,GB,Belfast,https://nyetimber.com/?city=Belfast&country=GB&utm_source=mealdeals_scraper,2026-08-07T20:58:05.090685+00:00
Nyetimber Winery,,,https://nyetimber.com/,,GB,Reading,https://nyetimber.com/?city=Reading&country=GB&utm_source=mealdeals_scraper,2026-08-07T20:58:05.377299+00:00
Nyetimber Winery,,,https://nyetimber.com/,,GB,Aberdeen,https://nyetimber.com/?city=Aberdeen&country=GB&utm_source=mealdeals_scraper,2026-08-07T20:58:05.495743+00:00
Nyetimber Winery,,,https://nyetimber.com/,,GB,Bristol,https://nyetimber.com/?city=Bristol&country=GB&utm_source=mealdeals_scraper,2026-08-07T20:58:04.925011+00:00
Nyetimber Winery,,,https://nyetimber.com/,,GB,Newcastle,https://nyetimber.com/?city=Newcastle&country=GB&utm_source=mealdeals_scraper,2026-08-07T20:58:05.007493+00:00
Nyetimber Winery,,,https://nyetimber.com/,,GB,London,https://nyetimber.com/?city=London&country=GB&utm_source=mealdeals_scraper,2026-08-07T20:58:04.644956+00:00
Nyetimber Winery,,,https://nyetimber.com/,,GB,Brighton,https://nyetimber.com/?city=Brighton&country=GB&utm_source=mealdeals_scraper,2026-08-07T20:58:05.258534+00:00
Nyetimber Winery,,,https://nyetimber.com/,,GB,Cardiff,https://nyetimber.com/?city=Cardiff&country=GB&utm_source=mealdeals_scraper,2026-08-07T20:58:05.049455+00:00
Nyetimber Winery,,,https://nyetimber.com/,,GB,Manchester,https://nyetimber.com/?city=Manchester&country=GB&utm_source=mealdeals_scraper,2026-08-07T20:58:04.686969+00:00
Nyetimber Winery,,,https://nyetimber.com/,,GB,Sheffield,https://nyetimber.com/?city=Sheffield&country=GB&utm_source=mealdeals_scraper,2026-08-07T20:58:04.968015+00:00
Nyetimber Winery,,,https://nyetimber.com/,,GB,Bath,https://nyetimber.com/?city=Bath&country=GB&utm_source=mealdeals_scraper,2026-08-07T20:58:05.656535+00:00
Nyetimber Winery,,,https://nyetimber.com/,,GB,Leicester,https://nyetimber.com/?city=Leicester&country=GB&utm_source=mealdeals_scraper,2026-08-07T20:58:05.218320+00:00
Nyetimber Winery,,,https://nyetimber.com/,,GB,York,https://nyetimber.com/?city=York&country=GB&utm_source=mealdeals_scraper,2026-08-07T20:58:05.616897+00:00
Nyetimber Winery,,,https://nyetimber.com/,,GB,Edinburgh,https://nyetimber.com/?city=Edinburgh&country=GB&utm_source=mealdeals_scraper,2026-08-07T20:58:04.845880+00:00
Nyetimber Winery,,,https://nyetimber.com/,,GB,Nottingham,https://nyetimber.com/?city=Nottingham&country=GB&utm_source=mealdeals_scraper,2026-08-07T20:58:05.178177+00:00
Nyetimber Winery,,,https://nyetimber.com/,,GB,Glasgow,https://nyetimber.com/?city=Glasgow&country=GB&utm_source=mealdeals_scraper,2026-08-07T20:58:04.806365+00:00
PizzaExpress,,,https://www.pizzaexpress.com/,Discover irresistible pizza deals at PizzaExpress. Find exclusive pizza offers and indulge in delicious meals with our latest promotions.,GB,Newcastle,https://www.pizzaexpress.com/offers?city=Newcastle&country=GB&utm_source=mealdeals_scraper,2026-08-07T20:58:05.006660+00:00
PizzaExpress,,,https://www.pizzaexpress.com/,Discover irresistible pizza deals at PizzaExpress. Find exclusive pizza offers and indulge in delicious meals with our latest promotions.,GB,Cambridge,https://www.pizzaexpress.com/offers?city=Cambridge&country=GB&utm_source=mealdeals_scraper,2026-08-07T20:58:05.416046+00:00
PizzaExpress,,,https://www.pizzaexpress.com/,Discover irresistible pizza deals at PizzaExpress. Find exclusive pizza offers and indulge in delicious meals with our latest promotions.,GB,Oxford,https://www.pizzaexpress.com/offers?city=Oxford&country=GB&utm_source=mealdeals_scraper,2026-08-07T20:58:05.455182+00:00
PizzaExpress,,,https://www.pizzaexpress.com/,Discover irresistible pizza deals at PizzaExpress. Find exclusive pizza offers and indulge in delicious meals with our latest promotions.,GB,Nottingham,https://www.pizzaexpress.com/offers?city=Nottingham&country=GB&utm_source=mealdeals_scraper,2026-08-07T20:58:05.177095+00:00
PizzaExpress,,,https://www.pizzaexpress.com/,Discover irresistible pizza deals at PizzaExpress. Find exclusive pizza offers and indulge in delicious meals with our latest promotions.,GB,Reading,https://www.pizzaexpress.com/offers?city=Reading&country=GB&utm_source=mealdeals_scraper,2026-08-07T20:58:05.376513+00:00
PizzaExpress,,,https://www.pizzaexpress.com/,Discover irresistible pizza deals at PizzaExpress. Find exclusive pizza offers and indulge in delicious meals with our latest promotions.,GB,Aberdeen,https://www.pizzaexpress.com/offers?city=Aberdeen&country=GB&utm_source=mealdeals_scraper,2026-08-07T20:58:05.494964+00:00
PizzaExpress,,,https://www.pizzaexpress.com/,Discover irresistible pizza deals at PizzaExpress. Find exclusive pizza offers and indulge in delicious meals with our latest promotions.,GB,Swansea,https://www.pizzaexpress.com/offers?city=Swansea&country=GB&utm_source=mealdeals_scraper,2026-08-07T20:58:05.575090+00:00
PizzaExpress,,,https://www.pizzaexpress.com/,Discover irresistible pizza deals at PizzaExpress. Find exclusive pizza offers and indulge in delicious meals with our latest promotions.,GB,Cardiff,https://www.pizzaexpress.com/offers?city=Cardiff&country=GB&utm_source=mealdeals_scraper,2026-08-07T20:58:05.048559+00:00
PizzaExpress,,,https://www.pizzaexpress.com/,Discover irresistible pizza deals at PizzaExpress. Find exclusive pizza offers and indulge in delicious meals with our latest promotions.,GB,Brighton,https://www.pizzaexpress.com/offers?city=Brighton&country=GB&utm_source=mealdeals_scraper,2026-08-07T20:58:05.257546+00:00
PizzaExpress,,,https://www.pizzaexpress.com/,Discover irresistible pizza deals at PizzaExpress. Find exclusive pizza offers and indulge in delicious meals with our latest promotions.,GB,Southampton,https://www.pizzaexpress.com/offers?city=Southampton&country=GB&utm_source=mealdeals_scraper,2026-08-07T20:58:05.296839+00:00
PizzaExpress,,,https://www.pizzaexpress.com/,Discover irresistible pizza deals at PizzaExpress. Find exclusive pizza offers and indulge in delicious meals with our latest promotions.,GB,Birmingham,https://www.pizzaexpress.com/offers?city=Birmingham&country=GB&utm_source=mealdeals_scraper,2026-08-07T20:58:04.727170+00:00
PizzaExpress,,,https://www.pizzaexpress.com/,Discover irresistible pizza deals at PizzaExpress. Find exclusive pizza offers and indulge in delicious meals with our latest promotions.,GB,Edinburgh,https://www.pizzaexpress.com/offers?city=Edinburgh&country=GB&utm_source=mealdeals_scraper,2026-08-07T20:58:04.845127+00:00
PizzaExpress,,,https://www.pizzaexpress.com/,Discover irresistible pizza deals at PizzaExpress. Find exclusive pizza offers and indulge in delicious meals with our latest promotions.,GB,Plymouth,https://www.pizzaexpress.com/offers?city=Plymouth&country=GB&utm_source=mealdeals_scraper,2026-08-07T20:58:05.536088+00:00
PizzaExpress,,,https://www.pizzaexpress.com/,Discover irresistible pizza deals at PizzaExpress. Find exclusive pizza offers and indulge in delicious meals with our latest promotions.,GB,Leeds,https://www.pizzaexpress.com/offers?city=Leeds&country=GB&utm_source=mealdeals_scraper,2026-08-07T20:58:04.766295+00:00
PizzaExpress,,,https://www.pizzaexpress.com/,Discover irresistible pizza deals at PizzaExpress. Find exclusive pizza offers and indulge in delicious meals with our latest promotions.,GB,Bristol,https://www.pizzaexpress.com/offers?city=Bristol&country=GB&utm_source=mealdeals_scraper,2026-08-07T20:58:04.924197+00:00
PizzaExpress,,,https://www.pizzaexpress.com/,Discover irresistible pizza deals at PizzaExpress. Find exclusive pizza offers and indulge in delicious meals with our latest promotions.,GB,Manchester,https://www.pizzaexpress.com/offers?city=Manchester&country=GB&utm_source=mealdeals_scraper,2026-08-07T20:58:04.685802+00:00
PizzaExpress,,,https://www.pizzaexpress.com/,Discover irresistible pizza deals at PizzaExpress. Find exclusive pizza offers and indulge in delicious meals with our latest promotions.,GB,Glasgow,https://www.pizzaexpress.com/offers?city=Glasgow&country=GB&utm_source=mealdeals_scraper,2026-08-07T20:58:04.805565+00:00
PizzaExpress,,,https://www.pizzaexpress.com/,Discover irresistible pizza deals at PizzaExpress. Find exclusive pizza offers and indulge in delicious meals with our latest promotions.,GB,Belfast,https://www.pizzaexpress.com/offers?city=Belfast&country=GB&utm_source=mealdeals_scraper,2026-08-07T20:58:05.089537+00:00
PizzaExpress,,,https://www.pizzaexpress.com/,Discover irresistible pizza deals at PizzaExpress. Find exclusive pizza offers and indulge in delicious meals with our latest promotions.,GB,Sheffield,https://www.pizzaexpress.com/offers?city=Sheffield&country=GB&utm_source=mealdeals_scraper,2026-08-07T20:58:04.967216+00:00
PizzaExpress,,,https://www.pizzaexpress.com/,Discover irresistible pizza deals at PizzaExpress. Find exclusive pizza offers and indulge in delicious meals with our latest promotions.,GB,London,https://www.pizzaexpress.com/offers?city=London&country=GB&utm_source=mealdeals_scraper,2026-08-07T20:58:04.643254+00:00
PizzaExpress,,,https://www.pizzaexpress.com/,Discover irresistible pizza deals at PizzaExpress. Find exclusive pizza offers and indulge in delicious meals with our latest promotions.,GB,Liverpool,https://www.pizzaexpress.com/offers?city=Liverpool&country=GB&utm_source=mealdeals_scraper,2026-08-07T20:58:04.885164+00:00
PizzaExpress,,,https://www.pizzaexpress.com/,Discover irresistible pizza deals at PizzaExpress. Find exclusive pizza offers and indulge in delicious meals with our latest promotions.,GB,Leicester,https://www.pizzaexpress.com/offers?city=Leicester&country=GB&utm_source=mealdeals_scraper,2026-08-07T20:58:05.217419+00:00
PizzaExpress,,,https://www.pizzaexpress.com/,Discover irresistible pizza deals at PizzaExpress. Find exclusive pizza offers and indulge in delicious meals with our latest promotions.,GB,York,https://www.pizzaexpress.com/offers?city=York&country=GB&utm_source=mealdeals_scraper,2026-08-07T20:58:05.615814+00:00
PizzaExpress,,,https://www.pizzaexpress.com/,Discover irresistible pizza deals at PizzaExpress. Find exclusive pizza offers and indulge in delicious meals with our latest promotions.,GB,Coventry,https://www.pizzaexpress.com/offers?city=Coventry&country=GB&utm_source=mealdeals_scraper,2026-08-07T20:58:05.336836+00:00
PizzaExpress,,,https://www.pizzaexpress.com/,Discover irresistible pizza deals at PizzaExpress. Find exclusive pizza offers and indulge in delicious meals with our latest promotions.,GB,Bath,https://www.pizzaexpress.com/offers?city=Bath&country=GB&utm_source=mealdeals_scraper,2026-08-07T20:58:05.655561+00:00
Premier Inn,,,https://www.premierinn.com/gb/en/deals.html,,GB,Glasgow,https://www.premierinn.com/gb/en/deals.html?city=Glasgow&country=GB&utm_source=mealdeals_scraper,2026-08-07T20:58:04.802413+00:00
Premier Inn,,,https://www.premierinn.com/gb/en/deals.html,,GB,Manchester,https://www.premierinn.com/gb/en/deals.html?city=Manchester&country=GB&utm_source=mealdeals_scraper,2026-08-07T20:58:04.682651+00:00
Premier Inn,,,https://www.premierinn.com/gb/en/deals.html,,GB,Cardiff,https://www.premierinn.com/gb/en/deals.html?city=Cardiff&country=GB&utm_source=mealdeals_scraper,2026-08-07T20:58:05.045234+00:00
Premier Inn,,,https://www.premierinn.com/gb/en/deals.html,,GB,Nottingham,https://www.premierinn.com/gb/en/deals.html?city=Nottingham&country=GB&utm_source=mealdeals_scraper,2026-08-07T20:58:05.173628+00:00
Premier Inn,,,https://www.premierinn.com/gb/en/deals.html,,GB,Bristol,https://www.premierinn.com/gb/en/deals.html?city=Bristol&country=GB&utm_source=mealdeals_scraper,2026-08-07T20:58:04.921108+00:00
Premier Inn,,,https://www.premierinn.com/gb/en/deals.html,,GB,Reading,https://www.premierinn.com/gb/en/deals.html?city=Reading&country=GB&utm_source=mealdeals_scraper,2026-08-07T20:58:05.373522+00:00
Premier Inn,,,https://www.premierinn.com/gb/en/deals.html,,GB,Liverpool,https://www.premierinn.com/gb/en/deals.html?city=Liverpool&country=GB&utm_source=mealdeals_scraper,2026-08-07T20:58:04.882138+00:00
Premier Inn,,,https://www.premierinn.com/gb/en/deals.html,,GB,Newcastle,https://www.premierinn.com/gb/en/deals.html?city=Newcastle&country=GB&utm_source=mealdeals_scraper,2026-08-07T20:58:05.003592+00:00
Premier Inn,,,https://www.premierinn.com/gb/en/deals.html,,GB,Cambridge,https://www.premierinn.com/gb/en/deals.html?city=Cambridge&country=GB&utm_source=mealdeals_scraper,2026-08-07T20:58:05.413087+00:00
Premier Inn,,,https://www.premierinn.com/gb/en/deals.html,,GB,Southampton,https://www.premierinn.com/gb/en/deals.html?city=Southampton&country=GB&utm_source=mealdeals_scraper,2026-08-07T20:58:05.293774+00:00
Premier Inn,,,https://www.premierinn.com/gb/en/deals.html,,GB,Edinburgh,https://www.premierinn.com/gb/en/deals.html?city=Edinburgh&country=GB&utm_source=mealdeals_scraper,2026-08-07T20:58:04.842259+00:00
Premier Inn,,,https://www.premierinn.com/gb/en/deals.html,,GB,Belfast,https://www.premierinn.com/gb/en/deals.html?city=Belfast&country=GB&utm_source=mealdeals_scraper,2026-08-07T20:58:05.086300+00:00
Premier Inn,,,https://www.premierinn.com/gb/en/deals.html,,GB,Sheffield,https://www.premierinn.com/gb/en/deals.html?city=Sheffield&country=GB&utm_source=mealdeals_scraper,2026-08-07T20:58:04.964393+00:00
Premier Inn,,,https://www.premierinn.com/gb/en/deals.html,,GB,Swansea,https://www.premierinn.com/gb/en/deals.html?city=Swansea&country=GB&utm_source=mealdeals_scraper,2026-08-07T20:58:05.572108+00:00
Premier Inn,,,https://www.premierinn.com/gb/en/deals.html,,GB,Aberdeen,https://www.premierinn.com/gb/en/deals.html?city=Aberdeen&country=GB&utm_source=mealdeals_scraper,2026-08-07T20:58:05.492029+00:00
Premier Inn,,,https://www.premierinn.com/gb/en/deals.html,,GB,London,https://www.premierinn.com/gb/en/deals.html?city=London&country=GB&utm_source=mealdeals_scraper,2026-08-07T20:58:04.639647+00:00
Premier Inn,,,https://www.premierinn.com/gb/en/deals.html,,GB,Leicester,https://www.premierinn.com/gb/en/deals.html?city=Leicester&country=GB&utm_source=mealdeals_scraper,2026-08-07T20:58:05.214113+00:00
Premier Inn,,,https://www.premierinn.com/gb/en/deals.html,,GB,Brighton,https://www.premierinn.com/gb/en/deals.html?city=Brighton&country=GB&utm_source=mealdeals_scraper,2026-08-07T20:58:05.254673+00:00
Premier Inn,,,https://www.premierinn.com/gb/en/deals.html,,GB,Coventry,https://www.premierinn.com/gb/en/deals.html?city=Coventry&country=GB&utm_source=mealdeals_scraper,2026-08-07T20:58:05.333839+00:00
Premier Inn,,,https://www.premierinn.com/gb/en/deals.html,,GB,Oxford,https://www.premierinn.com/gb/en/deals.html?city=Oxford&country=GB&utm_source=mealdeals_scraper,2026-08-07T20:58:05.451950+00:00
Premier Inn,,,https://www.premierinn.com/gb/en/deals.html,,GB,Bath,https://www.premierinn.com/gb/en/deals.html?city=Bath&country=GB&utm_source=mealdeals_scraper,2026-08-07T20:58:05.652668+00:00
Premier Inn,,,https://www.premierinn.com/gb/en/deals.html,,GB,Birmingham,https://www.premierinn.com/gb/en/deals.html?city=Birmingham&country=GB&utm_source=mealdeals_scraper,2026-08-07T20:58:04.723985+00:00
Premier Inn,,,https://www.premierinn.com/gb/en/deals.html,,GB,York,https://www.premierinn.com/gb/en/deals.html?city=York&country=GB&utm_source=mealdeals_scraper,2026-08-07T20:58:05.611853+00:00
Premier Inn,,,https://www.premierinn.com/gb/en/deals.html,,GB,Leeds,https://www.premierinn.com/gb/en/deals.html?city=Leeds&country=GB&utm_source=mealdeals_scraper,2026-08-07T20:58:04.762838+00:00
Premier Inn,,,https://www.premierinn.com/gb/en/deals.html,,GB,Plymouth,https://www.premierinn.com/gb/en/deals.html?city=Plymouth&country=GB&utm_source=mealdeals_scraper,2026-08-07T20:58:05.532635+00:00
Pret A Manger,,,https://www.pret.co.uk/,,GB,Oxford,https://www.pret.co.uk/en-GB/meal-deals?city=Oxford&country=GB&utm_source=mealdeals_scraper,2026-08-07T20:58:05.450838+00:00
Pret A Manger,,,https://www.pret.co.uk/,,GB,Aberdeen,https://www.pret.co.uk/en-GB/meal-deals?city=Aberdeen&country=GB&utm_source=mealdeals_scraper,2026-08-07T20:58:05.490993+00:00
Pret A Manger,,,https://www.pret.co.uk/,,GB,London,https://www.pret.co.uk/en-GB/meal-deals?city=London&country=GB&utm_source=mealdeals_scraper,2026-08-07T20:58:04.638514+00:00
Pret A Manger,,,https://www.pret.co.uk/,,GB,York,https://www.pret.co.uk/en-GB/meal-deals?city=York&country=GB&utm_source=mealdeals_scraper,2026-08-07T20:58:05.610720+00:00
Pret A Manger,,,https://www.pret.co.uk/,,GB,Cardiff,https://www.pret.co.uk/en-GB/meal-deals?city=Cardiff&country=GB&utm_source=mealdeals_scraper,2026-08-07T20:58:05.044074+00:00
Pret A Manger,,,https://www.pret.co.uk/,,GB,Nottingham,https://www.pret.co.uk/en-GB/meal-deals?city=Nottingham&country=GB&utm_source=mealdeals_scraper,2026-08-07T20:58:05.172700+00:00
Pret A Manger,,,https://www.pret.co.uk/,,GB,Belfast,https://www.pret.co.uk/en-GB/meal-deals?city=Belfast&country=GB&utm_source=mealdeals_scraper,2026-08-07T20:58:05.085190+00:00
Pret A Manger,,,https://www.pret.co.uk/,,GB,Cambridge,https://www.pret.co.uk/en-GB/meal-deals?city=Cambridge&country=GB&utm_source=mealdeals_scraper,2026-08-07T20:58:05.412139+00:00
Pret A Manger,,,https://www.pret.co.uk/,,GB,Bath,https://www.pret.co.uk/en-GB/meal-deals?city=Bath&country=GB&utm_source=mealdeals_scraper,2026-08-07T20:58:05.651642+00:00
Pret A Manger,,,https://www.pret.co.uk/,,GB,Swansea,https://www.pret.co.uk/en-GB/meal-deals?city=Swansea&country=GB&utm_source=mealdeals_scraper,2026-08-07T20:58:05.571248+00:00
Pret A Manger,,,https://www.pret.co.uk/,,GB,Leicester,https://www.pret.co.uk/en-GB/meal-deals?city=Leicester&country=GB&utm_source=mealdeals_scraper,2026-08-07T20:58:05.212967+00:00
Pret A Manger,,,https://www.pret.co.uk/,,GB,Southampton,https://www.pret.co.uk/en-GB/meal-deals?city=Southampton&country=GB&utm_source=mealdeals_scraper,2026-08-07T20:58:05.292656+00:00
Pret A Manger,,,https://www.pret.co.uk/,,GB,Birmingham,https://www.pret.co.uk/en-GB/meal-deals?city=Birmingham&country=GB&utm_source=mealdeals_scraper,2026-08-07T20:58:04.723022+00:00
Pret A Manger,,,https://www.pret.co.uk/,,GB,Glasgow,https://www.pret.co.uk/en-GB/meal-deals?city=Glasgow&country=GB&utm_source=mealdeals_scraper,2026-08-07T20:58:04.801474+00:00
Pret A Manger,,,https://www.pret.co.uk/,,GB,Newcastle,https://www.pret.co.uk/en-GB/meal-deals?city=Newcastle&country=GB&utm_source=mealdeals_scraper,2026-08-07T20:58:05.002650+00:00
Pret A Manger,,,https://www.pret.co.uk/,,GB,Bristol,https://www.pret.co.uk/en-GB/meal-deals?city=Bristol&country=GB&utm_source=mealdeals_scraper,2026-08-07T20:58:04.920068+00:00
Pret A Manger,,,https://www.pret.co.uk/,,GB,Plymouth,https://www.pret.co.uk/en-GB/meal-deals?city=Plymouth&country=GB&utm_source=mealdeals_scraper,2026-08-07T20:58:05.531498+00:00
Pret A Manger,,,https://www.pret.co.uk/,,GB,Reading,https://www.pret.co.uk/en-GB/meal-deals?city=Reading&country=GB&utm_source=mealdeals_scraper,2026-08-07T20:58:05.372466+00:00
Pret A Manger,,,https://www.pret.co.uk/,,GB,Manchester,https://www.pret.co.uk/en-GB/meal-deals?city=Manchester&country=GB&utm_source=mealdeals_scraper,2026-08-07T20:58:04.681647+00:00
Pret A Manger,,,https://www.pret.co.uk/,,GB,Edinburgh,https://www.pret.co.uk/en-GB/meal-deals?city=Edinburgh&country=GB&utm_source=mealdeals_scraper,2026-08-07T20:58:04.841334+00:00
Pret A Manger,,,https://www.pret.co.uk/,,GB,Brighton,https://www.pret.co.uk/en-GB/meal-deals?city=Brighton&country=GB&utm_source=mealdeals_scraper,2026-08-07T20:58:05.253626+00:00
Pret A Manger,,,https://www.pret.co.uk/,,GB,Leeds,https://www.pret.co.uk/en-GB/meal-deals?city=Leeds&country=GB&utm_source=mealdeals_scraper,2026-08-07T20:58:04.761926+00:00
Pret A Manger,,,https://www.pret.co.uk/,,GB,Liverpool,https://www.pret.co.uk/en-GB/meal-deals?city=Liverpool&country=GB&utm_source=mealdeals_scraper,2026-08-07T20:58:04.881220+00:00
Pret A Manger,,,https://www.pret.co.uk/,,GB,Sheffield,https://www.pret.co.uk/en-GB/meal-deals?city=Sheffield&country=GB&utm_source=mealdeals_scraper,2026-08-07T20:58:04.963514+00:00
Pret A Manger,,,https://www.pret.co.uk/,,GB,Coventry,https://www.pret.co.uk/en-GB/meal-deals?city=Coventry&country=GB&utm_source=mealdeals_scraper,2026-08-07T20:58:05.332797+00:00
Ridgeview Wine Estate,01444242040,,https://www.ridgeview.co.uk/,"Pioneers of sparkling wine, Ridgeview's world-class portfolio of award-winning wines are delicately crafted at their estate in Sussex.",GB,Glasgow,https://www.ridgeview.co.uk/?city=Glasgow&country=GB&utm_source=mealdeals_scraper,2026-08-07T20:58:04.806820+00:00
Ridgeview Wine Estate,01444242040,,https://www.ridgeview.co.uk/,"Pioneers of sparkling wine, Ridgeview's world-class portfolio of award-winning wines are delicately crafted at their estate in Sussex.",GB,Leicester,https://www.ridgeview.co.uk/?city=Leicester&country=GB&utm_source=mealdeals_scraper,2026-08-07T20:58:05.218871+00:00
Ridgeview Wine Estate,01444242040,,https://www.ridgeview.co.uk/,"Pioneers of sparkling wine, Ridgeview's world-class portfolio of award-winning wines are delicately crafted at their estate in Sussex.",GB,Bath,https://www.ridgeview.co.uk/?city=Bath&country=GB&utm_source=mealdeals_scraper,2026-08-07T20:58:05.657077+00:00
Ridgeview Wine Estate,01444242040,,https://www.ridgeview.co.uk/,"Pioneers of sparkling wine, Ridgeview's world-class portfolio of award-winning wines are delicately crafted at their estate in Sussex.",GB,Bristol,https://www.ridgeview.co.uk/?city=Bristol&country=GB&utm_source=mealdeals_scraper,2026-08-07T20:58:04.925482+00:00
Ridgeview Wine Estate,01444242040,,https://www.ridgeview.co.uk/,"Pioneers of sparkling wine, Ridgeview's world-class portfolio of award-winning wines are delicately crafted at their estate in Sussex.",GB,York,https://www.ridgeview.co.uk/?city=York&country=GB&utm_source=mealdeals_scraper,2026-08-07T20:58:05.617455+00:00
Ridgeview Wine Estate,01444242040,,https://www.ridgeview.co.uk/,"Pioneers of sparkling wine, Ridgeview's world-class portfolio of award-winning wines are delicately crafted at their estate in Sussex.",GB,Southampton,https://www.ridgeview.co.uk/?city=Southampton&country=GB&utm_source=mealdeals_scraper,2026-08-07T20:58:05.298378+00:00
Ridgeview Wine Estate,01444242040,,https://www.ridgeview.co.uk/,"Pioneers of sparkling wine, Ridgeview's world-class portfolio of award-winning wines are delicately crafted at their estate in Sussex.",GB,Swansea,https://www.ridgeview.co.uk/?city=Swansea&country=GB&utm_source=mealdeals_scraper,2026-08-07T20:58:05.576293+00:00
Ridgeview Wine Estate,01444242040,,https://www.ridgeview.co.uk/,"Pioneers of sparkling wine, Ridgeview's world-class portfolio of award-winning wines are delicately crafted at their estate in Sussex.",GB,Brighton,https://www.ridgeview.co.uk/?city=Brighton&country=GB&utm_source=mealdeals_scraper,2026-08-07T20:58:05.258983+00:00
Ridgeview Wine Estate,01444242040,,https://www.ridgeview.co.uk/,"Pioneers of sparkling wine, Ridgeview's world-class portfolio of award-winning wines are delicately crafted at their estate in Sussex.",GB,Edinburgh,https://www.ridgeview.co.uk/?city=Edinburgh&country=GB&utm_source=mealdeals_scraper,2026-08-07T20:58:04.846350+00:00
Ridgeview Wine Estate,01444242040,,https://www.ridgeview.co.uk/,"Pioneers of sparkling wine, Ridgeview's world-class portfolio of award-winning wines are delicately crafted at their estate in Sussex.",GB,Nottingham,https://www.ridgeview.co.uk/?city=Nottingham&country=GB&utm_source=mealdeals_scraper,2026-08-07T20:58:05.178787+00:00
Ridgeview Wine Estate,01444242040,,https://www.ridgeview.co.uk/,"Pioneers of sparkling wine, Ridgeview's world-class portfolio of award-winning wines are delicately crafted at their estate in Sussex.",GB,Birmingham,https://www.ridgeview.co.uk/?city=Birmingham&country=GB&utm_source=mealdeals_scraper,2026-08-07T20:58:04.728450+00:00
Ridgeview Wine Estate,01444242040,,https://www.ridgeview.co.uk/,"Pioneers of sparkling wine, Ridgeview's world-class portfolio of award-winning wines are delicately crafted at their estate in Sussex.",GB,Oxford,https://www.ridgeview.co.uk/?city=Oxford&country=GB&utm_source=mealdeals_scraper,2026-08-07T20:58:05.456352+00:00
Ridgeview Wine Estate,01444242040,,https://www.ridgeview.co.uk/,"Pioneers of sparkling wine, Ridgeview's world-class portfolio of award-winning wines are delicately crafted at their estate in Sussex.",GB,Leeds,https://www.ridgeview.co.uk/?city=Leeds&country=GB&utm_source=mealdeals_scraper,2026-08-07T20:58:04.767520+00:00
Ridgeview Wine Estate,01444242040,,https://www.ridgeview.co.uk/,"Pioneers of sparkling wine, Ridgeview's world-class portfolio of award-winning wines are delicately crafted at their estate in Sussex.",GB,Cambridge,https://www.ridgeview.co.uk/?city=Cambridge&country=GB&utm_source=mealdeals_scraper,2026-08-07T20:58:05.417327+00:00
Ridgeview Wine Estate,01444242040,,https://www.ridgeview.co.uk/,"Pioneers of sparkling wine, Ridgeview's world-class portfolio of award-winning wines are delicately crafted at their estate in Sussex.",GB,Aberdeen,https://www.ridgeview.co.uk/?city=Aberdeen&country=GB&utm_source=mealdeals_scraper,2026-08-07T20:58:05.496162+00:00
Ridgeview Wine Estate,01444242040,,https://www.ridgeview.co.uk/,"Pioneers of sparkling wine, Ridgeview's world-class portfolio of award-winning wines are delicately crafted at their estate in Sussex.",GB,Reading,https://www.ridgeview.co.uk/?city=Reading&country=GB&utm_source=mealdeals_scraper,2026-08-07T20:58:05.377740+00:00
Ridgeview Wine Estate,01444242040,,https://www.ridgeview.co.uk/,"Pioneers of sparkling wine, Ridgeview's world-class portfolio of award-winning wines are delicately crafted at their estate in Sussex.",GB,Cardiff,https://www.ridgeview.co.uk/?city=Cardiff&country=GB&utm_source=mealdeals_scraper,2026-08-07T20:58:05.049903+00:00
Ridgeview Wine Estate,01444242040,,https://www.ridgeview.co.uk/,"Pioneers of sparkling wine, Ridgeview's world-class portfolio of award-winning wines are delicately crafted at their estate in Sussex.",GB,Newcastle,https://www.ridgeview.co.uk/?city=Newcastle&country=GB&utm_source=mealdeals_scraper,2026-08-07T20:58:05.007951+00:00
Ridgeview Wine Estate,01444242040,,https://www.ridgeview.co.uk/,"Pioneers of sparkling wine, Ridgeview's world-class portfolio of award-winning wines are delicately crafted at their estate in Sussex.",GB,London,https://www.ridgeview.co.uk/?city=London&country=GB&utm_source=mealdeals_scraper,2026-08-07T20:58:04.645514+00:00
Ridgeview Wine Estate,01444242040,,https://www.ridgeview.co.uk/,"Pioneers of sparkling wine, Ridgeview's world-class portfolio of award-winning wines are delicately crafted at their estate in Sussex.",GB,Coventry,https://www.ridgeview.co.uk/?city=Coventry&country=GB&utm_source=mealdeals_scraper,2026-08-07T20:58:05.338061+00:00
Ridgeview Wine Estate,01444242040,,https://www.ridgeview.co.uk/,"Pioneers of sparkling wine, Ridgeview's world-class portfolio of award-winning wines are delicately crafted at their estate in Sussex.",GB,Liverpool,https://www.ridgeview.co.uk/?city=Liverpool&country=GB&utm_source=mealdeals_scraper,2026-08-07T20:58:04.886484+00:00
Ridgeview Wine Estate,01444242040,,https://www.ridgeview.co.uk/,"Pioneers of sparkling wine, Ridgeview's world-class portfolio of award-winning wines are delicately crafted at their estate in Sussex.",GB,Manchester,https://www.ridgeview.co.uk/?city=Manchester&country=GB&utm_source=mealdeals_scraper,2026-08-07T20:58:04.687535+00:00
Ridgeview Wine Estate,01444242040,,https://www.ridgeview.co.uk/,"Pioneers of sparkling wine, Ridgeview's world-class portfolio of award-winning wines are delicately crafted at their estate in Sussex.",GB,Plymouth,https://www.ridgeview.co.uk/?city=Plymouth&country=GB&utm_source=mealdeals_scraper,2026-08-07T20:58:05.537556+00:00
Ridgeview Wine Estate,01444242040,,https://www.ridgeview.co.uk/,"Pioneers of sparkling wine, Ridgeview's world-class portfolio of award-winning wines are delicately crafted at their estate in Sussex.",GB,Sheffield,https://www.ridgeview.co.uk/?city=Sheffield&country=GB&utm_source=mealdeals_scraper,2026-08-07T20:58:04.968504+00:00
Ridgeview Wine Estate,01444242040,,https://www.ridgeview.co.uk/,"Pioneers of sparkling wine, Ridgeview's world-class portfolio of award-winning wines are delicately crafted at their estate in Sussex.",GB,Belfast,https://www.ridgeview.co.uk/?city=Belfast&country=GB&utm_source=mealdeals_scraper,2026-08-07T20:58:05.091277+00:00
Sainsbury's,,,https://www.sainsburys.co.uk/gol-ui/promotions,,GB,Oxford,https://www.sainsburys.co.uk/gol-ui/promotions?city=Oxford&country=GB&utm_source=mealdeals_scraper,2026-08-07T20:58:05.450283+00:00
Sainsbury's,,,https://www.sainsburys.co.uk/gol-ui/promotions,,GB,Coventry,https://www.sainsburys.co.uk/gol-ui/promotions?city=Coventry&country=GB&utm_source=mealdeals_scraper,2026-08-07T20:58:05.332229+00:00
Sainsbury's,,,https://www.sainsburys.co.uk/gol-ui/promotions,,GB,Sheffield,https://www.sainsburys.co.uk/gol-ui/promotions?city=Sheffield&country=GB&utm_source=mealdeals_scraper,2026-08-07T20:58:04.963022+00:00
Sainsbury's,,,https://www.sainsburys.co.uk/gol-ui/promotions,,GB,Bristol,https://www.sainsburys.co.uk/gol-ui/promotions?city=Bristol&country=GB&utm_source=mealdeals_scraper,2026-08-07T20:58:04.919577+00:00
Sainsbury's,,,https://www.sainsburys.co.uk/gol-ui/promotions,,GB,Southampton,https://www.sainsburys.co.uk/gol-ui/promotions?city=Southampton&country=GB&utm_source=mealdeals_scraper,2026-08-07T20:58:05.292087+00:00
Sainsbury's,,,https://www.sainsburys.co.uk/gol-ui/promotions,,GB,Cardiff,https://www.sainsburys.co.uk/gol-ui/promotions?city=Cardiff&country=GB&utm_source=mealdeals_scraper,2026-08-07T20:58:05.043466+00:00
Sainsbury's,,,https://www.sainsburys.co.uk/gol-ui/promotions,,GB,Reading,https://www.sainsburys.co.uk/gol-ui/promotions?city=Reading&country=GB&utm_source=mealdeals_scraper,2026-08-07T20:58:05.371874+00:00
Sainsbury's,,,https://www.sainsburys.co.uk/gol-ui/promotions,,GB,Manchester,https://www.sainsburys.co.uk/gol-ui/promotions?city=Manchester&country=GB&utm_source=mealdeals_scraper,2026-08-07T20:58:04.681041+00:00
Sainsbury's,,,https://www.sainsburys.co.uk/gol-ui/promotions,,GB,Brighton,https://www.sainsburys.co.uk/gol-ui/promotions?city=Brighton&country=GB&utm_source=mealdeals_scraper,2026-08-07T20:58:05.253043+00:00
Sainsbury's,,,https://www.sainsburys.co.uk/gol-ui/promotions,,GB,Newcastle,https://www.sainsburys.co.uk/gol-ui/promotions?city=Newcastle&country=GB&utm_source=mealdeals_scraper,2026-08-07T20:58:05.002176+00:00
Sainsbury's,,,https://www.sainsburys.co.uk/gol-ui/promotions,,GB,Edinburgh,https://www.sainsburys.co.uk/gol-ui/promotions?city=Edinburgh&country=GB&utm_source=mealdeals_scraper,2026-08-07T20:58:04.840862+00:00
Sainsbury's,,,https://www.sainsburys.co.uk/gol-ui/promotions,,GB,Glasgow,https://www.sainsburys.co.uk/gol-ui/promotions?city=Glasgow&country=GB&utm_source=mealdeals_scraper,2026-08-07T20:58:04.800999+00:00
Sainsbury's,,,https://www.sainsburys.co.uk/gol-ui/promotions,,GB,Swansea,https://www.sainsburys.co.uk/gol-ui/promotions?city=Swansea&country=GB&utm_source=mealdeals_scraper,2026-08-07T20:58:05.570785+00:00
Sainsbury's,,,https://www.sainsburys.co.uk/gol-ui/promotions,,GB,Plymouth,https://www.sainsburys.co.uk/gol-ui/promotions?city=Plymouth&country=GB&utm_source=mealdeals_scraper,2026-08-07T20:58:05.530918+00:00
Sainsbury's,,,https://www.sainsburys.co.uk/gol-ui/promotions,,GB,Leeds,https://www.sainsburys.co.uk/gol-ui/promotions?city=Leeds&country=GB&utm_source=mealdeals_scraper,2026-08-07T20:58:04.761476+00:00
Sainsbury's,,,https://www.sainsburys.co.uk/gol-ui/promotions,,GB,Nottingham,https://www.sainsburys.co.uk/gol-ui/promotions?city=Nottingham&country=GB&utm_source=mealdeals_scraper,2026-08-07T20:58:05.172255+00:00
Sainsbury's,,,https://www.sainsburys.co.uk/gol-ui/promotions,,GB,Leicester,https://www.sainsburys.co.uk/gol-ui/promotions?city=Leicester&country=GB&utm_source=mealdeals_scraper,2026-08-07T20:58:05.212373+00:00
Sainsbury's,,,https://www.sainsburys.co.uk/gol-ui/promotions,,GB,Bath,https://www.sainsburys.co.uk/gol-ui/promotions?city=Bath&country=GB&utm_source=mealdeals_scraper,2026-08-07T20:58:05.651045+00:00
Sainsbury's,,,https://www.sainsburys.co.uk/gol-ui/promotions,,GB,Birmingham,https://www.sainsburys.co.uk/gol-ui/promotions?city=Birmingham&country=GB&utm_source=mealdeals_scraper,2026-08-07T20:58:04.722528+00:00
Sainsbury's,,,https://www.sainsburys.co.uk/gol-ui/promotions,,GB,Belfast,https://www.sainsburys.co.uk/gol-ui/promotions?city=Belfast&country=GB&utm_source=mealdeals_scraper,2026-08-07T20:58:05.084614+00:00
Sainsbury's,,,https://www.sainsburys.co.uk/gol-ui/promotions,,GB,Aberdeen,https://www.sainsburys.co.uk/gol-ui/promotions?city=Aberdeen&country=GB&utm_source=mealdeals_scraper,2026-08-07T20:58:05.490405+00:00
Sainsbury's,,,https://www.sainsburys.co.uk/gol-ui/promotions,,GB,Liverpool,https://www.sainsburys.co.uk/gol-ui/promotions?city=Liverpool&country=GB&utm_source=mealdeals_scraper,2026-08-07T20:58:04.880755+00:00
Sainsbury's,,,https://www.sainsburys.co.uk/gol-ui/promotions,,GB,York,https://www.sainsburys.co.uk/gol-ui/promotions?city=York&country=GB&utm_source=mealdeals_scraper,2026-08-07T20:58:05.610148+00:00
Sainsbury's,,,https://www.sainsburys.co.uk/gol-ui/promotions,,GB,Cambridge,https://www.sainsburys.co.uk/gol-ui/promotions?city=Cambridge&country=GB&utm_source=mealdeals_scraper,2026-08-07T20:58:05.411553+00:00
Sainsbury's,,,https://www.sainsburys.co.uk/gol-ui/promotions,,GB,London,https://www.sainsburys.co.uk/gol-ui/promotions?city=London&country=GB&utm_source=mealdeals_scraper,2026-08-07T20:58:04.637889+00:00
Tesco,,,https://www.tesco.com/groceries/en-GB/promotions,,GB,Bath,https://www.tesco.com/groceries/en-GB/promotions?city=Bath&country=GB&utm_source=mealdeals_scraper,2026-08-07T20:58:05.650422+00:00
Tesco,,,https://www.tesco.com/groceries/en-GB/promotions,,GB,Nottingham,https://www.tesco.com/groceries/en-GB/promotions?city=Nottingham&country=GB&utm_source=mealdeals_scraper,2026-08-07T20:58:05.171735+00:00
Tesco,,,https://www.tesco.com/groceries/en-GB/promotions,,GB,Leicester,https://www.tesco.com/groceries/en-GB/promotions?city=Leicester&country=GB&utm_source=mealdeals_scraper,2026-08-07T20:58:05.211754+00:00
Tesco,,,https://www.tesco.com/groceries/en-GB/promotions,,GB,Manchester,https://www.tesco.com/groceries/en-GB/promotions?city=Manchester&country=GB&utm_source=mealdeals_scraper,2026-08-07T20:58:04.680371+00:00
Tesco,,,https://www.tesco.com/groceries/en-GB/promotions,,GB,Brighton,https://www.tesco.com/groceries/en-GB/promotions?city=Brighton&country=GB&utm_source=mealdeals_scraper,2026-08-07T20:58:05.252410+00:00
Tesco,,,https://www.tesco.com/groceries/en-GB/promotions,,GB,London,https://www.tesco.com/groceries/en-GB/promotions?city=London&country=GB&utm_source=mealdeals_scraper,2026-08-07T20:58:04.635524+00:00
Tesco,,,https://www.tesco.com/groceries/en-GB/promotions,,GB,Southampton,https://www.tesco.com/groceries/en-GB/promotions?city=Southampton&country=GB&utm_source=mealdeals_scraper,2026-08-07T20:58:05.291460+00:00
Tesco,,,https://www.tesco.com/groceries/en-GB/promotions,,GB,Belfast,https://www.tesco.com/groceries/en-GB/promotions?city=Belfast&country=GB&utm_source=mealdeals_scraper,2026-08-07T20:58:05.083951+00:00
Tesco,,,https://www.tesco.com/groceries/en-GB/promotions,,GB,Cardiff,https://www.tesco.com/groceries/en-GB/promotions?city=Cardiff&country=GB&utm_source=mealdeals_scraper,2026-08-07T20:58:05.042793+00:00
Tesco,,,https://www.tesco.com/groceries/en-GB/promotions,,GB,Edinburgh,https://www.tesco.com/groceries/en-GB/promotions?city=Edinburgh&country=GB&utm_source=mealdeals_scraper,2026-08-07T20:58:04.840344+00:00
Tesco,,,https://www.tesco.com/groceries/en-GB/promotions,,GB,Newcastle,https://www.tesco.com/groceries/en-GB/promotions?city=Newcastle&country=GB&utm_source=mealdeals_scraper,2026-08-07T20:58:05.001522+00:00
Tesco,,,https://www.tesco.com/groceries/en-GB/promotions,,GB,Sheffield,https://www.tesco.com/groceries/en-GB/promotions?city=Sheffield&country=GB&utm_source=mealdeals_scraper,2026-08-07T20:58:04.962453+00:00
Tesco,,,https://www.tesco.com/groceries/en-GB/promotions,,GB,Glasgow,https://www.tesco.com/groceries/en-GB/promotions?city=Glasgow&country=GB&utm_source=mealdeals_scraper,2026-08-07T20:58:04.800401+00:00
Tesco,,,https://www.tesco.com/groceries/en-GB/promotions,,GB,Leeds,https://www.tesco.com/groceries/en-GB/promotions?city=Leeds&country=GB&utm_source=mealdeals_scraper,2026-08-07T20:58:04.760907+00:00
Tesco,,,https://www.tesco.com/groceries/en-GB/promotions,,GB,Birmingham,https://www.tesco.com/groceries/en-GB/promotions?city=Birmingham&country=GB&utm_source=mealdeals_scraper,2026-08-07T20:58:04.721990+00:00
Tesco,,,https://www.tesco.com/groceries/en-GB/promotions,,GB,Liverpool,https://www.tesco.com/groceries/en-GB/promotions?city=Liverpool&country=GB&utm_source=mealdeals_scraper,2026-08-07T20:58:04.880217+00:00
Tesco,,,https://www.tesco.com/groceries/en-GB/promotions,,GB,Coventry,https://www.tesco.com/groceries/en-GB/promotions?city=Coventry&country=GB&utm_source=mealdeals_scraper,2026-08-07T20:58:05.331594+00:00
Tesco,,,https://www.tesco.com/groceries/en-GB/promotions,,GB,Reading,https://www.tesco.com/groceries/en-GB/promotions?city=Reading&country=GB&utm_source=mealdeals_scraper,2026-08-07T20:58:05.371228+00:00
Tesco,,,https://www.tesco.com/groceries/en-GB/promotions,,GB,Bristol,https://www.tesco.com/groceries/en-GB/promotions?city=Bristol&country=GB&utm_source=mealdeals_scraper,2026-08-07T20:58:04.918992+00:00
Tesco,,,https://www.tesco.com/groceries/en-GB/promotions,,GB,York,https://www.tesco.com/groceries/en-GB/promotions?city=York&country=GB&utm_source=mealdeals_scraper,2026-08-07T20:58:05.609512+00:00
Tesco,,,https://www.tesco.com/groceries/en-GB/promotions,,GB,Swansea,https://www.tesco.com/groceries/en-GB/promotions?city=Swansea&country=GB&utm_source=mealdeals_scraper,2026-08-07T20:58:05.570273+00:00
Tesco,,,https://www.tesco.com/groceries/en-GB/promotions,,GB,Plymouth,https://www.tesco.com/groceries/en-GB/promotions?city=Plymouth&country=GB&utm_source=mealdeals_scraper,2026-08-07T20:58:05.530251+00:00
Tesco,,,https://www.tesco.com/groceries/en-GB/promotions,,GB,Oxford,https://www.tesco.com/groceries/en-GB/promotions?city=Oxford&country=GB&utm_source=mealdeals_scraper,2026-08-07T20:58:05.449669+00:00
Tesco,,,https://www.tesco.com/groceries/en-GB/promotions,,GB,Aberdeen,https://www.tesco.com/groceries/en-GB/promotions?city=Aberdeen&country=GB&utm_source=mealdeals_scraper,2026-08-07T20:58:05.489763+00:00
Tesco,,,https://www.tesco.com/groceries/en-GB/promotions,,GB,Cambridge,https://www.tesco.com/groceries/en-GB/promotions?city=Cambridge&country=GB&utm_source=mealdeals_scraper,2026-08-07T20:58:05.410923+00:00
Wetherspoons,,,https://www.jdwetherspoon.com/menu/,,GB,Bath,https://www.jdwetherspoon.com/menu/?city=Bath&country=GB&utm_source=mealdeals_scraper,2026-08-07T20:58:05.653524+00:00
Wetherspoons,,,https://www.jdwetherspoon.com/menu/,,GB,Glasgow,https://www.jdwetherspoon.com/menu/?city=Glasgow&country=GB&utm_source=mealdeals_scraper,2026-08-07T20:58:04.803281+00:00
Wetherspoons,,,https://www.jdwetherspoon.com/menu/,,GB,Oxford,https://www.jdwetherspoon.com/menu/?city=Oxford&country=GB&utm_source=mealdeals_scraper,2026-08-07T20:58:05.452812+00:00
Wetherspoons,,,https://www.jdwetherspoon.com/menu/,,GB,Aberdeen,https://www.jdwetherspoon.com/menu/?city=Aberdeen&country=GB&utm_source=mealdeals_scraper,2026-08-07T20:58:05.492931+00:00
Wetherspoons,,,https://www.jdwetherspoon.com/menu/,,GB,Bristol,https://www.jdwetherspoon.com/menu/?city=Bristol&country=GB&utm_source=mealdeals_scraper,2026-08-07T20:58:04.922091+00:00
Wetherspoons,,,https://www.jdwetherspoon.com/menu/,,GB,Liverpool,https://www.jdwetherspoon.com/menu/?city=Liverpool&country=GB&utm_source=mealdeals_scraper,2026-08-07T20:58:04.882989+00:00
Wetherspoons,,,https://www.jdwetherspoon.com/menu/,,GB,Belfast,https://www.jdwetherspoon.com/menu/?city=Belfast&country=GB&utm_source=mealdeals_scraper,2026-08-07T20:58:05.087201+00:00
Wetherspoons,,,https://www.jdwetherspoon.com/menu/,,GB,Southampton,https://www.jdwetherspoon.com/menu/?city=Southampton&country=GB&utm_source=mealdeals_scraper,2026-08-07T20:58:05.294706+00:00
Wetherspoons,,,https://www.jdwetherspoon.com/menu/,,GB,Birmingham,https://www.jdwetherspoon.com/menu/?city=Birmingham&country=GB&utm_source=mealdeals_scraper,2026-08-07T20:58:04.724959+00:00
Wetherspoons,,,https://www.jdwetherspoon.com/menu/,,GB,Newcastle,https://www.jdwetherspoon.com/menu/?city=Newcastle&country=GB&utm_source=mealdeals_scraper,2026-08-07T20:58:05.004568+00:00
Wetherspoons,,,https://www.jdwetherspoon.com/menu/,,GB,Leicester,https://www.jdwetherspoon.com/menu/?city=Leicester&country=GB&utm_source=mealdeals_scraper,2026-08-07T20:58:05.215177+00:00
Wetherspoons,,,https://www.jdwetherspoon.com/menu/,,GB,Manchester,https://www.jdwetherspoon.com/menu/?city=Manchester&country=GB&utm_source=mealdeals_scraper,2026-08-07T20:58:04.683631+00:00
Wetherspoons,,,https://www.jdwetherspoon.com/menu/,,GB,York,https://www.jdwetherspoon.com/menu/?city=York&country=GB&utm_source=mealdeals_scraper,2026-08-07T20:58:05.612965+00:00
Wetherspoons,,,https://www.jdwetherspoon.com/menu/,,GB,Leeds,https://www.jdwetherspoon.com/menu/?city=Leeds&country=GB&utm_source=mealdeals_scraper,2026-08-07T20:58:04.763715+00:00
Wetherspoons,,,https://www.jdwetherspoon.com/menu/,,GB,Edinburgh,https://www.jdwetherspoon.com/menu/?city=Edinburgh&country=GB&utm_source=mealdeals_scraper,2026-08-07T20:58:04.843111+00:00
Wetherspoons,,,https://www.jdwetherspoon.com/menu/,,GB,Cambridge,https://www.jdwetherspoon.com/menu/?city=Cambridge&country=GB&utm_source=mealdeals_scraper,2026-08-07T20:58:05.413921+00:00
Wetherspoons,,,https://www.jdwetherspoon.com/menu/,,GB,London,https://www.jdwetherspoon.com/menu/?city=London&country=GB&utm_source=mealdeals_scraper,2026-08-07T20:58:04.640743+00:00
Wetherspoons,,,https://www.jdwetherspoon.com/menu/,,GB,Reading,https://www.jdwetherspoon.com/menu/?city=Reading&country=GB&utm_source=mealdeals_scraper,2026-08-07T20:58:05.374457+00:00
Wetherspoons,,,https://www.jdwetherspoon.com/menu/,,GB,Sheffield,https://www.jdwetherspoon.com/menu/?city=Sheffield&country=GB&utm_source=mealdeals_scraper,2026-08-07T20:58:04.965237+00:00
Wetherspoons,,,https://www.jdwetherspoon.com/menu/,,GB,Swansea,https://www.jdwetherspoon.com/menu/?city=Swansea&country=GB&utm_source=mealdeals_scraper,2026-08-07T20:58:05.572975+00:00
Wetherspoons,,,https://www.jdwetherspoon.com/menu/,,GB,Nottingham,https://www.jdwetherspoon.com/menu/?city=Nottingham&country=GB&utm_source=mealdeals_scraper,2026-08-07T20:58:05.174481+00:00
Wetherspoons,,,https://www.jdwetherspoon.com/menu/,,GB,Cardiff,https://www.jdwetherspoon.com/menu/?city=Cardiff&country=GB&utm_source=mealdeals_scraper,2026-08-07T20:58:05.046246+00:00
Wetherspoons,,,https://www.jdwetherspoon.com/menu/,,GB,Plymouth,https://www.jdwetherspoon.com/menu/?city=Plymouth&country=GB&utm_source=mealdeals_scraper,2026-08-07T20:58:05.533571+00:00
Wetherspoons,,,https://www.jdwetherspoon.com/menu/,,GB,Brighton,https://www.jdwetherspoon.com/menu/?city=Brighton&country=GB&utm_source=mealdeals_scraper,2026-08-07T20:58:05.255529+00:00
Wetherspoons,,,https://www.jdwetherspoon.com/menu/,,GB,Coventry,https://www.jdwetherspoon.com/menu/?city=Coventry&country=GB&utm_source=mealdeals_scraper,2026-08-07T20:58:05.334745+00:00
Foodland Grenada,,,https://www.foodlandgrenada.com/,,GD,St Georges,https://www.foodlandgrenada.com/?city=St+Georges&country=GD&utm_source=mealdeals_scraper,2026-08-07T20:58:11.567762+00:00
Hilton Hotels,+1-855-672-1138,,https://www.hilton.com/,"Take advantage of hotel offers, unique promotions, and exclusive online specials directly from Hilton Portfolio.",GD,St Georges,https://www.hilton.com/en/offers/?city=St+Georges&country=GD&utm_source=mealdeals_scraper,2026-08-07T20:58:11.568690+00:00
Ibis Hotel,,,https://all.accor.com/hotel/ibis/index.en.shtml,,GD,St Georges,https://all.accor.com/hotel/ibis/index.en.shtml?city=St+Georges&country=GD&utm_source=mealdeals_scraper,2026-08-07T20:58:11.569120+00:00
Marriott Hotels,,,https://www.marriott.com/,Make the most of your next stay with hotel deals and promotional travel discounts from Marriott Bonvoy.,GD,St Georges,https://www.marriott.com/offers.mi?city=St+Georges&country=GD&utm_source=mealdeals_scraper,2026-08-07T20:58:11.568245+00:00
Real Value Supermarket,,,https://www.realvaluegd.com/,,GD,St Georges,https://www.realvaluegd.com/?city=St+Georges&country=GD&utm_source=mealdeals_scraper,2026-08-07T20:58:11.567141+00:00
Rum Bar,,,https://www.tripadvisor.com/Restaurants,,GD,St Georges,https://www.tripadvisor.com/Restaurants?city=St+Georges&country=GD&utm_source=mealdeals_scraper,2026-08-07T20:58:11.570905+00:00
Sandals Resort,,,https://www.sandals.com/specials/,,GD,St Georges,https://www.sandals.com/specials/?city=St+Georges&country=GD&utm_source=mealdeals_scraper,2026-08-07T20:58:11.570485+00:00
Starbucks Coffee,,,https://www.starbucks.com/,,GD,St Georges,https://www.starbucks.com/menu?city=St+Georges&country=GD&utm_source=mealdeals_scraper,2026-08-07T20:58:11.569543+00:00
City Lodge Hotel,,,https://www.clhg.com/,"Discover modern comfort at City Lodge Hotels – offering stylish accommodations, prime urban locations, and exceptional service for business and leisure travelers. Book your stay today!",GH,Tamale,https://www.clhg.com/?city=Tamale&country=GH&utm_source=mealdeals_scraper,2026-08-07T20:58:11.650330+00:00
City Lodge Hotel,,,https://www.clhg.com/,"Discover modern comfort at City Lodge Hotels – offering stylish accommodations, prime urban locations, and exceptional service for business and leisure travelers. Book your stay today!",GH,Accra,https://www.clhg.com/?city=Accra&country=GH&utm_source=mealdeals_scraper,2026-08-07T20:58:11.597363+00:00
City Lodge Hotel,,,https://www.clhg.com/,"Discover modern comfort at City Lodge Hotels – offering stylish accommodations, prime urban locations, and exceptional service for business and leisure travelers. Book your stay today!",GH,Kumasi,https://www.clhg.com/?city=Kumasi&country=GH&utm_source=mealdeals_scraper,2026-08-07T20:58:11.624364+00:00
Debonairs Pizza Restaurant,,,https://www.debonairspizza.co.za/,"Discover bold flavours, epic pizzas and unbeatable value at Debonairs Pizza. Order your favourites online now and enjoy fast delivery or easy pickup today.",GH,Accra,https://www.debonairspizza.co.za/?city=Accra&country=GH&utm_source=mealdeals_scraper,2026-08-07T20:58:11.597798+00:00
Debonairs Pizza Restaurant,,,https://www.debonairspizza.co.za/,"Discover bold flavours, epic pizzas and unbeatable value at Debonairs Pizza. Order your favourites online now and enjoy fast delivery or easy pickup today.",GH,Tamale,https://www.debonairspizza.co.za/?city=Tamale&country=GH&utm_source=mealdeals_scraper,2026-08-07T20:58:11.650749+00:00
Debonairs Pizza Restaurant,,,https://www.debonairspizza.co.za/,"Discover bold flavours, epic pizzas and unbeatable value at Debonairs Pizza. Order your favourites online now and enjoy fast delivery or easy pickup today.",GH,Kumasi,https://www.debonairspizza.co.za/?city=Kumasi&country=GH&utm_source=mealdeals_scraper,2026-08-07T20:58:11.624855+00:00
Hilton Hotels,+1-855-672-1138,,https://www.hilton.com/,"Take advantage of hotel offers, unique promotions, and exclusive online specials directly from Hilton Portfolio.",GH,Kumasi,https://www.hilton.com/en/offers/?city=Kumasi&country=GH&utm_source=mealdeals_scraper,2026-08-07T20:58:11.622343+00:00
Hilton Hotels,+1-855-672-1138,,https://www.hilton.com/,"Take advantage of hotel offers, unique promotions, and exclusive online specials directly from Hilton Portfolio.",GH,Accra,https://www.hilton.com/en/offers/?city=Accra&country=GH&utm_source=mealdeals_scraper,2026-08-07T20:58:11.595539+00:00
Hilton Hotels,+1-855-672-1138,,https://www.hilton.com/,"Take advantage of hotel offers, unique promotions, and exclusive online specials directly from Hilton Portfolio.",GH,Tamale,https://www.hilton.com/en/offers/?city=Tamale&country=GH&utm_source=mealdeals_scraper,2026-08-07T20:58:11.648650+00:00
Ibis Hotel,,,https://all.accor.com/hotel/ibis/index.en.shtml,,GH,Kumasi,https://all.accor.com/hotel/ibis/index.en.shtml?city=Kumasi&country=GH&utm_source=mealdeals_scraper,2026-08-07T20:58:11.622903+00:00
Ibis Hotel,,,https://all.accor.com/hotel/ibis/index.en.shtml,,GH,Accra,https://all.accor.com/hotel/ibis/index.en.shtml?city=Accra&country=GH&utm_source=mealdeals_scraper,2026-08-07T20:58:11.596074+00:00
Ibis Hotel,,,https://all.accor.com/hotel/ibis/index.en.shtml,,GH,Tamale,https://all.accor.com/hotel/ibis/index.en.shtml?city=Tamale&country=GH&utm_source=mealdeals_scraper,2026-08-07T20:58:11.649081+00:00
KFC Ghana,,,https://www.kfc.com.gh/,KFC - Ghana,GH,Accra,https://www.kfc.com.gh/?city=Accra&country=GH&utm_source=mealdeals_scraper,2026-08-07T20:58:11.594354+00:00
KFC Ghana,,,https://www.kfc.com.gh/,KFC - Ghana,GH,Kumasi,https://www.kfc.com.gh/?city=Kumasi&country=GH&utm_source=mealdeals_scraper,2026-08-07T20:58:11.621215+00:00
KFC Ghana,,,https://www.kfc.com.gh/,KFC - Ghana,GH,Tamale,https://www.kfc.com.gh/?city=Tamale&country=GH&utm_source=mealdeals_scraper,2026-08-07T20:58:11.647803+00:00
Local Pub & Grill,,,https://www.tripadvisor.com/Restaurants,,GH,Kumasi,https://www.tripadvisor.com/Restaurants?city=Kumasi&country=GH&utm_source=mealdeals_scraper,2026-08-07T20:58:11.623825+00:00
Local Pub & Grill,,,https://www.tripadvisor.com/Restaurants,,GH,Accra,https://www.tripadvisor.com/Restaurants?city=Accra&country=GH&utm_source=mealdeals_scraper,2026-08-07T20:58:11.596949+00:00
Local Pub & Grill,,,https://www.tripadvisor.com/Restaurants,,GH,Tamale,https://www.tripadvisor.com/Restaurants?city=Tamale&country=GH&utm_source=mealdeals_scraper,2026-08-07T20:58:11.649944+00:00
Marriott Hotels,,,https://www.marriott.com/,Make the most of your next stay with hotel deals and promotional travel discounts from Marriott Bonvoy.,GH,Tamale,https://www.marriott.com/offers.mi?city=Tamale&country=GH&utm_source=mealdeals_scraper,2026-08-07T20:58:11.648229+00:00
Marriott Hotels,,,https://www.marriott.com/,Make the most of your next stay with hotel deals and promotional travel discounts from Marriott Bonvoy.,GH,Kumasi,https://www.marriott.com/offers.mi?city=Kumasi&country=GH&utm_source=mealdeals_scraper,2026-08-07T20:58:11.621785+00:00
Marriott Hotels,,,https://www.marriott.com/,Make the most of your next stay with hotel deals and promotional travel discounts from Marriott Bonvoy.,GH,Accra,https://www.marriott.com/offers.mi?city=Accra&country=GH&utm_source=mealdeals_scraper,2026-08-07T20:58:11.594954+00:00
Melcom,,,https://www.melcom.com.gh/,,GH,Accra,https://www.melcom.com.gh/?city=Accra&country=GH&utm_source=mealdeals_scraper,2026-08-07T20:58:11.593156+00:00
Melcom,,,https://www.melcom.com.gh/,,GH,Tamale,https://www.melcom.com.gh/?city=Tamale&country=GH&utm_source=mealdeals_scraper,2026-08-07T20:58:11.646812+00:00
Melcom,,,https://www.melcom.com.gh/,,GH,Kumasi,https://www.melcom.com.gh/?city=Kumasi&country=GH&utm_source=mealdeals_scraper,2026-08-07T20:58:11.619991+00:00
Papaye,,,https://www.papaye.com.gh/,,GH,Kumasi,https://www.papaye.com.gh/?city=Kumasi&country=GH&utm_source=mealdeals_scraper,2026-08-07T20:58:11.620625+00:00
Papaye,,,https://www.papaye.com.gh/,,GH,Tamale,https://www.papaye.com.gh/?city=Tamale&country=GH&utm_source=mealdeals_scraper,2026-08-07T20:58:11.647333+00:00
Papaye,,,https://www.papaye.com.gh/,,GH,Accra,https://www.papaye.com.gh/?city=Accra&country=GH&utm_source=mealdeals_scraper,2026-08-07T20:58:11.593773+00:00
Starbucks Coffee,,,https://www.starbucks.com/,,GH,Kumasi,https://www.starbucks.com/menu?city=Kumasi&country=GH&utm_source=mealdeals_scraper,2026-08-07T20:58:11.623373+00:00
Starbucks Coffee,,,https://www.starbucks.com/,,GH,Tamale,https://www.starbucks.com/menu?city=Tamale&country=GH&utm_source=mealdeals_scraper,2026-08-07T20:58:11.649520+00:00
Starbucks Coffee,,,https://www.starbucks.com/,,GH,Accra,https://www.starbucks.com/menu?city=Accra&country=GH&utm_source=mealdeals_scraper,2026-08-07T20:58:11.596524+00:00
City Lodge Hotel,,,https://www.clhg.com/,"Discover modern comfort at City Lodge Hotels – offering stylish accommodations, prime urban locations, and exceptional service for business and leisure travelers. Book your stay today!",GM,Banjul,https://www.clhg.com/?city=Banjul&country=GM&utm_source=mealdeals_scraper,2026-08-07T20:58:11.673628+00:00
City Lodge Hotel,,,https://www.clhg.com/,"Discover modern comfort at City Lodge Hotels – offering stylish accommodations, prime urban locations, and exceptional service for business and leisure travelers. Book your stay today!",GM,Serekunda,https://www.clhg.com/?city=Serekunda&country=GM&utm_source=mealdeals_scraper,2026-08-07T20:58:11.698712+00:00
Debonairs Pizza Restaurant,,,https://www.debonairspizza.co.za/,"Discover bold flavours, epic pizzas and unbeatable value at Debonairs Pizza. Order your favourites online now and enjoy fast delivery or easy pickup today.",GM,Serekunda,https://www.debonairspizza.co.za/?city=Serekunda&country=GM&utm_source=mealdeals_scraper,2026-08-07T20:58:11.699149+00:00
Debonairs Pizza Restaurant,,,https://www.debonairspizza.co.za/,"Discover bold flavours, epic pizzas and unbeatable value at Debonairs Pizza. Order your favourites online now and enjoy fast delivery or easy pickup today.",GM,Banjul,https://www.debonairspizza.co.za/?city=Banjul&country=GM&utm_source=mealdeals_scraper,2026-08-07T20:58:11.674043+00:00
Hilton Hotels,+1-855-672-1138,,https://www.hilton.com/,"Take advantage of hotel offers, unique promotions, and exclusive online specials directly from Hilton Portfolio.",GM,Banjul,https://www.hilton.com/en/offers/?city=Banjul&country=GM&utm_source=mealdeals_scraper,2026-08-07T20:58:11.671953+00:00
Hilton Hotels,+1-855-672-1138,,https://www.hilton.com/,"Take advantage of hotel offers, unique promotions, and exclusive online specials directly from Hilton Portfolio.",GM,Serekunda,https://www.hilton.com/en/offers/?city=Serekunda&country=GM&utm_source=mealdeals_scraper,2026-08-07T20:58:11.696608+00:00
Ibis Hotel,,,https://all.accor.com/hotel/ibis/index.en.shtml,,GM,Serekunda,https://all.accor.com/hotel/ibis/index.en.shtml?city=Serekunda&country=GM&utm_source=mealdeals_scraper,2026-08-07T20:58:11.697217+00:00
Ibis Hotel,,,https://all.accor.com/hotel/ibis/index.en.shtml,,GM,Banjul,https://all.accor.com/hotel/ibis/index.en.shtml?city=Banjul&country=GM&utm_source=mealdeals_scraper,2026-08-07T20:58:11.672363+00:00
Kairaba Shopping,,,https://www.kairabashopping.com/,,GM,Banjul,https://www.kairabashopping.com/?city=Banjul&country=GM&utm_source=mealdeals_scraper,2026-08-07T20:58:11.670519+00:00
Kairaba Shopping,,,https://www.kairabashopping.com/,,GM,Serekunda,https://www.kairabashopping.com/?city=Serekunda&country=GM&utm_source=mealdeals_scraper,2026-08-07T20:58:11.694801+00:00
Local Pub & Grill,,,https://www.tripadvisor.com/Restaurants,,GM,Serekunda,https://www.tripadvisor.com/Restaurants?city=Serekunda&country=GM&utm_source=mealdeals_scraper,2026-08-07T20:58:11.698287+00:00
Local Pub & Grill,,,https://www.tripadvisor.com/Restaurants,,GM,Banjul,https://www.tripadvisor.com/Restaurants?city=Banjul&country=GM&utm_source=mealdeals_scraper,2026-08-07T20:58:11.673212+00:00
Marriott Hotels,,,https://www.marriott.com/,Make the most of your next stay with hotel deals and promotional travel discounts from Marriott Bonvoy.,GM,Banjul,https://www.marriott.com/offers.mi?city=Banjul&country=GM&utm_source=mealdeals_scraper,2026-08-07T20:58:11.671511+00:00
Marriott Hotels,,,https://www.marriott.com/,Make the most of your next stay with hotel deals and promotional travel discounts from Marriott Bonvoy.,GM,Serekunda,https://www.marriott.com/offers.mi?city=Serekunda&country=GM&utm_source=mealdeals_scraper,2026-08-07T20:58:11.696021+00:00
Starbucks Coffee,,,https://www.starbucks.com/,,GM,Serekunda,https://www.starbucks.com/menu?city=Serekunda&country=GM&utm_source=mealdeals_scraper,2026-08-07T20:58:11.697799+00:00
Starbucks Coffee,,,https://www.starbucks.com/,,GM,Banjul,https://www.starbucks.com/menu?city=Banjul&country=GM&utm_source=mealdeals_scraper,2026-08-07T20:58:11.672807+00:00
Supersaver Gambia,,,https://www.supersaver.gm/,,GM,Serekunda,https://www.supersaver.gm/?city=Serekunda&country=GM&utm_source=mealdeals_scraper,2026-08-07T20:58:11.695426+00:00
Supersaver Gambia,,,https://www.supersaver.gm/,,GM,Banjul,https://www.supersaver.gm/?city=Banjul&country=GM&utm_source=mealdeals_scraper,2026-08-07T20:58:11.671072+00:00
AB Vassilopoulos,,,https://urldefense.com/v3/__https://www.ab.gr/__;!!GF_29dbcQIUBPA!h02v7fbVBTr38_mLc5k5ZKfdrTaLTaExb9Y4jJx-_IxGzkPuhCNPJ0vT_mmwY0UG$ [ab[.]gr],Το supermarket όπως πρέπει να είναι. Τα ΑΒ Βασιλόπουλος σε περιμένουν με τις καλύτερες προσφορές για όλα όσα θα χρειαστείς. Καλώς ήρθες!,GR,Thessaloniki,https://www.ab.gr/?city=Thessaloniki&country=GR&utm_source=mealdeals_scraper,2026-08-07T20:58:11.744072+00:00
AB Vassilopoulos,,,https://urldefense.com/v3/__https://www.ab.gr/__;!!GF_29dbcQIUBPA!h02v7fbVBTr38_mLc5k5ZKfdrTaLTaExb9Y4jJx-_IxGzkPuhCNPJ0vT_mmwY0UG$ [ab[.]gr],Το supermarket όπως πρέπει να είναι. Τα ΑΒ Βασιλόπουλος σε περιμένουν με τις καλύτερες προσφορές για όλα όσα θα χρειαστείς. Καλώς ήρθες!,GR,Athens,https://www.ab.gr/?city=Athens&country=GR&utm_source=mealdeals_scraper,2026-08-07T20:58:11.719045+00:00
AB Vassilopoulos,,,https://urldefense.com/v3/__https://www.ab.gr/__;!!GF_29dbcQIUBPA!h02v7fbVBTr38_mLc5k5ZKfdrTaLTaExb9Y4jJx-_IxGzkPuhCNPJ0vT_mmwY0UG$ [ab[.]gr],Το supermarket όπως πρέπει να είναι. Τα ΑΒ Βασιλόπουλος σε περιμένουν με τις καλύτερες προσφορές για όλα όσα θα χρειαστείς. Καλώς ήρθες!,GR,Heraklion,https://www.ab.gr/?city=Heraklion&country=GR&utm_source=mealdeals_scraper,2026-08-07T20:58:11.769309+00:00
Accor Hotels,,,https://all.accor.com/,"Discover exclusive hotel offers, bonus Reward Points, unforgettable experiences and member benefits that elevate every journey with ALL Accor.",GR,Heraklion,https://all.accor.com/a/en/offers.html?city=Heraklion&country=GR&utm_source=mealdeals_scraper,2026-08-07T20:58:11.771966+00:00
Accor Hotels,,,https://all.accor.com/,"Discover exclusive hotel offers, bonus Reward Points, unforgettable experiences and member benefits that elevate every journey with ALL Accor.",GR,Thessaloniki,https://all.accor.com/a/en/offers.html?city=Thessaloniki&country=GR&utm_source=mealdeals_scraper,2026-08-07T20:58:11.747163+00:00
Accor Hotels,,,https://all.accor.com/,"Discover exclusive hotel offers, bonus Reward Points, unforgettable experiences and member benefits that elevate every journey with ALL Accor.",GR,Athens,https://all.accor.com/a/en/offers.html?city=Athens&country=GR&utm_source=mealdeals_scraper,2026-08-07T20:58:11.722423+00:00
Hard Rock Cafe,+1-800-201-1949,,https://cafe.hardrock.com/,"Welcome to Hard Rock Cafe, our music themed restaurant, serving up Legendary burgers and more.",GR,Athens,https://www.hardrockcafe.com/?city=Athens&country=GR&utm_source=mealdeals_scraper,2026-08-07T20:58:11.722882+00:00
Hard Rock Cafe,+1-800-201-1949,,https://cafe.hardrock.com/,"Welcome to Hard Rock Cafe, our music themed restaurant, serving up Legendary burgers and more.",GR,Thessaloniki,https://www.hardrockcafe.com/?city=Thessaloniki&country=GR&utm_source=mealdeals_scraper,2026-08-07T20:58:11.747573+00:00
Hard Rock Cafe,+1-800-201-1949,,https://cafe.hardrock.com/,"Welcome to Hard Rock Cafe, our music themed restaurant, serving up Legendary burgers and more.",GR,Heraklion,https://www.hardrockcafe.com/?city=Heraklion&country=GR&utm_source=mealdeals_scraper,2026-08-07T20:58:11.772364+00:00
Hilton Hotels,+1-855-672-1138,,https://www.hilton.com/,"Take advantage of hotel offers, unique promotions, and exclusive online specials directly from Hilton Portfolio.",GR,Heraklion,https://www.hilton.com/en/offers/?city=Heraklion&country=GR&utm_source=mealdeals_scraper,2026-08-07T20:58:11.770284+00:00
Hilton Hotels,+1-855-672-1138,,https://www.hilton.com/,"Take advantage of hotel offers, unique promotions, and exclusive online specials directly from Hilton Portfolio.",GR,Athens,https://www.hilton.com/en/offers/?city=Athens&country=GR&utm_source=mealdeals_scraper,2026-08-07T20:58:11.720248+00:00
Hilton Hotels,+1-855-672-1138,,https://www.hilton.com/,"Take advantage of hotel offers, unique promotions, and exclusive online specials directly from Hilton Portfolio.",GR,Thessaloniki,https://www.hilton.com/en/offers/?city=Thessaloniki&country=GR&utm_source=mealdeals_scraper,2026-08-07T20:58:11.745190+00:00
Ibis Hotel,,,https://all.accor.com/hotel/ibis/index.en.shtml,,GR,Athens,https://all.accor.com/hotel/ibis/index.en.shtml?city=Athens&country=GR&utm_source=mealdeals_scraper,2026-08-07T20:58:11.720837+00:00
Ibis Hotel,,,https://all.accor.com/hotel/ibis/index.en.shtml,,GR,Heraklion,https://all.accor.com/hotel/ibis/index.en.shtml?city=Heraklion&country=GR&utm_source=mealdeals_scraper,2026-08-07T20:58:11.770715+00:00
Ibis Hotel,,,https://all.accor.com/hotel/ibis/index.en.shtml,,GR,Thessaloniki,https://all.accor.com/hotel/ibis/index.en.shtml?city=Thessaloniki&country=GR&utm_source=mealdeals_scraper,2026-08-07T20:58:11.745786+00:00
Local Pub & Grill,,,https://www.tripadvisor.com/Restaurants,,GR,Athens,https://www.tripadvisor.com/Restaurants?city=Athens&country=GR&utm_source=mealdeals_scraper,2026-08-07T20:58:11.721960+00:00
Local Pub & Grill,,,https://www.tripadvisor.com/Restaurants,,GR,Heraklion,https://www.tripadvisor.com/Restaurants?city=Heraklion&country=GR&utm_source=mealdeals_scraper,2026-08-07T20:58:11.771557+00:00
Local Pub & Grill,,,https://www.tripadvisor.com/Restaurants,,GR,Thessaloniki,https://www.tripadvisor.com/Restaurants?city=Thessaloniki&country=GR&utm_source=mealdeals_scraper,2026-08-07T20:58:11.746716+00:00
Marriott Hotels,,,https://www.marriott.com/,Make the most of your next stay with hotel deals and promotional travel discounts from Marriott Bonvoy.,GR,Thessaloniki,https://www.marriott.com/offers.mi?city=Thessaloniki&country=GR&utm_source=mealdeals_scraper,2026-08-07T20:58:11.744621+00:00
Marriott Hotels,,,https://www.marriott.com/,Make the most of your next stay with hotel deals and promotional travel discounts from Marriott Bonvoy.,GR,Heraklion,https://www.marriott.com/offers.mi?city=Heraklion&country=GR&utm_source=mealdeals_scraper,2026-08-07T20:58:11.769822+00:00
Marriott Hotels,,,https://www.marriott.com/,Make the most of your next stay with hotel deals and promotional travel discounts from Marriott Bonvoy.,GR,Athens,https://www.marriott.com/offers.mi?city=Athens&country=GR&utm_source=mealdeals_scraper,2026-08-07T20:58:11.719646+00:00
Sklavenitis,,,https://www.sklavenitis.gr/,,GR,Heraklion,https://www.sklavenitis.gr/?city=Heraklion&country=GR&utm_source=mealdeals_scraper,2026-08-07T20:58:11.768688+00:00
Sklavenitis,,,https://www.sklavenitis.gr/,,GR,Thessaloniki,https://www.sklavenitis.gr/?city=Thessaloniki&country=GR&utm_source=mealdeals_scraper,2026-08-07T20:58:11.743478+00:00
Sklavenitis,,,https://www.sklavenitis.gr/,,GR,Athens,https://www.sklavenitis.gr/?city=Athens&country=GR&utm_source=mealdeals_scraper,2026-08-07T20:58:11.718387+00:00
Starbucks Coffee,,,https://www.starbucks.com/,,GR,Athens,https://www.starbucks.com/menu?city=Athens&country=GR&utm_source=mealdeals_scraper,2026-08-07T20:58:11.721391+00:00
Starbucks Coffee,,,https://www.starbucks.com/,,GR,Heraklion,https://www.starbucks.com/menu?city=Heraklion&country=GR&utm_source=mealdeals_scraper,2026-08-07T20:58:11.771153+00:00
Starbucks Coffee,,,https://www.starbucks.com/,,GR,Thessaloniki,https://www.starbucks.com/menu?city=Thessaloniki&country=GR&utm_source=mealdeals_scraper,2026-08-07T20:58:11.746274+00:00
Chili's Restaurant,,,https://www.chilis.com/,"Order online from Chili's Grill & Bar for pickup or delivery. Enjoy fresh burgers, fajitas, ribs, and famous margaritas. Find a location near you today!",GY,Georgetown,https://www.chilis.com/menu?city=Georgetown&country=GY&utm_source=mealdeals_scraper,2026-08-07T20:58:11.795868+00:00
Chili's Restaurant,,,https://www.chilis.com/,"Order online from Chili's Grill & Bar for pickup or delivery. Enjoy fresh burgers, fajitas, ribs, and famous margaritas. Find a location near you today!",GY,Linden,https://www.chilis.com/menu?city=Linden&country=GY&utm_source=mealdeals_scraper,2026-08-07T20:58:11.821594+00:00
Demico House,,,https://www.demicohouse.com/,,GY,Georgetown,https://www.demicohouse.com/?city=Georgetown&country=GY&utm_source=mealdeals_scraper,2026-08-07T20:58:11.792767+00:00
Demico House,,,https://www.demicohouse.com/,,GY,Linden,https://www.demicohouse.com/?city=Linden&country=GY&utm_source=mealdeals_scraper,2026-08-07T20:58:11.817776+00:00
Hilton Hotels,+1-855-672-1138,,https://www.hilton.com/,"Take advantage of hotel offers, unique promotions, and exclusive online specials directly from Hilton Portfolio.",GY,Georgetown,https://www.hilton.com/en/offers/?city=Georgetown&country=GY&utm_source=mealdeals_scraper,2026-08-07T20:58:11.793697+00:00
Hilton Hotels,+1-855-672-1138,,https://www.hilton.com/,"Take advantage of hotel offers, unique promotions, and exclusive online specials directly from Hilton Portfolio.",GY,Linden,https://www.hilton.com/en/offers/?city=Linden&country=GY&utm_source=mealdeals_scraper,2026-08-07T20:58:11.818947+00:00
Holiday Inn Hotel,,,https://www.ihg.com/holidayinn/hotels/us/en/reservation,,GY,Linden,https://www.ihg.com/holidayinn/hotels/us/en/reservation?city=Linden&country=GY&utm_source=mealdeals_scraper,2026-08-07T20:58:11.821170+00:00
Holiday Inn Hotel,,,https://www.ihg.com/holidayinn/hotels/us/en/reservation,,GY,Georgetown,https://www.ihg.com/holidayinn/hotels/us/en/reservation?city=Georgetown&country=GY&utm_source=mealdeals_scraper,2026-08-07T20:58:11.795451+00:00
Ibis Hotel,,,https://all.accor.com/hotel/ibis/index.en.shtml,,GY,Linden,https://all.accor.com/hotel/ibis/index.en.shtml?city=Linden&country=GY&utm_source=mealdeals_scraper,2026-08-07T20:58:11.819514+00:00
Ibis Hotel,,,https://all.accor.com/hotel/ibis/index.en.shtml,,GY,Georgetown,https://all.accor.com/hotel/ibis/index.en.shtml?city=Georgetown&country=GY&utm_source=mealdeals_scraper,2026-08-07T20:58:11.794196+00:00
Local Pub & Grill,,,https://www.tripadvisor.com/Restaurants,,GY,Georgetown,https://www.tripadvisor.com/Restaurants?city=Georgetown&country=GY&utm_source=mealdeals_scraper,2026-08-07T20:58:11.795046+00:00
Local Pub & Grill,,,https://www.tripadvisor.com/Restaurants,,GY,Linden,https://www.tripadvisor.com/Restaurants?city=Linden&country=GY&utm_source=mealdeals_scraper,2026-08-07T20:58:11.820694+00:00
Marriott Hotels,,,https://www.marriott.com/,Make the most of your next stay with hotel deals and promotional travel discounts from Marriott Bonvoy.,GY,Linden,https://www.marriott.com/offers.mi?city=Linden&country=GY&utm_source=mealdeals_scraper,2026-08-07T20:58:11.818361+00:00
Marriott Hotels,,,https://www.marriott.com/,Make the most of your next stay with hotel deals and promotional travel discounts from Marriott Bonvoy.,GY,Georgetown,https://www.marriott.com/offers.mi?city=Georgetown&country=GY&utm_source=mealdeals_scraper,2026-08-07T20:58:11.793255+00:00
Massy SVG,,info@massygroup.com,https://www.massygroup.com/,"Massy is an investment holding company with three main portfolios: Integrated Retail, Gas Products and Motors & Machines. We are a publicly listed company trading on the Jamaica and Trinidad & Tobago Stock Exchanges.",GY,Georgetown,https://www.massygroup.com/?city=Kingstown&country=VC&utm_source=mealdeals_scraper,2026-08-07T20:58:15.105878+00:00
Starbucks Coffee,,,https://www.starbucks.com/,,GY,Georgetown,https://www.starbucks.com/menu?city=Georgetown&country=GY&utm_source=mealdeals_scraper,2026-08-07T20:58:11.794618+00:00
Starbucks Coffee,,,https://www.starbucks.com/,,GY,Linden,https://www.starbucks.com/menu?city=Linden&country=GY&utm_source=mealdeals_scraper,2026-08-07T20:58:11.820104+00:00
Accor Hotels,,,https://all.accor.com/,"Discover exclusive hotel offers, bonus Reward Points, unforgettable experiences and member benefits that elevate every journey with ALL Accor.",HR,Dubrovnik,https://all.accor.com/a/en/offers.html?city=Dubrovnik&country=HR&utm_source=mealdeals_scraper,2026-08-07T20:58:11.896327+00:00
Accor Hotels,,,https://all.accor.com/,"Discover exclusive hotel offers, bonus Reward Points, unforgettable experiences and member benefits that elevate every journey with ALL Accor.",HR,Split,https://all.accor.com/a/en/offers.html?city=Split&country=HR&utm_source=mealdeals_scraper,2026-08-07T20:58:11.870896+00:00
Accor Hotels,,,https://all.accor.com/,"Discover exclusive hotel offers, bonus Reward Points, unforgettable experiences and member benefits that elevate every journey with ALL Accor.",HR,Zagreb,https://all.accor.com/a/en/offers.html?city=Zagreb&country=HR&utm_source=mealdeals_scraper,2026-08-07T20:58:11.846406+00:00
Hard Rock Cafe,+1-800-201-1949,,https://cafe.hardrock.com/,"Welcome to Hard Rock Cafe, our music themed restaurant, serving up Legendary burgers and more.",HR,Split,https://www.hardrockcafe.com/?city=Split&country=HR&utm_source=mealdeals_scraper,2026-08-07T20:58:11.871298+00:00
Hard Rock Cafe,+1-800-201-1949,,https://cafe.hardrock.com/,"Welcome to Hard Rock Cafe, our music themed restaurant, serving up Legendary burgers and more.",HR,Zagreb,https://www.hardrockcafe.com/?city=Zagreb&country=HR&utm_source=mealdeals_scraper,2026-08-07T20:58:11.846855+00:00
Hard Rock Cafe,+1-800-201-1949,,https://cafe.hardrock.com/,"Welcome to Hard Rock Cafe, our music themed restaurant, serving up Legendary burgers and more.",HR,Dubrovnik,https://www.hardrockcafe.com/?city=Dubrovnik&country=HR&utm_source=mealdeals_scraper,2026-08-07T20:58:11.896778+00:00
Hilton Hotels,+1-855-672-1138,,https://www.hilton.com/,"Take advantage of hotel offers, unique promotions, and exclusive online specials directly from Hilton Portfolio.",HR,Split,https://www.hilton.com/en/offers/?city=Split&country=HR&utm_source=mealdeals_scraper,2026-08-07T20:58:11.869293+00:00
Hilton Hotels,+1-855-672-1138,,https://www.hilton.com/,"Take advantage of hotel offers, unique promotions, and exclusive online specials directly from Hilton Portfolio.",HR,Zagreb,https://www.hilton.com/en/offers/?city=Zagreb&country=HR&utm_source=mealdeals_scraper,2026-08-07T20:58:11.844669+00:00
Hilton Hotels,+1-855-672-1138,,https://www.hilton.com/,"Take advantage of hotel offers, unique promotions, and exclusive online specials directly from Hilton Portfolio.",HR,Dubrovnik,https://www.hilton.com/en/offers/?city=Dubrovnik&country=HR&utm_source=mealdeals_scraper,2026-08-07T20:58:11.894370+00:00
Ibis Hotel,,,https://all.accor.com/hotel/ibis/index.en.shtml,,HR,Dubrovnik,https://all.accor.com/hotel/ibis/index.en.shtml?city=Dubrovnik&country=HR&utm_source=mealdeals_scraper,2026-08-07T20:58:11.894935+00:00
Ibis Hotel,,,https://all.accor.com/hotel/ibis/index.en.shtml,,HR,Split,https://all.accor.com/hotel/ibis/index.en.shtml?city=Split&country=HR&utm_source=mealdeals_scraper,2026-08-07T20:58:11.869704+00:00
Ibis Hotel,,,https://all.accor.com/hotel/ibis/index.en.shtml,,HR,Zagreb,https://all.accor.com/hotel/ibis/index.en.shtml?city=Zagreb&country=HR&utm_source=mealdeals_scraper,2026-08-07T20:58:11.845127+00:00
Konzum,0800 400 000,konzum@konzum.hr,https://www.konzum.hr,Svaki dan nešto novo za tebe I Ne propusti! Akcije. Online kupnja. Recepti. Novosti. Oglasi za posao.,HR,Zagreb,https://www.konzum.hr/?city=Dubrovnik&country=HR&utm_source=mealdeals_scraper,2026-08-07T20:58:11.892170+00:00
Local Pub & Grill,,,https://www.tripadvisor.com/Restaurants,,HR,Split,https://www.tripadvisor.com/Restaurants?city=Split&country=HR&utm_source=mealdeals_scraper,2026-08-07T20:58:11.870500+00:00
Local Pub & Grill,,,https://www.tripadvisor.com/Restaurants,,HR,Zagreb,https://www.tripadvisor.com/Restaurants?city=Zagreb&country=HR&utm_source=mealdeals_scraper,2026-08-07T20:58:11.845994+00:00
Local Pub & Grill,,,https://www.tripadvisor.com/Restaurants,,HR,Dubrovnik,https://www.tripadvisor.com/Restaurants?city=Dubrovnik&country=HR&utm_source=mealdeals_scraper,2026-08-07T20:58:11.895906+00:00
Marriott Hotels,,,https://www.marriott.com/,Make the most of your next stay with hotel deals and promotional travel discounts from Marriott Bonvoy.,HR,Split,https://www.marriott.com/offers.mi?city=Split&country=HR&utm_source=mealdeals_scraper,2026-08-07T20:58:11.868823+00:00
Marriott Hotels,,,https://www.marriott.com/,Make the most of your next stay with hotel deals and promotional travel discounts from Marriott Bonvoy.,HR,Zagreb,https://www.marriott.com/offers.mi?city=Zagreb&country=HR&utm_source=mealdeals_scraper,2026-08-07T20:58:11.844193+00:00
Marriott Hotels,,,https://www.marriott.com/,Make the most of your next stay with hotel deals and promotional travel discounts from Marriott Bonvoy.,HR,Dubrovnik,https://www.marriott.com/offers.mi?city=Dubrovnik&country=HR&utm_source=mealdeals_scraper,2026-08-07T20:58:11.893810+00:00
Spar Croatia,0800+77+27,,https://www.spar.hr,Na policama SPAR i INTERSPAR trgovina pronaći ćete sve od dnevno svježih namirnica do proizvoda široke potrošnje za vaše domaćinstvo.,HR,Zagreb,https://www.spar.hr/?city=Zagreb&country=HR&utm_source=mealdeals_scraper,2026-08-07T20:58:11.843424+00:00
Spar Croatia,0800+77+27,,https://www.spar.hr,Na policama SPAR i INTERSPAR trgovina pronaći ćete sve od dnevno svježih namirnica do proizvoda široke potrošnje za vaše domaćinstvo.,HR,Split,https://www.spar.hr/?city=Split&country=HR&utm_source=mealdeals_scraper,2026-08-07T20:58:11.868272+00:00
Spar Croatia,0800+77+27,,https://www.spar.hr,Na policama SPAR i INTERSPAR trgovina pronaći ćete sve od dnevno svježih namirnica do proizvoda široke potrošnje za vaše domaćinstvo.,HR,Dubrovnik,https://www.spar.hr/?city=Dubrovnik&country=HR&utm_source=mealdeals_scraper,2026-08-07T20:58:11.893178+00:00
Starbucks Coffee,,,https://www.starbucks.com/,,HR,Zagreb,https://www.starbucks.com/menu?city=Zagreb&country=HR&utm_source=mealdeals_scraper,2026-08-07T20:58:11.845545+00:00
Starbucks Coffee,,,https://www.starbucks.com/,,HR,Dubrovnik,https://www.starbucks.com/menu?city=Dubrovnik&country=HR&utm_source=mealdeals_scraper,2026-08-07T20:58:11.895441+00:00
Starbucks Coffee,,,https://www.starbucks.com/,,HR,Split,https://www.starbucks.com/menu?city=Split&country=HR&utm_source=mealdeals_scraper,2026-08-07T20:58:11.870109+00:00
Accor Hotels,,,https://all.accor.com/,"Discover exclusive hotel offers, bonus Reward Points, unforgettable experiences and member benefits that elevate every journey with ALL Accor.",ID,Bali,https://all.accor.com/a/en/offers.html?city=Bali&country=ID&utm_source=mealdeals_scraper,2026-08-07T20:58:12.000077+00:00
Accor Hotels,,,https://all.accor.com/,"Discover exclusive hotel offers, bonus Reward Points, unforgettable experiences and member benefits that elevate every journey with ALL Accor.",ID,Surabaya,https://all.accor.com/a/en/offers.html?city=Surabaya&country=ID&utm_source=mealdeals_scraper,2026-08-07T20:58:11.948050+00:00
Accor Hotels,,,https://all.accor.com/,"Discover exclusive hotel offers, bonus Reward Points, unforgettable experiences and member benefits that elevate every journey with ALL Accor.",ID,Jakarta,https://all.accor.com/a/en/offers.html?city=Jakarta&country=ID&utm_source=mealdeals_scraper,2026-08-07T20:58:11.921831+00:00
Accor Hotels,,,https://all.accor.com/,"Discover exclusive hotel offers, bonus Reward Points, unforgettable experiences and member benefits that elevate every journey with ALL Accor.",ID,Bandung,https://all.accor.com/a/en/offers.html?city=Bandung&country=ID&utm_source=mealdeals_scraper,2026-08-07T20:58:11.973535+00:00
Accor Hotels,,,https://all.accor.com/,"Discover exclusive hotel offers, bonus Reward Points, unforgettable experiences and member benefits that elevate every journey with ALL Accor.",ID,Medan,https://all.accor.com/a/en/offers.html?city=Medan&country=ID&utm_source=mealdeals_scraper,2026-08-07T20:58:12.030158+00:00
Alfamart,,,https://www.alfamart.co.id/,,ID,Medan,https://www.alfamart.co.id/?city=Medan&country=ID&utm_source=mealdeals_scraper,2026-08-07T20:58:12.026139+00:00
Alfamart,,,https://www.alfamart.co.id/,,ID,Bandung,https://www.alfamart.co.id/?city=Bandung&country=ID&utm_source=mealdeals_scraper,2026-08-07T20:58:11.970524+00:00
Alfamart,,,https://www.alfamart.co.id/,,ID,Bali,https://www.alfamart.co.id/?city=Bali&country=ID&utm_source=mealdeals_scraper,2026-08-07T20:58:11.996855+00:00
Alfamart,,,https://www.alfamart.co.id/,,ID,Jakarta,https://www.alfamart.co.id/?city=Jakarta&country=ID&utm_source=mealdeals_scraper,2026-08-07T20:58:11.918837+00:00
Alfamart,,,https://www.alfamart.co.id/,,ID,Surabaya,https://www.alfamart.co.id/?city=Surabaya&country=ID&utm_source=mealdeals_scraper,2026-08-07T20:58:11.944297+00:00
Hilton Hotels,+1-855-672-1138,,https://www.hilton.com/,"Take advantage of hotel offers, unique promotions, and exclusive online specials directly from Hilton Portfolio.",ID,Surabaya,https://www.hilton.com/en/offers/?city=Surabaya&country=ID&utm_source=mealdeals_scraper,2026-08-07T20:58:11.946120+00:00
Hilton Hotels,+1-855-672-1138,,https://www.hilton.com/,"Take advantage of hotel offers, unique promotions, and exclusive online specials directly from Hilton Portfolio.",ID,Bali,https://www.hilton.com/en/offers/?city=Bali&country=ID&utm_source=mealdeals_scraper,2026-08-07T20:58:11.998428+00:00
Hilton Hotels,+1-855-672-1138,,https://www.hilton.com/,"Take advantage of hotel offers, unique promotions, and exclusive online specials directly from Hilton Portfolio.",ID,Bandung,https://www.hilton.com/en/offers/?city=Bandung&country=ID&utm_source=mealdeals_scraper,2026-08-07T20:58:11.971849+00:00
Hilton Hotels,+1-855-672-1138,,https://www.hilton.com/,"Take advantage of hotel offers, unique promotions, and exclusive online specials directly from Hilton Portfolio.",ID,Jakarta,https://www.hilton.com/en/offers/?city=Jakarta&country=ID&utm_source=mealdeals_scraper,2026-08-07T20:58:11.920215+00:00
Hilton Hotels,+1-855-672-1138,,https://www.hilton.com/,"Take advantage of hotel offers, unique promotions, and exclusive online specials directly from Hilton Portfolio.",ID,Medan,https://www.hilton.com/en/offers/?city=Medan&country=ID&utm_source=mealdeals_scraper,2026-08-07T20:58:12.027957+00:00
HokBen,,,https://www.hokben.co.id/,HokBen - Restoran Cepat Saji autentik Jepang terfavorit dengan menu lezat dan halal. Nikmati promo terbaru dan temukan restoran HokBen terdekat di kota Anda.,ID,Bandung,https://www.hokben.co.id/?city=Bandung&country=ID&utm_source=mealdeals_scraper,2026-08-07T20:58:11.970989+00:00
HokBen,,,https://www.hokben.co.id/,HokBen - Restoran Cepat Saji autentik Jepang terfavorit dengan menu lezat dan halal. Nikmati promo terbaru dan temukan restoran HokBen terdekat di kota Anda.,ID,Bali,https://www.hokben.co.id/?city=Bali&country=ID&utm_source=mealdeals_scraper,2026-08-07T20:58:11.997467+00:00
HokBen,,,https://www.hokben.co.id/,HokBen - Restoran Cepat Saji autentik Jepang terfavorit dengan menu lezat dan halal. Nikmati promo terbaru dan temukan restoran HokBen terdekat di kota Anda.,ID,Jakarta,https://www.hokben.co.id/?city=Jakarta&country=ID&utm_source=mealdeals_scraper,2026-08-07T20:58:11.919342+00:00
HokBen,,,https://www.hokben.co.id/,HokBen - Restoran Cepat Saji autentik Jepang terfavorit dengan menu lezat dan halal. Nikmati promo terbaru dan temukan restoran HokBen terdekat di kota Anda.,ID,Surabaya,https://www.hokben.co.id/?city=Surabaya&country=ID&utm_source=mealdeals_scraper,2026-08-07T20:58:11.944922+00:00
HokBen,,,https://www.hokben.co.id/,HokBen - Restoran Cepat Saji autentik Jepang terfavorit dengan menu lezat dan halal. Nikmati promo terbaru dan temukan restoran HokBen terdekat di kota Anda.,ID,Medan,https://www.hokben.co.id/?city=Medan&country=ID&utm_source=mealdeals_scraper,2026-08-07T20:58:12.026810+00:00
Ibis Hotel,,,https://all.accor.com/hotel/ibis/index.en.shtml,,ID,Bandung,https://all.accor.com/hotel/ibis/index.en.shtml?city=Bandung&country=ID&utm_source=mealdeals_scraper,2026-08-07T20:58:11.972264+00:00
Ibis Hotel,,,https://all.accor.com/hotel/ibis/index.en.shtml,,ID,Medan,https://all.accor.com/hotel/ibis/index.en.shtml?city=Medan&country=ID&utm_source=mealdeals_scraper,2026-08-07T20:58:12.028459+00:00
Ibis Hotel,,,https://all.accor.com/hotel/ibis/index.en.shtml,,ID,Bali,https://all.accor.com/hotel/ibis/index.en.shtml?city=Bali&country=ID&utm_source=mealdeals_scraper,2026-08-07T20:58:11.998863+00:00
Ibis Hotel,,,https://all.accor.com/hotel/ibis/index.en.shtml,,ID,Surabaya,https://all.accor.com/hotel/ibis/index.en.shtml?city=Surabaya&country=ID&utm_source=mealdeals_scraper,2026-08-07T20:58:11.946708+00:00
Ibis Hotel,,,https://all.accor.com/hotel/ibis/index.en.shtml,,ID,Jakarta,https://all.accor.com/hotel/ibis/index.en.shtml?city=Jakarta&country=ID&utm_source=mealdeals_scraper,2026-08-07T20:58:11.920615+00:00
Indomaret,,,https://www.indomaret.co.id/,,ID,Bali,https://www.indomaret.co.id/?city=Bali&country=ID&utm_source=mealdeals_scraper,2026-08-07T20:58:11.996233+00:00
Indomaret,,,https://www.indomaret.co.id/,,ID,Medan,https://www.indomaret.co.id/?city=Medan&country=ID&utm_source=mealdeals_scraper,2026-08-07T20:58:12.025304+00:00
Indomaret,,,https://www.indomaret.co.id/,,ID,Bandung,https://www.indomaret.co.id/?city=Bandung&country=ID&utm_source=mealdeals_scraper,2026-08-07T20:58:11.970018+00:00
Indomaret,,,https://www.indomaret.co.id/,,ID,Jakarta,https://www.indomaret.co.id/?city=Jakarta&country=ID&utm_source=mealdeals_scraper,2026-08-07T20:58:11.918214+00:00
Indomaret,,,https://www.indomaret.co.id/,,ID,Surabaya,https://www.indomaret.co.id/?city=Surabaya&country=ID&utm_source=mealdeals_scraper,2026-08-07T20:58:11.943699+00:00
Local Pub & Grill,,,https://www.tripadvisor.com/Restaurants,,ID,Jakarta,https://www.tripadvisor.com/Restaurants?city=Jakarta&country=ID&utm_source=mealdeals_scraper,2026-08-07T20:58:11.921416+00:00
Local Pub & Grill,,,https://www.tripadvisor.com/Restaurants,,ID,Bandung,https://www.tripadvisor.com/Restaurants?city=Bandung&country=ID&utm_source=mealdeals_scraper,2026-08-07T20:58:11.973088+00:00
Local Pub & Grill,,,https://www.tripadvisor.com/Restaurants,,ID,Surabaya,https://www.tripadvisor.com/Restaurants?city=Surabaya&country=ID&utm_source=mealdeals_scraper,2026-08-07T20:58:11.947611+00:00
Local Pub & Grill,,,https://www.tripadvisor.com/Restaurants,,ID,Medan,https://www.tripadvisor.com/Restaurants?city=Medan&country=ID&utm_source=mealdeals_scraper,2026-08-07T20:58:12.029674+00:00
Local Pub & Grill,,,https://www.tripadvisor.com/Restaurants,,ID,Bali,https://www.tripadvisor.com/Restaurants?city=Bali&country=ID&utm_source=mealdeals_scraper,2026-08-07T20:58:11.999670+00:00
Marriott Hotels,,,https://www.marriott.com/,Make the most of your next stay with hotel deals and promotional travel discounts from Marriott Bonvoy.,ID,Medan,https://www.marriott.com/offers.mi?city=Medan&country=ID&utm_source=mealdeals_scraper,2026-08-07T20:58:12.027403+00:00
Marriott Hotels,,,https://www.marriott.com/,Make the most of your next stay with hotel deals and promotional travel discounts from Marriott Bonvoy.,ID,Bandung,https://www.marriott.com/offers.mi?city=Bandung&country=ID&utm_source=mealdeals_scraper,2026-08-07T20:58:11.971416+00:00
Marriott Hotels,,,https://www.marriott.com/,Make the most of your next stay with hotel deals and promotional travel discounts from Marriott Bonvoy.,ID,Bali,https://www.marriott.com/offers.mi?city=Bali&country=ID&utm_source=mealdeals_scraper,2026-08-07T20:58:11.997991+00:00
Marriott Hotels,,,https://www.marriott.com/,Make the most of your next stay with hotel deals and promotional travel discounts from Marriott Bonvoy.,ID,Surabaya,https://www.marriott.com/offers.mi?city=Surabaya&country=ID&utm_source=mealdeals_scraper,2026-08-07T20:58:11.945529+00:00
Marriott Hotels,,,https://www.marriott.com/,Make the most of your next stay with hotel deals and promotional travel discounts from Marriott Bonvoy.,ID,Jakarta,https://www.marriott.com/offers.mi?city=Jakarta&country=ID&utm_source=mealdeals_scraper,2026-08-07T20:58:11.919791+00:00
Starbucks Coffee,,,https://www.starbucks.com/,,ID,Bali,https://www.starbucks.com/menu?city=Bali&country=ID&utm_source=mealdeals_scraper,2026-08-07T20:58:11.999265+00:00
Starbucks Coffee,,,https://www.starbucks.com/,,ID,Surabaya,https://www.starbucks.com/menu?city=Surabaya&country=ID&utm_source=mealdeals_scraper,2026-08-07T20:58:11.947184+00:00
Starbucks Coffee,,,https://www.starbucks.com/,,ID,Jakarta,https://www.starbucks.com/menu?city=Jakarta&country=ID&utm_source=mealdeals_scraper,2026-08-07T20:58:11.921034+00:00
Starbucks Coffee,,,https://www.starbucks.com/,,ID,Bandung,https://www.starbucks.com/menu?city=Bandung&country=ID&utm_source=mealdeals_scraper,2026-08-07T20:58:11.972677+00:00
Starbucks Coffee,,,https://www.starbucks.com/,,ID,Medan,https://www.starbucks.com/menu?city=Medan&country=ID&utm_source=mealdeals_scraper,2026-08-07T20:58:12.029087+00:00
Toast Box Cafe,+6598280614,,https://www.toastbox.com.sg/,,ID,Jakarta,https://www.toastbox.com.sg/?city=Jakarta&country=ID&utm_source=mealdeals_scraper,2026-08-07T20:58:11.922222+00:00
Toast Box Cafe,+6598280614,,https://www.toastbox.com.sg/,,ID,Bali,https://www.toastbox.com.sg/?city=Bali&country=ID&utm_source=mealdeals_scraper,2026-08-07T20:58:12.000473+00:00
Toast Box Cafe,+6598280614,,https://www.toastbox.com.sg/,,ID,Bandung,https://www.toastbox.com.sg/?city=Bandung&country=ID&utm_source=mealdeals_scraper,2026-08-07T20:58:11.973955+00:00
Toast Box Cafe,+6598280614,,https://www.toastbox.com.sg/,,ID,Medan,https://www.toastbox.com.sg/?city=Medan&country=ID&utm_source=mealdeals_scraper,2026-08-07T20:58:12.030606+00:00
Toast Box Cafe,+6598280614,,https://www.toastbox.com.sg/,,ID,Surabaya,https://www.toastbox.com.sg/?city=Surabaya&country=ID&utm_source=mealdeals_scraper,2026-08-07T20:58:11.948507+00:00
Centra,,,https://www.centra.ie/,About Centra About Franchise,IE,Galway,https://www.centra.ie/?city=Galway&country=IE&utm_source=mealdeals_scraper,2026-08-07T20:58:08.223162+00:00
Centra,,,https://www.centra.ie/,About Centra About Franchise,IE,Cork,https://www.centra.ie/?city=Cork&country=IE&utm_source=mealdeals_scraper,2026-08-07T20:58:08.199626+00:00
Centra,,,https://www.centra.ie/,About Centra About Franchise,IE,Limerick,https://www.centra.ie/?city=Limerick&country=IE&utm_source=mealdeals_scraper,2026-08-07T20:58:08.246592+00:00
Centra,,,https://www.centra.ie/,About Centra About Franchise,IE,Dublin,https://www.centra.ie/?city=Dublin&country=IE&utm_source=mealdeals_scraper,2026-08-07T20:58:08.175356+00:00
Centra,,,https://www.centra.ie/,About Centra About Franchise,IE,Kilkenny,https://www.centra.ie/?city=Kilkenny&country=IE&utm_source=mealdeals_scraper,2026-08-07T20:58:08.293352+00:00
Centra,,,https://www.centra.ie/,About Centra About Franchise,IE,Waterford,https://www.centra.ie/?city=Waterford&country=IE&utm_source=mealdeals_scraper,2026-08-07T20:58:08.269778+00:00
Centra,,,https://www.centra.ie/,About Centra About Franchise,IE,Wexford,https://www.centra.ie/?city=Wexford&country=IE&utm_source=mealdeals_scraper,2026-08-07T20:58:08.389117+00:00
Centra,,,https://www.centra.ie/,About Centra About Franchise,IE,Dundalk,https://www.centra.ie/?city=Dundalk&country=IE&utm_source=mealdeals_scraper,2026-08-07T20:58:08.364808+00:00
Centra,,,https://www.centra.ie/,About Centra About Franchise,IE,Drogheda,https://www.centra.ie/?city=Drogheda&country=IE&utm_source=mealdeals_scraper,2026-08-07T20:58:08.340720+00:00
Centra,,,https://www.centra.ie/,About Centra About Franchise,IE,Sligo,https://www.centra.ie/?city=Sligo&country=IE&utm_source=mealdeals_scraper,2026-08-07T20:58:08.317906+00:00
Dunnes Stores,,,https://www.dunnesstores.com/offers,,IE,Dundalk,https://www.dunnesstores.com/offers?city=Dundalk&country=IE&utm_source=mealdeals_scraper,2026-08-07T20:58:08.364165+00:00
Dunnes Stores,,,https://www.dunnesstores.com/offers,,IE,Kilkenny,https://www.dunnesstores.com/offers?city=Kilkenny&country=IE&utm_source=mealdeals_scraper,2026-08-07T20:58:08.292731+00:00
Dunnes Stores,,,https://www.dunnesstores.com/offers,,IE,Waterford,https://www.dunnesstores.com/offers?city=Waterford&country=IE&utm_source=mealdeals_scraper,2026-08-07T20:58:08.269159+00:00
Dunnes Stores,,,https://www.dunnesstores.com/offers,,IE,Wexford,https://www.dunnesstores.com/offers?city=Wexford&country=IE&utm_source=mealdeals_scraper,2026-08-07T20:58:08.388564+00:00
Dunnes Stores,,,https://www.dunnesstores.com/offers,,IE,Drogheda,https://www.dunnesstores.com/offers?city=Drogheda&country=IE&utm_source=mealdeals_scraper,2026-08-07T20:58:08.340068+00:00
Dunnes Stores,,,https://www.dunnesstores.com/offers,,IE,Sligo,https://www.dunnesstores.com/offers?city=Sligo&country=IE&utm_source=mealdeals_scraper,2026-08-07T20:58:08.317340+00:00
Dunnes Stores,,,https://www.dunnesstores.com/offers,,IE,Galway,https://www.dunnesstores.com/offers?city=Galway&country=IE&utm_source=mealdeals_scraper,2026-08-07T20:58:08.222624+00:00
Dunnes Stores,,,https://www.dunnesstores.com/offers,,IE,Limerick,https://www.dunnesstores.com/offers?city=Limerick&country=IE&utm_source=mealdeals_scraper,2026-08-07T20:58:08.246031+00:00
Dunnes Stores,,,https://www.dunnesstores.com/offers,,IE,Cork,https://www.dunnesstores.com/offers?city=Cork&country=IE&utm_source=mealdeals_scraper,2026-08-07T20:58:08.199038+00:00
Dunnes Stores,,,https://www.dunnesstores.com/offers,,IE,Dublin,https://www.dunnesstores.com/offers?city=Dublin&country=IE&utm_source=mealdeals_scraper,2026-08-07T20:58:08.174740+00:00
Eddie Rocket's Diner,,info@eddierockets.ie,https://www.eddierockets.ie/,"Enjoy smashed burgers, famous milkshakes and classic diner favourites at Eddie Rocket’s. Find locations across Ireland or order delivery and takeaway today.",IE,Dublin,https://www.eddierockets.ie/?city=Wexford&country=IE&utm_source=mealdeals_scraper,2026-08-07T20:58:08.391993+00:00
Hilton Hotels,+1-855-672-1138,,https://www.hilton.com/,"Take advantage of hotel offers, unique promotions, and exclusive online specials directly from Hilton Portfolio.",IE,Waterford,https://www.hilton.com/en/offers/?city=Waterford&country=IE&utm_source=mealdeals_scraper,2026-08-07T20:58:08.271253+00:00
Hilton Hotels,+1-855-672-1138,,https://www.hilton.com/,"Take advantage of hotel offers, unique promotions, and exclusive online specials directly from Hilton Portfolio.",IE,Wexford,https://www.hilton.com/en/offers/?city=Wexford&country=IE&utm_source=mealdeals_scraper,2026-08-07T20:58:08.390425+00:00
Hilton Hotels,+1-855-672-1138,,https://www.hilton.com/,"Take advantage of hotel offers, unique promotions, and exclusive online specials directly from Hilton Portfolio.",IE,Limerick,https://www.hilton.com/en/offers/?city=Limerick&country=IE&utm_source=mealdeals_scraper,2026-08-07T20:58:08.247941+00:00
Hilton Hotels,+1-855-672-1138,,https://www.hilton.com/,"Take advantage of hotel offers, unique promotions, and exclusive online specials directly from Hilton Portfolio.",IE,Dundalk,https://www.hilton.com/en/offers/?city=Dundalk&country=IE&utm_source=mealdeals_scraper,2026-08-07T20:58:08.366297+00:00
Hilton Hotels,+1-855-672-1138,,https://www.hilton.com/,"Take advantage of hotel offers, unique promotions, and exclusive online specials directly from Hilton Portfolio.",IE,Kilkenny,https://www.hilton.com/en/offers/?city=Kilkenny&country=IE&utm_source=mealdeals_scraper,2026-08-07T20:58:08.294863+00:00
Hilton Hotels,+1-855-672-1138,,https://www.hilton.com/,"Take advantage of hotel offers, unique promotions, and exclusive online specials directly from Hilton Portfolio.",IE,Dublin,https://www.hilton.com/en/offers/?city=Dublin&country=IE&utm_source=mealdeals_scraper,2026-08-07T20:58:08.176778+00:00
Hilton Hotels,+1-855-672-1138,,https://www.hilton.com/,"Take advantage of hotel offers, unique promotions, and exclusive online specials directly from Hilton Portfolio.",IE,Cork,https://www.hilton.com/en/offers/?city=Cork&country=IE&utm_source=mealdeals_scraper,2026-08-07T20:58:08.200944+00:00
Hilton Hotels,+1-855-672-1138,,https://www.hilton.com/,"Take advantage of hotel offers, unique promotions, and exclusive online specials directly from Hilton Portfolio.",IE,Galway,https://www.hilton.com/en/offers/?city=Galway&country=IE&utm_source=mealdeals_scraper,2026-08-07T20:58:08.224471+00:00
Hilton Hotels,+1-855-672-1138,,https://www.hilton.com/,"Take advantage of hotel offers, unique promotions, and exclusive online specials directly from Hilton Portfolio.",IE,Drogheda,https://www.hilton.com/en/offers/?city=Drogheda&country=IE&utm_source=mealdeals_scraper,2026-08-07T20:58:08.342237+00:00
Hilton Hotels,+1-855-672-1138,,https://www.hilton.com/,"Take advantage of hotel offers, unique promotions, and exclusive online specials directly from Hilton Portfolio.",IE,Sligo,https://www.hilton.com/en/offers/?city=Sligo&country=IE&utm_source=mealdeals_scraper,2026-08-07T20:58:08.319300+00:00
Insomnia Coffee,,,https://www.insomniacoffee.ie/,,IE,Cork,https://www.insomniacoffee.ie/?city=Cork&country=IE&utm_source=mealdeals_scraper,2026-08-07T20:58:08.201764+00:00
Insomnia Coffee,,,https://www.insomniacoffee.ie/,,IE,Waterford,https://www.insomniacoffee.ie/?city=Waterford&country=IE&utm_source=mealdeals_scraper,2026-08-07T20:58:08.272094+00:00
Insomnia Coffee,,,https://www.insomniacoffee.ie/,,IE,Kilkenny,https://www.insomniacoffee.ie/?city=Kilkenny&country=IE&utm_source=mealdeals_scraper,2026-08-07T20:58:08.295741+00:00
Insomnia Coffee,,,https://www.insomniacoffee.ie/,,IE,Galway,https://www.insomniacoffee.ie/?city=Galway&country=IE&utm_source=mealdeals_scraper,2026-08-07T20:58:08.225293+00:00
Insomnia Coffee,,,https://www.insomniacoffee.ie/,,IE,Limerick,https://www.insomniacoffee.ie/?city=Limerick&country=IE&utm_source=mealdeals_scraper,2026-08-07T20:58:08.248757+00:00
Insomnia Coffee,,,https://www.insomniacoffee.ie/,,IE,Sligo,https://www.insomniacoffee.ie/?city=Sligo&country=IE&utm_source=mealdeals_scraper,2026-08-07T20:58:08.320140+00:00
Insomnia Coffee,,,https://www.insomniacoffee.ie/,,IE,Dundalk,https://www.insomniacoffee.ie/?city=Dundalk&country=IE&utm_source=mealdeals_scraper,2026-08-07T20:58:08.367170+00:00
Insomnia Coffee,,,https://www.insomniacoffee.ie/,,IE,Dublin,https://www.insomniacoffee.ie/?city=Dublin&country=IE&utm_source=mealdeals_scraper,2026-08-07T20:58:08.177601+00:00
Insomnia Coffee,,,https://www.insomniacoffee.ie/,,IE,Drogheda,https://www.insomniacoffee.ie/?city=Drogheda&country=IE&utm_source=mealdeals_scraper,2026-08-07T20:58:08.343074+00:00
Insomnia Coffee,,,https://www.insomniacoffee.ie/,,IE,Wexford,https://www.insomniacoffee.ie/?city=Wexford&country=IE&utm_source=mealdeals_scraper,2026-08-07T20:58:08.391236+00:00
Nando's Restaurant,,,https://www.nandos.ie/,,IE,Limerick,https://www.nandos.ie/food/menu?city=Limerick&country=IE&utm_source=mealdeals_scraper,2026-08-07T20:58:08.249157+00:00
Nando's Restaurant,,,https://www.nandos.ie/,,IE,Sligo,https://www.nandos.ie/food/menu?city=Sligo&country=IE&utm_source=mealdeals_scraper,2026-08-07T20:58:08.320534+00:00
Nando's Restaurant,,,https://www.nandos.ie/,,IE,Waterford,https://www.nandos.ie/food/menu?city=Waterford&country=IE&utm_source=mealdeals_scraper,2026-08-07T20:58:08.272487+00:00
Nando's Restaurant,,,https://www.nandos.ie/,,IE,Galway,https://www.nandos.ie/food/menu?city=Galway&country=IE&utm_source=mealdeals_scraper,2026-08-07T20:58:08.225704+00:00
Nando's Restaurant,,,https://www.nandos.ie/,,IE,Dundalk,https://www.nandos.ie/food/menu?city=Dundalk&country=IE&utm_source=mealdeals_scraper,2026-08-07T20:58:08.367575+00:00
Nando's Restaurant,,,https://www.nandos.ie/,,IE,Drogheda,https://www.nandos.ie/food/menu?city=Drogheda&country=IE&utm_source=mealdeals_scraper,2026-08-07T20:58:08.343483+00:00
Nando's Restaurant,,,https://www.nandos.ie/,,IE,Wexford,https://www.nandos.ie/food/menu?city=Wexford&country=IE&utm_source=mealdeals_scraper,2026-08-07T20:58:08.391618+00:00
Nando's Restaurant,,,https://www.nandos.ie/,,IE,Cork,https://www.nandos.ie/food/menu?city=Cork&country=IE&utm_source=mealdeals_scraper,2026-08-07T20:58:08.202179+00:00
Nando's Restaurant,,,https://www.nandos.ie/,,IE,Dublin,https://www.nandos.ie/food/menu?city=Dublin&country=IE&utm_source=mealdeals_scraper,2026-08-07T20:58:08.178058+00:00
Nando's Restaurant,,,https://www.nandos.ie/,,IE,Kilkenny,https://www.nandos.ie/food/menu?city=Kilkenny&country=IE&utm_source=mealdeals_scraper,2026-08-07T20:58:08.296179+00:00
Premier Inn,,,https://www.premierinn.com/ie/en/deals.html,,IE,Dundalk,https://www.premierinn.com/ie/en/deals.html?city=Dundalk&country=IE&utm_source=mealdeals_scraper,2026-08-07T20:58:08.365864+00:00
Premier Inn,,,https://www.premierinn.com/ie/en/deals.html,,IE,Drogheda,https://www.premierinn.com/ie/en/deals.html?city=Drogheda&country=IE&utm_source=mealdeals_scraper,2026-08-07T20:58:08.341788+00:00
Premier Inn,,,https://www.premierinn.com/ie/en/deals.html,,IE,Wexford,https://www.premierinn.com/ie/en/deals.html?city=Wexford&country=IE&utm_source=mealdeals_scraper,2026-08-07T20:58:08.390018+00:00
Premier Inn,,,https://www.premierinn.com/ie/en/deals.html,,IE,Waterford,https://www.premierinn.com/ie/en/deals.html?city=Waterford&country=IE&utm_source=mealdeals_scraper,2026-08-07T20:58:08.270806+00:00
Premier Inn,,,https://www.premierinn.com/ie/en/deals.html,,IE,Limerick,https://www.premierinn.com/ie/en/deals.html?city=Limerick&country=IE&utm_source=mealdeals_scraper,2026-08-07T20:58:08.247497+00:00
Premier Inn,,,https://www.premierinn.com/ie/en/deals.html,,IE,Kilkenny,https://www.premierinn.com/ie/en/deals.html?city=Kilkenny&country=IE&utm_source=mealdeals_scraper,2026-08-07T20:58:08.294398+00:00
Premier Inn,,,https://www.premierinn.com/ie/en/deals.html,,IE,Cork,https://www.premierinn.com/ie/en/deals.html?city=Cork&country=IE&utm_source=mealdeals_scraper,2026-08-07T20:58:08.200528+00:00
Premier Inn,,,https://www.premierinn.com/ie/en/deals.html,,IE,Galway,https://www.premierinn.com/ie/en/deals.html?city=Galway&country=IE&utm_source=mealdeals_scraper,2026-08-07T20:58:08.224065+00:00
Premier Inn,,,https://www.premierinn.com/ie/en/deals.html,,IE,Dublin,https://www.premierinn.com/ie/en/deals.html?city=Dublin&country=IE&utm_source=mealdeals_scraper,2026-08-07T20:58:08.176336+00:00
Premier Inn,,,https://www.premierinn.com/ie/en/deals.html,,IE,Sligo,https://www.premierinn.com/ie/en/deals.html?city=Sligo&country=IE&utm_source=mealdeals_scraper,2026-08-07T20:58:08.318863+00:00
Supervalu,,,https://shop.supervalu.ie/,Shop online for your groceries with SuperValu. Same Day Delivery and convenient collection slots at times that suit you.,IE,Sligo,https://shop.supervalu.ie/?city=Sligo&country=IE&utm_source=mealdeals_scraper,2026-08-07T20:58:08.318359+00:00
Supervalu,,,https://shop.supervalu.ie/,Shop online for your groceries with SuperValu. Same Day Delivery and convenient collection slots at times that suit you.,IE,Waterford,https://shop.supervalu.ie/?city=Waterford&country=IE&utm_source=mealdeals_scraper,2026-08-07T20:58:08.270307+00:00
Supervalu,,,https://shop.supervalu.ie/,Shop online for your groceries with SuperValu. Same Day Delivery and convenient collection slots at times that suit you.,IE,Galway,https://shop.supervalu.ie/?city=Galway&country=IE&utm_source=mealdeals_scraper,2026-08-07T20:58:08.223617+00:00
Supervalu,,,https://shop.supervalu.ie/,Shop online for your groceries with SuperValu. Same Day Delivery and convenient collection slots at times that suit you.,IE,Cork,https://shop.supervalu.ie/?city=Cork&country=IE&utm_source=mealdeals_scraper,2026-08-07T20:58:08.200099+00:00
Supervalu,,,https://shop.supervalu.ie/,Shop online for your groceries with SuperValu. Same Day Delivery and convenient collection slots at times that suit you.,IE,Wexford,https://shop.supervalu.ie/?city=Wexford&country=IE&utm_source=mealdeals_scraper,2026-08-07T20:58:08.389556+00:00
Supervalu,,,https://shop.supervalu.ie/,Shop online for your groceries with SuperValu. Same Day Delivery and convenient collection slots at times that suit you.,IE,Kilkenny,https://shop.supervalu.ie/?city=Kilkenny&country=IE&utm_source=mealdeals_scraper,2026-08-07T20:58:08.293925+00:00
Supervalu,,,https://shop.supervalu.ie/,Shop online for your groceries with SuperValu. Same Day Delivery and convenient collection slots at times that suit you.,IE,Limerick,https://shop.supervalu.ie/?city=Limerick&country=IE&utm_source=mealdeals_scraper,2026-08-07T20:58:08.247071+00:00
Supervalu,,,https://shop.supervalu.ie/,Shop online for your groceries with SuperValu. Same Day Delivery and convenient collection slots at times that suit you.,IE,Drogheda,https://shop.supervalu.ie/?city=Drogheda&country=IE&utm_source=mealdeals_scraper,2026-08-07T20:58:08.341299+00:00
Supervalu,,,https://shop.supervalu.ie/,Shop online for your groceries with SuperValu. Same Day Delivery and convenient collection slots at times that suit you.,IE,Dublin,https://shop.supervalu.ie/?city=Dublin&country=IE&utm_source=mealdeals_scraper,2026-08-07T20:58:08.175889+00:00
Supervalu,,,https://shop.supervalu.ie/,Shop online for your groceries with SuperValu. Same Day Delivery and convenient collection slots at times that suit you.,IE,Dundalk,https://shop.supervalu.ie/?city=Dundalk&country=IE&utm_source=mealdeals_scraper,2026-08-07T20:58:08.365307+00:00
Wetherspoons,,,https://www.jdwetherspoon.com/menu/,,IE,Dublin,https://www.jdwetherspoon.com/menu/?city=Dublin&country=IE&utm_source=mealdeals_scraper,2026-08-07T20:58:08.177202+00:00
Wetherspoons,,,https://www.jdwetherspoon.com/menu/,,IE,Galway,https://www.jdwetherspoon.com/menu/?city=Galway&country=IE&utm_source=mealdeals_scraper,2026-08-07T20:58:08.224893+00:00
Wetherspoons,,,https://www.jdwetherspoon.com/menu/,,IE,Cork,https://www.jdwetherspoon.com/menu/?city=Cork&country=IE&utm_source=mealdeals_scraper,2026-08-07T20:58:08.201343+00:00
Wetherspoons,,,https://www.jdwetherspoon.com/menu/,,IE,Limerick,https://www.jdwetherspoon.com/menu/?city=Limerick&country=IE&utm_source=mealdeals_scraper,2026-08-07T20:58:08.248342+00:00
Wetherspoons,,,https://www.jdwetherspoon.com/menu/,,IE,Dundalk,https://www.jdwetherspoon.com/menu/?city=Dundalk&country=IE&utm_source=mealdeals_scraper,2026-08-07T20:58:08.366742+00:00
Wetherspoons,,,https://www.jdwetherspoon.com/menu/,,IE,Kilkenny,https://www.jdwetherspoon.com/menu/?city=Kilkenny&country=IE&utm_source=mealdeals_scraper,2026-08-07T20:58:08.295294+00:00
Wetherspoons,,,https://www.jdwetherspoon.com/menu/,,IE,Sligo,https://www.jdwetherspoon.com/menu/?city=Sligo&country=IE&utm_source=mealdeals_scraper,2026-08-07T20:58:08.319712+00:00
Wetherspoons,,,https://www.jdwetherspoon.com/menu/,,IE,Waterford,https://www.jdwetherspoon.com/menu/?city=Waterford&country=IE&utm_source=mealdeals_scraper,2026-08-07T20:58:08.271675+00:00
Wetherspoons,,,https://www.jdwetherspoon.com/menu/,,IE,Wexford,https://www.jdwetherspoon.com/menu/?city=Wexford&country=IE&utm_source=mealdeals_scraper,2026-08-07T20:58:08.390844+00:00
Wetherspoons,,,https://www.jdwetherspoon.com/menu/,,IE,Drogheda,https://www.jdwetherspoon.com/menu/?city=Drogheda&country=IE&utm_source=mealdeals_scraper,2026-08-07T20:58:08.342646+00:00
Accor Hotels,,,https://all.accor.com/,"Discover exclusive hotel offers, bonus Reward Points, unforgettable experiences and member benefits that elevate every journey with ALL Accor.",IL,Haifa,https://all.accor.com/a/en/offers.html?city=Haifa&country=IL&utm_source=mealdeals_scraper,2026-08-07T20:58:12.110384+00:00
Accor Hotels,,,https://all.accor.com/,"Discover exclusive hotel offers, bonus Reward Points, unforgettable experiences and member benefits that elevate every journey with ALL Accor.",IL,Jerusalem,https://all.accor.com/a/en/offers.html?city=Jerusalem&country=IL&utm_source=mealdeals_scraper,2026-08-07T20:58:12.084109+00:00
Accor Hotels,,,https://all.accor.com/,"Discover exclusive hotel offers, bonus Reward Points, unforgettable experiences and member benefits that elevate every journey with ALL Accor.",IL,Tel Aviv,https://all.accor.com/a/en/offers.html?city=Tel+Aviv&country=IL&utm_source=mealdeals_scraper,2026-08-07T20:58:12.055505+00:00
Hilton Hotels,+1-855-672-1138,,https://www.hilton.com/,"Take advantage of hotel offers, unique promotions, and exclusive online specials directly from Hilton Portfolio.",IL,Haifa,https://www.hilton.com/en/offers/?city=Haifa&country=IL&utm_source=mealdeals_scraper,2026-08-07T20:58:12.108555+00:00
Hilton Hotels,+1-855-672-1138,,https://www.hilton.com/,"Take advantage of hotel offers, unique promotions, and exclusive online specials directly from Hilton Portfolio.",IL,Jerusalem,https://www.hilton.com/en/offers/?city=Jerusalem&country=IL&utm_source=mealdeals_scraper,2026-08-07T20:58:12.082182+00:00
Hilton Hotels,+1-855-672-1138,,https://www.hilton.com/,"Take advantage of hotel offers, unique promotions, and exclusive online specials directly from Hilton Portfolio.",IL,Tel Aviv,https://www.hilton.com/en/offers/?city=Tel+Aviv&country=IL&utm_source=mealdeals_scraper,2026-08-07T20:58:12.053363+00:00
Ibis Hotel,,,https://all.accor.com/hotel/ibis/index.en.shtml,,IL,Jerusalem,https://all.accor.com/hotel/ibis/index.en.shtml?city=Jerusalem&country=IL&utm_source=mealdeals_scraper,2026-08-07T20:58:12.082631+00:00
Ibis Hotel,,,https://all.accor.com/hotel/ibis/index.en.shtml,,IL,Tel Aviv,https://all.accor.com/hotel/ibis/index.en.shtml?city=Tel+Aviv&country=IL&utm_source=mealdeals_scraper,2026-08-07T20:58:12.053966+00:00
Ibis Hotel,,,https://all.accor.com/hotel/ibis/index.en.shtml,,IL,Haifa,https://all.accor.com/hotel/ibis/index.en.shtml?city=Haifa&country=IL&utm_source=mealdeals_scraper,2026-08-07T20:58:12.109057+00:00
Local Pub & Grill,,,https://www.tripadvisor.com/Restaurants,,IL,Tel Aviv,https://www.tripadvisor.com/Restaurants?city=Tel+Aviv&country=IL&utm_source=mealdeals_scraper,2026-08-07T20:58:12.055056+00:00
Local Pub & Grill,,,https://www.tripadvisor.com/Restaurants,,IL,Haifa,https://www.tripadvisor.com/Restaurants?city=Haifa&country=IL&utm_source=mealdeals_scraper,2026-08-07T20:58:12.109970+00:00
Local Pub & Grill,,,https://www.tripadvisor.com/Restaurants,,IL,Jerusalem,https://www.tripadvisor.com/Restaurants?city=Jerusalem&country=IL&utm_source=mealdeals_scraper,2026-08-07T20:58:12.083602+00:00
Marriott Hotels,,,https://www.marriott.com/,Make the most of your next stay with hotel deals and promotional travel discounts from Marriott Bonvoy.,IL,Jerusalem,https://www.marriott.com/offers.mi?city=Jerusalem&country=IL&utm_source=mealdeals_scraper,2026-08-07T20:58:12.081698+00:00
Marriott Hotels,,,https://www.marriott.com/,Make the most of your next stay with hotel deals and promotional travel discounts from Marriott Bonvoy.,IL,Tel Aviv,https://www.marriott.com/offers.mi?city=Tel+Aviv&country=IL&utm_source=mealdeals_scraper,2026-08-07T20:58:12.052768+00:00
Marriott Hotels,,,https://www.marriott.com/,Make the most of your next stay with hotel deals and promotional travel discounts from Marriott Bonvoy.,IL,Haifa,https://www.marriott.com/offers.mi?city=Haifa&country=IL&utm_source=mealdeals_scraper,2026-08-07T20:58:12.108015+00:00
Rami Levy,,,https://www.rami-levy.co.il/,,IL,Jerusalem,https://www.rami-levy.co.il/?city=Jerusalem&country=IL&utm_source=mealdeals_scraper,2026-08-07T20:58:12.081179+00:00
Rami Levy,,,https://www.rami-levy.co.il/,,IL,Tel Aviv,https://www.rami-levy.co.il/?city=Tel+Aviv&country=IL&utm_source=mealdeals_scraper,2026-08-07T20:58:12.052135+00:00
Rami Levy,,,https://www.rami-levy.co.il/,,IL,Haifa,https://www.rami-levy.co.il/?city=Haifa&country=IL&utm_source=mealdeals_scraper,2026-08-07T20:58:12.107396+00:00
Shufersal,,,https://www.shufersal.co.il/,,IL,Jerusalem,https://www.shufersal.co.il/?city=Jerusalem&country=IL&utm_source=mealdeals_scraper,2026-08-07T20:58:12.080462+00:00
Shufersal,,,https://www.shufersal.co.il/,,IL,Haifa,https://www.shufersal.co.il/?city=Haifa&country=IL&utm_source=mealdeals_scraper,2026-08-07T20:58:12.106723+00:00
Shufersal,,,https://www.shufersal.co.il/,,IL,Tel Aviv,https://www.shufersal.co.il/?city=Tel+Aviv&country=IL&utm_source=mealdeals_scraper,2026-08-07T20:58:12.051469+00:00
Starbucks Coffee,,,https://www.starbucks.com/,,IL,Jerusalem,https://www.starbucks.com/menu?city=Jerusalem&country=IL&utm_source=mealdeals_scraper,2026-08-07T20:58:12.083128+00:00
Starbucks Coffee,,,https://www.starbucks.com/,,IL,Tel Aviv,https://www.starbucks.com/menu?city=Tel+Aviv&country=IL&utm_source=mealdeals_scraper,2026-08-07T20:58:12.054542+00:00
Starbucks Coffee,,,https://www.starbucks.com/,,IL,Haifa,https://www.starbucks.com/menu?city=Haifa&country=IL&utm_source=mealdeals_scraper,2026-08-07T20:58:12.109528+00:00
Toast Box Cafe,+6598280614,,https://www.toastbox.com.sg/,,IL,Jerusalem,https://www.toastbox.com.sg/?city=Jerusalem&country=IL&utm_source=mealdeals_scraper,2026-08-07T20:58:12.084556+00:00
Toast Box Cafe,+6598280614,,https://www.toastbox.com.sg/,,IL,Haifa,https://www.toastbox.com.sg/?city=Haifa&country=IL&utm_source=mealdeals_scraper,2026-08-07T20:58:12.110878+00:00
Toast Box Cafe,+6598280614,,https://www.toastbox.com.sg/,,IL,Tel Aviv,https://www.toastbox.com.sg/?city=Tel+Aviv&country=IL&utm_source=mealdeals_scraper,2026-08-07T20:58:12.055966+00:00
Barbeque Nation Restaurant,,,https://www.barbequenation.com/,"Barbeque Nation is a buffet grill barbeque restaurant brand offering unlimited BBQ buffet, live grills, Indian and international dishes, and desserts.",IN,Delhi,https://www.barbequenation.com/?city=Delhi&country=IN&utm_source=mealdeals_scraper,2026-08-07T20:58:12.160142+00:00
Barbeque Nation Restaurant,,,https://www.barbequenation.com/,"Barbeque Nation is a buffet grill barbeque restaurant brand offering unlimited BBQ buffet, live grills, Indian and international dishes, and desserts.",IN,Kolkata,https://www.barbequenation.com/?city=Kolkata&country=IN&utm_source=mealdeals_scraper,2026-08-07T20:58:12.259512+00:00
Barbeque Nation Restaurant,,,https://www.barbequenation.com/,"Barbeque Nation is a buffet grill barbeque restaurant brand offering unlimited BBQ buffet, live grills, Indian and international dishes, and desserts.",IN,Bangalore,https://www.barbequenation.com/?city=Bangalore&country=IN&utm_source=mealdeals_scraper,2026-08-07T20:58:12.185850+00:00
Barbeque Nation Restaurant,,,https://www.barbequenation.com/,"Barbeque Nation is a buffet grill barbeque restaurant brand offering unlimited BBQ buffet, live grills, Indian and international dishes, and desserts.",IN,Hyderabad,https://www.barbequenation.com/?city=Hyderabad&country=IN&utm_source=mealdeals_scraper,2026-08-07T20:58:12.211284+00:00
Barbeque Nation Restaurant,,,https://www.barbequenation.com/,"Barbeque Nation is a buffet grill barbeque restaurant brand offering unlimited BBQ buffet, live grills, Indian and international dishes, and desserts.",IN,Chennai,https://www.barbequenation.com/?city=Chennai&country=IN&utm_source=mealdeals_scraper,2026-08-07T20:58:12.236189+00:00
Barbeque Nation Restaurant,,,https://www.barbequenation.com/,"Barbeque Nation is a buffet grill barbeque restaurant brand offering unlimited BBQ buffet, live grills, Indian and international dishes, and desserts.",IN,Pune,https://www.barbequenation.com/?city=Pune&country=IN&utm_source=mealdeals_scraper,2026-08-07T20:58:12.280831+00:00
Barbeque Nation Restaurant,,,https://www.barbequenation.com/,"Barbeque Nation is a buffet grill barbeque restaurant brand offering unlimited BBQ buffet, live grills, Indian and international dishes, and desserts.",IN,Mumbai,https://www.barbequenation.com/?city=Mumbai&country=IN&utm_source=mealdeals_scraper,2026-08-07T20:58:12.135071+00:00
Cafe Coffee Day,,,https://www.cafecoffeeday.com/,,IN,Bangalore,https://www.cafecoffeeday.com/?city=Bangalore&country=IN&utm_source=mealdeals_scraper,2026-08-07T20:58:12.185407+00:00
Cafe Coffee Day,,,https://www.cafecoffeeday.com/,,IN,Chennai,https://www.cafecoffeeday.com/?city=Chennai&country=IN&utm_source=mealdeals_scraper,2026-08-07T20:58:12.235759+00:00
Cafe Coffee Day,,,https://www.cafecoffeeday.com/,,IN,Kolkata,https://www.cafecoffeeday.com/?city=Kolkata&country=IN&utm_source=mealdeals_scraper,2026-08-07T20:58:12.259104+00:00
Cafe Coffee Day,,,https://www.cafecoffeeday.com/,,IN,Mumbai,https://www.cafecoffeeday.com/?city=Mumbai&country=IN&utm_source=mealdeals_scraper,2026-08-07T20:58:12.134614+00:00
Cafe Coffee Day,,,https://www.cafecoffeeday.com/,,IN,Pune,https://www.cafecoffeeday.com/?city=Pune&country=IN&utm_source=mealdeals_scraper,2026-08-07T20:58:12.280421+00:00
Cafe Coffee Day,,,https://www.cafecoffeeday.com/,,IN,Hyderabad,https://www.cafecoffeeday.com/?city=Hyderabad&country=IN&utm_source=mealdeals_scraper,2026-08-07T20:58:12.210765+00:00
Cafe Coffee Day,,,https://www.cafecoffeeday.com/,,IN,Delhi,https://www.cafecoffeeday.com/?city=Delhi&country=IN&utm_source=mealdeals_scraper,2026-08-07T20:58:12.159644+00:00
Domino's India,,,https://www.dominos.co.in/,,IN,Kolkata,https://www.dominos.co.in/?city=Kolkata&country=IN&utm_source=mealdeals_scraper,2026-08-07T20:58:12.257646+00:00
Domino's India,,,https://www.dominos.co.in/,,IN,Hyderabad,https://www.dominos.co.in/?city=Hyderabad&country=IN&utm_source=mealdeals_scraper,2026-08-07T20:58:12.208899+00:00
Domino's India,,,https://www.dominos.co.in/,,IN,Chennai,https://www.dominos.co.in/?city=Chennai&country=IN&utm_source=mealdeals_scraper,2026-08-07T20:58:12.234220+00:00
Domino's India,,,https://www.dominos.co.in/,,IN,Pune,https://www.dominos.co.in/?city=Pune&country=IN&utm_source=mealdeals_scraper,2026-08-07T20:58:12.279160+00:00
Domino's India,,,https://www.dominos.co.in/,,IN,Mumbai,https://www.dominos.co.in/?city=Mumbai&country=IN&utm_source=mealdeals_scraper,2026-08-07T20:58:12.133184+00:00
Domino's India,,,https://www.dominos.co.in/,,IN,Delhi,https://www.dominos.co.in/?city=Delhi&country=IN&utm_source=mealdeals_scraper,2026-08-07T20:58:12.157944+00:00
Domino's India,,,https://www.dominos.co.in/,,IN,Bangalore,https://www.dominos.co.in/?city=Bangalore&country=IN&utm_source=mealdeals_scraper,2026-08-07T20:58:12.184062+00:00
JioMart,18008901222,,https://www.jiomart.com/,JioMart: India's online shopping,IN,Delhi,https://www.jiomart.com/?city=Delhi&country=IN&utm_source=mealdeals_scraper,2026-08-07T20:58:12.156585+00:00
JioMart,18008901222,,https://www.jiomart.com/,JioMart: India's online shopping,IN,Pune,https://www.jiomart.com/?city=Pune&country=IN&utm_source=mealdeals_scraper,2026-08-07T20:58:12.278143+00:00
JioMart,18008901222,,https://www.jiomart.com/,JioMart: India's online shopping,IN,Kolkata,https://www.jiomart.com/?city=Kolkata&country=IN&utm_source=mealdeals_scraper,2026-08-07T20:58:12.256421+00:00
JioMart,18008901222,,https://www.jiomart.com/,JioMart: India's online shopping,IN,Hyderabad,https://www.jiomart.com/?city=Hyderabad&country=IN&utm_source=mealdeals_scraper,2026-08-07T20:58:12.207540+00:00
JioMart,18008901222,,https://www.jiomart.com/,JioMart: India's online shopping,IN,Bangalore,https://www.jiomart.com/?city=Bangalore&country=IN&utm_source=mealdeals_scraper,2026-08-07T20:58:12.182877+00:00
JioMart,18008901222,,https://www.jiomart.com/,JioMart: India's online shopping,IN,Chennai,https://www.jiomart.com/?city=Chennai&country=IN&utm_source=mealdeals_scraper,2026-08-07T20:58:12.232989+00:00
JioMart,18008901222,,https://www.jiomart.com/,JioMart: India's online shopping,IN,Mumbai,https://www.jiomart.com/?city=Mumbai&country=IN&utm_source=mealdeals_scraper,2026-08-07T20:58:12.132041+00:00
Marriott Hotels,,,https://www.marriott.com/en-in/offers.mi,,IN,Kolkata,https://www.marriott.com/en-in/offers.mi?city=Kolkata&country=IN&utm_source=mealdeals_scraper,2026-08-07T20:58:12.258642+00:00
Marriott Hotels,,,https://www.marriott.com/en-in/offers.mi,,IN,Pune,https://www.marriott.com/en-in/offers.mi?city=Pune&country=IN&utm_source=mealdeals_scraper,2026-08-07T20:58:12.280014+00:00
Marriott Hotels,,,https://www.marriott.com/en-in/offers.mi,,IN,Chennai,https://www.marriott.com/en-in/offers.mi?city=Chennai&country=IN&utm_source=mealdeals_scraper,2026-08-07T20:58:12.235311+00:00
Marriott Hotels,,,https://www.marriott.com/en-in/offers.mi,,IN,Bangalore,https://www.marriott.com/en-in/offers.mi?city=Bangalore&country=IN&utm_source=mealdeals_scraper,2026-08-07T20:58:12.184976+00:00
Marriott Hotels,,,https://www.marriott.com/en-in/offers.mi,,IN,Mumbai,https://www.marriott.com/en-in/offers.mi?city=Mumbai&country=IN&utm_source=mealdeals_scraper,2026-08-07T20:58:12.134175+00:00
Marriott Hotels,,,https://www.marriott.com/en-in/offers.mi,,IN,Delhi,https://www.marriott.com/en-in/offers.mi?city=Delhi&country=IN&utm_source=mealdeals_scraper,2026-08-07T20:58:12.159108+00:00
Marriott Hotels,,,https://www.marriott.com/en-in/offers.mi,,IN,Hyderabad,https://www.marriott.com/en-in/offers.mi?city=Hyderabad&country=IN&utm_source=mealdeals_scraper,2026-08-07T20:58:12.210157+00:00
Social Bar,,feedback@impresario.in,https://socialoffline.in/,"With energetic vibes, curated drinks, and delectable food, our chain of pubs and Cafés is a hotspot for friends and work meetups",IN,Mumbai,https://socialoffline.in/?city=Pune&country=IN&utm_source=mealdeals_scraper,2026-08-07T20:58:12.281193+00:00
Swiggy,,,https://www.swiggy.com/,,IN,Delhi,https://www.swiggy.com/?city=Delhi&country=IN&utm_source=mealdeals_scraper,2026-08-07T20:58:12.157317+00:00
Swiggy,,,https://www.swiggy.com/,,IN,Mumbai,https://www.swiggy.com/?city=Mumbai&country=IN&utm_source=mealdeals_scraper,2026-08-07T20:58:12.132589+00:00
Swiggy,,,https://www.swiggy.com/,,IN,Bangalore,https://www.swiggy.com/?city=Bangalore&country=IN&utm_source=mealdeals_scraper,2026-08-07T20:58:12.183514+00:00
Swiggy,,,https://www.swiggy.com/,,IN,Pune,https://www.swiggy.com/?city=Pune&country=IN&utm_source=mealdeals_scraper,2026-08-07T20:58:12.278697+00:00
Swiggy,,,https://www.swiggy.com/,,IN,Kolkata,https://www.swiggy.com/?city=Kolkata&country=IN&utm_source=mealdeals_scraper,2026-08-07T20:58:12.257069+00:00
Swiggy,,,https://www.swiggy.com/,,IN,Chennai,https://www.swiggy.com/?city=Chennai&country=IN&utm_source=mealdeals_scraper,2026-08-07T20:58:12.233629+00:00
Swiggy,,,https://www.swiggy.com/,,IN,Hyderabad,https://www.swiggy.com/?city=Hyderabad&country=IN&utm_source=mealdeals_scraper,2026-08-07T20:58:12.208270+00:00
Taj Hotels,,,https://www.tajhotels.com/en-in/offers/,,IN,Kolkata,https://www.tajhotels.com/en-in/offers/?city=Kolkata&country=IN&utm_source=mealdeals_scraper,2026-08-07T20:58:12.258190+00:00
Taj Hotels,,,https://www.tajhotels.com/en-in/offers/,,IN,Chennai,https://www.tajhotels.com/en-in/offers/?city=Chennai&country=IN&utm_source=mealdeals_scraper,2026-08-07T20:58:12.234789+00:00
Taj Hotels,,,https://www.tajhotels.com/en-in/offers/,,IN,Mumbai,https://www.tajhotels.com/en-in/offers/?city=Mumbai&country=IN&utm_source=mealdeals_scraper,2026-08-07T20:58:12.133688+00:00
Taj Hotels,,,https://www.tajhotels.com/en-in/offers/,,IN,Bangalore,https://www.tajhotels.com/en-in/offers/?city=Bangalore&country=IN&utm_source=mealdeals_scraper,2026-08-07T20:58:12.184517+00:00
Taj Hotels,,,https://www.tajhotels.com/en-in/offers/,,IN,Hyderabad,https://www.tajhotels.com/en-in/offers/?city=Hyderabad&country=IN&utm_source=mealdeals_scraper,2026-08-07T20:58:12.209533+00:00
Taj Hotels,,,https://www.tajhotels.com/en-in/offers/,,IN,Delhi,https://www.tajhotels.com/en-in/offers/?city=Delhi&country=IN&utm_source=mealdeals_scraper,2026-08-07T20:58:12.158524+00:00
Taj Hotels,,,https://www.tajhotels.com/en-in/offers/,,IN,Pune,https://www.tajhotels.com/en-in/offers/?city=Pune&country=IN&utm_source=mealdeals_scraper,2026-08-07T20:58:12.279594+00:00
Accor Hotels,,,https://all.accor.com/,"Discover exclusive hotel offers, bonus Reward Points, unforgettable experiences and member benefits that elevate every journey with ALL Accor.",IS,Akureyri,https://all.accor.com/a/en/offers.html?city=Akureyri&country=IS&utm_source=mealdeals_scraper,2026-08-07T20:58:12.328075+00:00
Accor Hotels,,,https://all.accor.com/,"Discover exclusive hotel offers, bonus Reward Points, unforgettable experiences and member benefits that elevate every journey with ALL Accor.",IS,Reykjavik,https://all.accor.com/a/en/offers.html?city=Reykjavik&country=IS&utm_source=mealdeals_scraper,2026-08-07T20:58:12.304837+00:00
Bonus,,,https://www.bonus.is/,Sama verð um land allt - Bónus leggur mestu áherslu á að bjóða upp á lægsta mögulega vöruverð fyrir neytendur.,IS,Reykjavik,https://www.bonus.is/?city=Reykjavik&country=IS&utm_source=mealdeals_scraper,2026-08-07T20:58:12.301615+00:00
Bonus,,,https://www.bonus.is/,Sama verð um land allt - Bónus leggur mestu áherslu á að bjóða upp á lægsta mögulega vöruverð fyrir neytendur.,IS,Akureyri,https://www.bonus.is/?city=Akureyri&country=IS&utm_source=mealdeals_scraper,2026-08-07T20:58:12.324891+00:00
Hard Rock Cafe,+1-800-201-1949,,https://cafe.hardrock.com/,"Welcome to Hard Rock Cafe, our music themed restaurant, serving up Legendary burgers and more.",IS,Akureyri,https://www.hardrockcafe.com/?city=Akureyri&country=IS&utm_source=mealdeals_scraper,2026-08-07T20:58:12.328485+00:00
Hard Rock Cafe,+1-800-201-1949,,https://cafe.hardrock.com/,"Welcome to Hard Rock Cafe, our music themed restaurant, serving up Legendary burgers and more.",IS,Reykjavik,https://www.hardrockcafe.com/?city=Reykjavik&country=IS&utm_source=mealdeals_scraper,2026-08-07T20:58:12.305252+00:00
Hilton Hotels,+1-855-672-1138,,https://www.hilton.com/,"Take advantage of hotel offers, unique promotions, and exclusive online specials directly from Hilton Portfolio.",IS,Akureyri,https://www.hilton.com/en/offers/?city=Akureyri&country=IS&utm_source=mealdeals_scraper,2026-08-07T20:58:12.326373+00:00
Hilton Hotels,+1-855-672-1138,,https://www.hilton.com/,"Take advantage of hotel offers, unique promotions, and exclusive online specials directly from Hilton Portfolio.",IS,Reykjavik,https://www.hilton.com/en/offers/?city=Reykjavik&country=IS&utm_source=mealdeals_scraper,2026-08-07T20:58:12.303036+00:00
Ibis Hotel,,,https://all.accor.com/hotel/ibis/index.en.shtml,,IS,Reykjavik,https://all.accor.com/hotel/ibis/index.en.shtml?city=Reykjavik&country=IS&utm_source=mealdeals_scraper,2026-08-07T20:58:12.303547+00:00
Ibis Hotel,,,https://all.accor.com/hotel/ibis/index.en.shtml,,IS,Akureyri,https://all.accor.com/hotel/ibis/index.en.shtml?city=Akureyri&country=IS&utm_source=mealdeals_scraper,2026-08-07T20:58:12.326792+00:00
Kronan,+354 585 7000,kronan@kronan.is,https://www.kronan.is/,Krónan er lágvöruverðsverslun sem leggur áherslu á ferskvöru.,IS,Reykjavik,https://www.kronan.is/?city=Akureyri&country=IS&utm_source=mealdeals_scraper,2026-08-07T20:58:12.325437+00:00
Local Pub & Grill,,,https://www.tripadvisor.com/Restaurants,,IS,Akureyri,https://www.tripadvisor.com/Restaurants?city=Akureyri&country=IS&utm_source=mealdeals_scraper,2026-08-07T20:58:12.327641+00:00
Local Pub & Grill,,,https://www.tripadvisor.com/Restaurants,,IS,Reykjavik,https://www.tripadvisor.com/Restaurants?city=Reykjavik&country=IS&utm_source=mealdeals_scraper,2026-08-07T20:58:12.304428+00:00
Marriott Hotels,,,https://www.marriott.com/,Make the most of your next stay with hotel deals and promotional travel discounts from Marriott Bonvoy.,IS,Akureyri,https://www.marriott.com/offers.mi?city=Akureyri&country=IS&utm_source=mealdeals_scraper,2026-08-07T20:58:12.325929+00:00
Marriott Hotels,,,https://www.marriott.com/,Make the most of your next stay with hotel deals and promotional travel discounts from Marriott Bonvoy.,IS,Reykjavik,https://www.marriott.com/offers.mi?city=Reykjavik&country=IS&utm_source=mealdeals_scraper,2026-08-07T20:58:12.302576+00:00
Starbucks Coffee,,,https://www.starbucks.com/,,IS,Reykjavik,https://www.starbucks.com/menu?city=Reykjavik&country=IS&utm_source=mealdeals_scraper,2026-08-07T20:58:12.304024+00:00
Starbucks Coffee,,,https://www.starbucks.com/,,IS,Akureyri,https://www.starbucks.com/menu?city=Akureyri&country=IS&utm_source=mealdeals_scraper,2026-08-07T20:58:12.327235+00:00
Accor Hotels,,,https://all.accor.com/,"Discover exclusive hotel offers, bonus Reward Points, unforgettable experiences and member benefits that elevate every journey with ALL Accor.",IT,Turin,https://all.accor.com/a/en/offers.html?city=Turin&country=IT&utm_source=mealdeals_scraper,2026-08-07T20:58:12.462080+00:00
Accor Hotels,,,https://all.accor.com/,"Discover exclusive hotel offers, bonus Reward Points, unforgettable experiences and member benefits that elevate every journey with ALL Accor.",IT,Milan,https://all.accor.com/a/en/offers.html?city=Milan&country=IT&utm_source=mealdeals_scraper,2026-08-07T20:58:12.377066+00:00
Accor Hotels,,,https://all.accor.com/,"Discover exclusive hotel offers, bonus Reward Points, unforgettable experiences and member benefits that elevate every journey with ALL Accor.",IT,Rome,https://all.accor.com/a/en/offers.html?city=Rome&country=IT&utm_source=mealdeals_scraper,2026-08-07T20:58:12.351043+00:00
Accor Hotels,,,https://all.accor.com/,"Discover exclusive hotel offers, bonus Reward Points, unforgettable experiences and member benefits that elevate every journey with ALL Accor.",IT,Naples,https://all.accor.com/a/en/offers.html?city=Naples&country=IT&utm_source=mealdeals_scraper,2026-08-07T20:58:12.404655+00:00
Accor Hotels,,,https://all.accor.com/,"Discover exclusive hotel offers, bonus Reward Points, unforgettable experiences and member benefits that elevate every journey with ALL Accor.",IT,Florence,https://all.accor.com/a/en/offers.html?city=Florence&country=IT&utm_source=mealdeals_scraper,2026-08-07T20:58:12.430950+00:00
Antinori Wine Estate,,antinori@antinori.it,https://www.antinori.it/,"In tutta la sua lunga storia, attraverso 26 generazioni, Famiglia Antinori ha sempre gestito direttamente questa attività con scelte innovative e talvolta coraggiose ma sempre mantenendo inalterato il rispetto per le tradizioni e per il territorio.",IT,Rome,https://www.antinori.it/?city=Turin&country=IT&utm_source=mealdeals_scraper,2026-08-07T20:58:12.464929+00:00
Autogrill,,,https://www.autogrill.it/,Autogrill da oltre 40 anni è il primo operatore al mondo nei servizi di ristorazione per chi viaggia: scopri di più.,IT,Florence,https://www.autogrill.it/?city=Florence&country=IT&utm_source=mealdeals_scraper,2026-08-07T20:58:12.430260+00:00
Autogrill,,,https://www.autogrill.it/,Autogrill da oltre 40 anni è il primo operatore al mondo nei servizi di ristorazione per chi viaggia: scopri di più.,IT,Turin,https://www.autogrill.it/?city=Turin&country=IT&utm_source=mealdeals_scraper,2026-08-07T20:58:12.461397+00:00
Autogrill,,,https://www.autogrill.it/,Autogrill da oltre 40 anni è il primo operatore al mondo nei servizi di ristorazione per chi viaggia: scopri di più.,IT,Milan,https://www.autogrill.it/?city=Milan&country=IT&utm_source=mealdeals_scraper,2026-08-07T20:58:12.376487+00:00
Autogrill,,,https://www.autogrill.it/,Autogrill da oltre 40 anni è il primo operatore al mondo nei servizi di ristorazione per chi viaggia: scopri di più.,IT,Rome,https://www.autogrill.it/?city=Rome&country=IT&utm_source=mealdeals_scraper,2026-08-07T20:58:12.350455+00:00
Autogrill,,,https://www.autogrill.it/,Autogrill da oltre 40 anni è il primo operatore al mondo nei servizi di ristorazione per chi viaggia: scopri di più.,IT,Naples,https://www.autogrill.it/?city=Naples&country=IT&utm_source=mealdeals_scraper,2026-08-07T20:58:12.404070+00:00
Autogrill Cafe,,,https://www.autogrill.com/,Dove siamo Siamo presenti in 30 Paesi di 4 Continenti. Scopri di più,IT,Turin,https://www.autogrill.com/?city=Turin&country=IT&utm_source=mealdeals_scraper,2026-08-07T20:58:12.463292+00:00
Autogrill Cafe,,,https://www.autogrill.com/,Dove siamo Siamo presenti in 30 Paesi di 4 Continenti. Scopri di più,IT,Florence,https://www.autogrill.com/?city=Florence&country=IT&utm_source=mealdeals_scraper,2026-08-07T20:58:12.432210+00:00
Autogrill Cafe,,,https://www.autogrill.com/,Dove siamo Siamo presenti in 30 Paesi di 4 Continenti. Scopri di più,IT,Naples,https://www.autogrill.com/?city=Naples&country=IT&utm_source=mealdeals_scraper,2026-08-07T20:58:12.405796+00:00
Autogrill Cafe,,,https://www.autogrill.com/,Dove siamo Siamo presenti in 30 Paesi di 4 Continenti. Scopri di più,IT,Rome,https://www.autogrill.com/?city=Rome&country=IT&utm_source=mealdeals_scraper,2026-08-07T20:58:12.352173+00:00
Autogrill Cafe,,,https://www.autogrill.com/,Dove siamo Siamo presenti in 30 Paesi di 4 Continenti. Scopri di più,IT,Milan,https://www.autogrill.com/?city=Milan&country=IT&utm_source=mealdeals_scraper,2026-08-07T20:58:12.378267+00:00
Banfi Winery,,,https://www.banfiwines.com/,,IT,Florence,https://www.banfiwines.com/?city=Florence&country=IT&utm_source=mealdeals_scraper,2026-08-07T20:58:12.434733+00:00
Banfi Winery,,,https://www.banfiwines.com/,,IT,Rome,https://www.banfiwines.com/?city=Rome&country=IT&utm_source=mealdeals_scraper,2026-08-07T20:58:12.354453+00:00
Banfi Winery,,,https://www.banfiwines.com/,,IT,Milan,https://www.banfiwines.com/?city=Milan&country=IT&utm_source=mealdeals_scraper,2026-08-07T20:58:12.380828+00:00
Banfi Winery,,,https://www.banfiwines.com/,,IT,Turin,https://www.banfiwines.com/?city=Turin&country=IT&utm_source=mealdeals_scraper,2026-08-07T20:58:12.465485+00:00
Banfi Winery,,,https://www.banfiwines.com/,,IT,Naples,https://www.banfiwines.com/?city=Naples&country=IT&utm_source=mealdeals_scraper,2026-08-07T20:58:12.408031+00:00
Esselunga,+39800666555,servizio-clienti@esselunga.it,http://www.esselunga.it,"Scopri i supermercati Esselunga, le promozioni e i servizi ogni giorno a disposizione per te.",IT,Rome,https://www.esselunga.it/?city=Turin&country=IT&utm_source=mealdeals_scraper,2026-08-07T20:58:12.460705+00:00
Hilton Hotels,+1-855-672-1138,,https://www.hilton.com/,"Take advantage of hotel offers, unique promotions, and exclusive online specials directly from Hilton Portfolio.",IT,Naples,https://www.hilton.com/en/offers/?city=Naples&country=IT&utm_source=mealdeals_scraper,2026-08-07T20:58:12.405229+00:00
Hilton Hotels,+1-855-672-1138,,https://www.hilton.com/,"Take advantage of hotel offers, unique promotions, and exclusive online specials directly from Hilton Portfolio.",IT,Rome,https://www.hilton.com/en/offers/?city=Rome&country=IT&utm_source=mealdeals_scraper,2026-08-07T20:58:12.351611+00:00
Hilton Hotels,+1-855-672-1138,,https://www.hilton.com/,"Take advantage of hotel offers, unique promotions, and exclusive online specials directly from Hilton Portfolio.",IT,Turin,https://www.hilton.com/en/offers/?city=Turin&country=IT&utm_source=mealdeals_scraper,2026-08-07T20:58:12.462713+00:00
Hilton Hotels,+1-855-672-1138,,https://www.hilton.com/,"Take advantage of hotel offers, unique promotions, and exclusive online specials directly from Hilton Portfolio.",IT,Milan,https://www.hilton.com/en/offers/?city=Milan&country=IT&utm_source=mealdeals_scraper,2026-08-07T20:58:12.377677+00:00
Hilton Hotels,+1-855-672-1138,,https://www.hilton.com/,"Take advantage of hotel offers, unique promotions, and exclusive online specials directly from Hilton Portfolio.",IT,Florence,https://www.hilton.com/en/offers/?city=Florence&country=IT&utm_source=mealdeals_scraper,2026-08-07T20:58:12.431591+00:00
Old Wild West Restaurant,,,https://www.oldwildwest.it/,"Gusta la leggenda del vecchio west: scopri il menu con burger epici, ribs irresistibili e molto altro. Scarica l'App e iscriviti al programma OWW Rewards.",IT,Milan,https://www.oldwildwest.it/?city=Milan&country=IT&utm_source=mealdeals_scraper,2026-08-07T20:58:12.379636+00:00
Old Wild West Restaurant,,,https://www.oldwildwest.it/,"Gusta la leggenda del vecchio west: scopri il menu con burger epici, ribs irresistibili e molto altro. Scarica l'App e iscriviti al programma OWW Rewards.",IT,Turin,https://www.oldwildwest.it/?city=Turin&country=IT&utm_source=mealdeals_scraper,2026-08-07T20:58:12.464419+00:00
Old Wild West Restaurant,,,https://www.oldwildwest.it/,"Gusta la leggenda del vecchio west: scopri il menu con burger epici, ribs irresistibili e molto altro. Scarica l'App e iscriviti al programma OWW Rewards.",IT,Rome,https://www.oldwildwest.it/?city=Rome&country=IT&utm_source=mealdeals_scraper,2026-08-07T20:58:12.353342+00:00
Old Wild West Restaurant,,,https://www.oldwildwest.it/,"Gusta la leggenda del vecchio west: scopri il menu con burger epici, ribs irresistibili e molto altro. Scarica l'App e iscriviti al programma OWW Rewards.",IT,Naples,https://www.oldwildwest.it/?city=Naples&country=IT&utm_source=mealdeals_scraper,2026-08-07T20:58:12.406897+00:00
Old Wild West Restaurant,,,https://www.oldwildwest.it/,"Gusta la leggenda del vecchio west: scopri il menu con burger epici, ribs irresistibili e molto altro. Scarica l'App e iscriviti al programma OWW Rewards.",IT,Florence,https://www.oldwildwest.it/?city=Florence&country=IT&utm_source=mealdeals_scraper,2026-08-07T20:58:12.433534+00:00
Ruffino Wine Estate,,,https://www.ruffino.it,About Us,IT,Milan,https://www.ruffino.com/?city=Milan&country=IT&utm_source=mealdeals_scraper,2026-08-07T20:58:12.381404+00:00
Ruffino Wine Estate,,,https://www.ruffino.it,About Us,IT,Naples,https://www.ruffino.com/?city=Naples&country=IT&utm_source=mealdeals_scraper,2026-08-07T20:58:12.408591+00:00
Ruffino Wine Estate,,,https://www.ruffino.it,About Us,IT,Florence,https://www.ruffino.com/?city=Florence&country=IT&utm_source=mealdeals_scraper,2026-08-07T20:58:12.435317+00:00
Ruffino Wine Estate,,,https://www.ruffino.it,About Us,IT,Rome,https://www.ruffino.com/?city=Rome&country=IT&utm_source=mealdeals_scraper,2026-08-07T20:58:12.355003+00:00
Ruffino Wine Estate,,,https://www.ruffino.it,About Us,IT,Turin,https://www.ruffino.com/?city=Turin&country=IT&utm_source=mealdeals_scraper,2026-08-07T20:58:12.466026+00:00
Starbucks Coffee,,,https://www.starbucks.it/,"Scopri lo Store Online di Starbucks® Italia: consulta il menù e acquista tazze, borracce e merchandising per goderti il caffè Starbucks® anche a casa!",IT,Florence,https://www.starbucks.it/?city=Florence&country=IT&utm_source=mealdeals_scraper,2026-08-07T20:58:12.432850+00:00
Starbucks Coffee,,,https://www.starbucks.it/,"Scopri lo Store Online di Starbucks® Italia: consulta il menù e acquista tazze, borracce e merchandising per goderti il caffè Starbucks® anche a casa!",IT,Rome,https://www.starbucks.it/?city=Rome&country=IT&utm_source=mealdeals_scraper,2026-08-07T20:58:12.352741+00:00
Starbucks Coffee,,,https://www.starbucks.it/,"Scopri lo Store Online di Starbucks® Italia: consulta il menù e acquista tazze, borracce e merchandising per goderti il caffè Starbucks® anche a casa!",IT,Milan,https://www.starbucks.it/?city=Milan&country=IT&utm_source=mealdeals_scraper,2026-08-07T20:58:12.378928+00:00
Starbucks Coffee,,,https://www.starbucks.it/,"Scopri lo Store Online di Starbucks® Italia: consulta il menù e acquista tazze, borracce e merchandising per goderti il caffè Starbucks® anche a casa!",IT,Turin,https://www.starbucks.it/?city=Turin&country=IT&utm_source=mealdeals_scraper,2026-08-07T20:58:12.463869+00:00
Starbucks Coffee,,,https://www.starbucks.it/,"Scopri lo Store Online di Starbucks® Italia: consulta il menù e acquista tazze, borracce e merchandising per goderti il caffè Starbucks® anche a casa!",IT,Naples,https://www.starbucks.it/?city=Naples&country=IT&utm_source=mealdeals_scraper,2026-08-07T20:58:12.406335+00:00
Hi-Lo Food Stores,,,https://www.hilofoodstores.com/,,JM,Negril,https://www.hilofoodstores.com/?city=Negril&country=JM&utm_source=mealdeals_scraper,2026-08-07T20:58:09.489754+00:00
Hi-Lo Food Stores,,,https://www.hilofoodstores.com/,,JM,Kingston,https://www.hilofoodstores.com/?city=Kingston&country=JM&utm_source=mealdeals_scraper,2026-08-07T20:58:09.410799+00:00
Hi-Lo Food Stores,,,https://www.hilofoodstores.com/,,JM,Montego Bay,https://www.hilofoodstores.com/?city=Montego+Bay&country=JM&utm_source=mealdeals_scraper,2026-08-07T20:58:09.431589+00:00
Hi-Lo Food Stores,,,https://www.hilofoodstores.com/,,JM,Ocho Rios,https://www.hilofoodstores.com/?city=Ocho+Rios&country=JM&utm_source=mealdeals_scraper,2026-08-07T20:58:09.451781+00:00
Hi-Lo Food Stores,,,https://www.hilofoodstores.com/,,JM,Spanish Town,https://www.hilofoodstores.com/?city=Spanish+Town&country=JM&utm_source=mealdeals_scraper,2026-08-07T20:58:09.471332+00:00
Hilton Hotels,+1-855-672-1138,,https://www.hilton.com/,"Take advantage of hotel offers, unique promotions, and exclusive online specials directly from Hilton Portfolio.",JM,Spanish Town,https://www.hilton.com/en/offers/?city=Spanish+Town&country=JM&utm_source=mealdeals_scraper,2026-08-07T20:58:09.473183+00:00
Hilton Hotels,+1-855-672-1138,,https://www.hilton.com/,"Take advantage of hotel offers, unique promotions, and exclusive online specials directly from Hilton Portfolio.",JM,Ocho Rios,https://www.hilton.com/en/offers/?city=Ocho+Rios&country=JM&utm_source=mealdeals_scraper,2026-08-07T20:58:09.453840+00:00
Hilton Hotels,+1-855-672-1138,,https://www.hilton.com/,"Take advantage of hotel offers, unique promotions, and exclusive online specials directly from Hilton Portfolio.",JM,Negril,https://www.hilton.com/en/offers/?city=Negril&country=JM&utm_source=mealdeals_scraper,2026-08-07T20:58:09.492122+00:00
Hilton Hotels,+1-855-672-1138,,https://www.hilton.com/,"Take advantage of hotel offers, unique promotions, and exclusive online specials directly from Hilton Portfolio.",JM,Kingston,https://www.hilton.com/en/offers/?city=Kingston&country=JM&utm_source=mealdeals_scraper,2026-08-07T20:58:09.413188+00:00
Hilton Hotels,+1-855-672-1138,,https://www.hilton.com/,"Take advantage of hotel offers, unique promotions, and exclusive online specials directly from Hilton Portfolio.",JM,Montego Bay,https://www.hilton.com/en/offers/?city=Montego+Bay&country=JM&utm_source=mealdeals_scraper,2026-08-07T20:58:09.433756+00:00
Island Grill,,,https://www.islandgrillja.com/,"Eat good, live good",JM,Ocho Rios,https://www.islandgrillja.com/?city=Ocho+Rios&country=JM&utm_source=mealdeals_scraper,2026-08-07T20:58:09.452941+00:00
Island Grill,,,https://www.islandgrillja.com/,"Eat good, live good",JM,Montego Bay,https://www.islandgrillja.com/?city=Montego+Bay&country=JM&utm_source=mealdeals_scraper,2026-08-07T20:58:09.432809+00:00
Island Grill,,,https://www.islandgrillja.com/,"Eat good, live good",JM,Negril,https://www.islandgrillja.com/?city=Negril&country=JM&utm_source=mealdeals_scraper,2026-08-07T20:58:09.490952+00:00
Island Grill,,,https://www.islandgrillja.com/,"Eat good, live good",JM,Spanish Town,https://www.islandgrillja.com/?city=Spanish+Town&country=JM&utm_source=mealdeals_scraper,2026-08-07T20:58:09.472316+00:00
Island Grill,,,https://www.islandgrillja.com/,"Eat good, live good",JM,Kingston,https://www.islandgrillja.com/?city=Kingston&country=JM&utm_source=mealdeals_scraper,2026-08-07T20:58:09.412050+00:00
Juici Patties,,,https://www.juicipatties.com/,,JM,Montego Bay,https://www.juicipatties.com/?city=Montego+Bay&country=JM&utm_source=mealdeals_scraper,2026-08-07T20:58:09.432218+00:00
Juici Patties,,,https://www.juicipatties.com/,,JM,Ocho Rios,https://www.juicipatties.com/?city=Ocho+Rios&country=JM&utm_source=mealdeals_scraper,2026-08-07T20:58:09.452393+00:00
Juici Patties,,,https://www.juicipatties.com/,,JM,Negril,https://www.juicipatties.com/?city=Negril&country=JM&utm_source=mealdeals_scraper,2026-08-07T20:58:09.490368+00:00
Juici Patties,,,https://www.juicipatties.com/,,JM,Spanish Town,https://www.juicipatties.com/?city=Spanish+Town&country=JM&utm_source=mealdeals_scraper,2026-08-07T20:58:09.471863+00:00
Juici Patties,,,https://www.juicipatties.com/,,JM,Kingston,https://www.juicipatties.com/?city=Kingston&country=JM&utm_source=mealdeals_scraper,2026-08-07T20:58:09.411447+00:00
Sandals Resort,,,https://www.sandals.com/specials/,,JM,Montego Bay,https://www.sandals.com/specials/?city=Montego+Bay&country=JM&utm_source=mealdeals_scraper,2026-08-07T20:58:09.433301+00:00
Sandals Resort,,,https://www.sandals.com/specials/,,JM,Ocho Rios,https://www.sandals.com/specials/?city=Ocho+Rios&country=JM&utm_source=mealdeals_scraper,2026-08-07T20:58:09.453399+00:00
Sandals Resort,,,https://www.sandals.com/specials/,,JM,Negril,https://www.sandals.com/specials/?city=Negril&country=JM&utm_source=mealdeals_scraper,2026-08-07T20:58:09.491545+00:00
Sandals Resort,,,https://www.sandals.com/specials/,,JM,Kingston,https://www.sandals.com/specials/?city=Kingston&country=JM&utm_source=mealdeals_scraper,2026-08-07T20:58:09.412615+00:00
Sandals Resort,,,https://www.sandals.com/specials/,,JM,Spanish Town,https://www.sandals.com/specials/?city=Spanish+Town&country=JM&utm_source=mealdeals_scraper,2026-08-07T20:58:09.472761+00:00
Scotchies Jerk Restaurant,,,https://www.scotchiesjerk.com/,,JM,Negril,https://www.scotchiesjerk.com/?city=Negril&country=JM&utm_source=mealdeals_scraper,2026-08-07T20:58:09.492581+00:00
Scotchies Jerk Restaurant,,,https://www.scotchiesjerk.com/,,JM,Spanish Town,https://www.scotchiesjerk.com/?city=Spanish+Town&country=JM&utm_source=mealdeals_scraper,2026-08-07T20:58:09.473627+00:00
Scotchies Jerk Restaurant,,,https://www.scotchiesjerk.com/,,JM,Kingston,https://www.scotchiesjerk.com/?city=Kingston&country=JM&utm_source=mealdeals_scraper,2026-08-07T20:58:09.413774+00:00
Scotchies Jerk Restaurant,,,https://www.scotchiesjerk.com/,,JM,Montego Bay,https://www.scotchiesjerk.com/?city=Montego+Bay&country=JM&utm_source=mealdeals_scraper,2026-08-07T20:58:09.434179+00:00
Scotchies Jerk Restaurant,,,https://www.scotchiesjerk.com/,,JM,Ocho Rios,https://www.scotchiesjerk.com/?city=Ocho+Rios&country=JM&utm_source=mealdeals_scraper,2026-08-07T20:58:09.454252+00:00
Usain Bolt Tracks Bar,,,https://www.tracksbarandgrill.com/,,JM,Kingston,https://www.tracksbarandgrill.com/?city=Kingston&country=JM&utm_source=mealdeals_scraper,2026-08-07T20:58:09.414236+00:00
Usain Bolt Tracks Bar,,,https://www.tracksbarandgrill.com/,,JM,Negril,https://www.tracksbarandgrill.com/?city=Negril&country=JM&utm_source=mealdeals_scraper,2026-08-07T20:58:09.493006+00:00
Usain Bolt Tracks Bar,,,https://www.tracksbarandgrill.com/,,JM,Spanish Town,https://www.tracksbarandgrill.com/?city=Spanish+Town&country=JM&utm_source=mealdeals_scraper,2026-08-07T20:58:09.474053+00:00
Usain Bolt Tracks Bar,,,https://www.tracksbarandgrill.com/,,JM,Ocho Rios,https://www.tracksbarandgrill.com/?city=Ocho+Rios&country=JM&utm_source=mealdeals_scraper,2026-08-07T20:58:09.454652+00:00
Usain Bolt Tracks Bar,,,https://www.tracksbarandgrill.com/,,JM,Montego Bay,https://www.tracksbarandgrill.com/?city=Montego+Bay&country=JM&utm_source=mealdeals_scraper,2026-08-07T20:58:09.434590+00:00
Accor Hotels,,,https://all.accor.com/,"Discover exclusive hotel offers, bonus Reward Points, unforgettable experiences and member benefits that elevate every journey with ALL Accor.",JO,Irbid,https://all.accor.com/a/en/offers.html?city=Irbid&country=JO&utm_source=mealdeals_scraper,2026-08-07T20:58:12.517337+00:00
Accor Hotels,,,https://all.accor.com/,"Discover exclusive hotel offers, bonus Reward Points, unforgettable experiences and member benefits that elevate every journey with ALL Accor.",JO,Amman,https://all.accor.com/a/en/offers.html?city=Amman&country=JO&utm_source=mealdeals_scraper,2026-08-07T20:58:12.492251+00:00
Accor Hotels,,,https://all.accor.com/,"Discover exclusive hotel offers, bonus Reward Points, unforgettable experiences and member benefits that elevate every journey with ALL Accor.",JO,Aqaba,https://all.accor.com/a/en/offers.html?city=Aqaba&country=JO&utm_source=mealdeals_scraper,2026-08-07T20:58:12.542501+00:00
Carrefour Jordan,,,https://www.carrefour.jo/,,JO,Amman,https://www.carrefour.jo/?city=Amman&country=JO&utm_source=mealdeals_scraper,2026-08-07T20:58:12.488227+00:00
Carrefour Jordan,,,https://www.carrefour.jo/,,JO,Irbid,https://www.carrefour.jo/?city=Irbid&country=JO&utm_source=mealdeals_scraper,2026-08-07T20:58:12.514102+00:00
Carrefour Jordan,,,https://www.carrefour.jo/,,JO,Aqaba,https://www.carrefour.jo/?city=Aqaba&country=JO&utm_source=mealdeals_scraper,2026-08-07T20:58:12.538561+00:00
Hilton Hotels,+1-855-672-1138,,https://www.hilton.com/,"Take advantage of hotel offers, unique promotions, and exclusive online specials directly from Hilton Portfolio.",JO,Aqaba,https://www.hilton.com/en/offers/?city=Aqaba&country=JO&utm_source=mealdeals_scraper,2026-08-07T20:58:12.540345+00:00
Hilton Hotels,+1-855-672-1138,,https://www.hilton.com/,"Take advantage of hotel offers, unique promotions, and exclusive online specials directly from Hilton Portfolio.",JO,Irbid,https://www.hilton.com/en/offers/?city=Irbid&country=JO&utm_source=mealdeals_scraper,2026-08-07T20:58:12.515687+00:00
Hilton Hotels,+1-855-672-1138,,https://www.hilton.com/,"Take advantage of hotel offers, unique promotions, and exclusive online specials directly from Hilton Portfolio.",JO,Amman,https://www.hilton.com/en/offers/?city=Amman&country=JO&utm_source=mealdeals_scraper,2026-08-07T20:58:12.490314+00:00
Ibis Hotel,,,https://all.accor.com/hotel/ibis/index.en.shtml,,JO,Amman,https://all.accor.com/hotel/ibis/index.en.shtml?city=Amman&country=JO&utm_source=mealdeals_scraper,2026-08-07T20:58:12.490914+00:00
Ibis Hotel,,,https://all.accor.com/hotel/ibis/index.en.shtml,,JO,Irbid,https://all.accor.com/hotel/ibis/index.en.shtml?city=Irbid&country=JO&utm_source=mealdeals_scraper,2026-08-07T20:58:12.516103+00:00
Ibis Hotel,,,https://all.accor.com/hotel/ibis/index.en.shtml,,JO,Aqaba,https://all.accor.com/hotel/ibis/index.en.shtml?city=Aqaba&country=JO&utm_source=mealdeals_scraper,2026-08-07T20:58:12.540966+00:00
Local Pub & Grill,,,https://www.tripadvisor.com/Restaurants,,JO,Irbid,https://www.tripadvisor.com/Restaurants?city=Irbid&country=JO&utm_source=mealdeals_scraper,2026-08-07T20:58:12.516940+00:00
Local Pub & Grill,,,https://www.tripadvisor.com/Restaurants,,JO,Amman,https://www.tripadvisor.com/Restaurants?city=Amman&country=JO&utm_source=mealdeals_scraper,2026-08-07T20:58:12.491829+00:00
Local Pub & Grill,,,https://www.tripadvisor.com/Restaurants,,JO,Aqaba,https://www.tripadvisor.com/Restaurants?city=Aqaba&country=JO&utm_source=mealdeals_scraper,2026-08-07T20:58:12.542074+00:00
Marriott Hotels,,,https://www.marriott.com/,Make the most of your next stay with hotel deals and promotional travel discounts from Marriott Bonvoy.,JO,Irbid,https://www.marriott.com/offers.mi?city=Irbid&country=JO&utm_source=mealdeals_scraper,2026-08-07T20:58:12.515241+00:00
Marriott Hotels,,,https://www.marriott.com/,Make the most of your next stay with hotel deals and promotional travel discounts from Marriott Bonvoy.,JO,Amman,https://www.marriott.com/offers.mi?city=Amman&country=JO&utm_source=mealdeals_scraper,2026-08-07T20:58:12.489689+00:00
Marriott Hotels,,,https://www.marriott.com/,Make the most of your next stay with hotel deals and promotional travel discounts from Marriott Bonvoy.,JO,Aqaba,https://www.marriott.com/offers.mi?city=Aqaba&country=JO&utm_source=mealdeals_scraper,2026-08-07T20:58:12.539781+00:00
Safeway Jordan,,,https://www.safeway.jo/,,JO,Amman,https://www.safeway.jo/?city=Amman&country=JO&utm_source=mealdeals_scraper,2026-08-07T20:58:12.488956+00:00
Safeway Jordan,,,https://www.safeway.jo/,,JO,Aqaba,https://www.safeway.jo/?city=Aqaba&country=JO&utm_source=mealdeals_scraper,2026-08-07T20:58:12.539193+00:00
Safeway Jordan,,,https://www.safeway.jo/,,JO,Irbid,https://www.safeway.jo/?city=Irbid&country=JO&utm_source=mealdeals_scraper,2026-08-07T20:58:12.514761+00:00
Starbucks Coffee,,,https://www.starbucks.com/,,JO,Aqaba,https://www.starbucks.com/menu?city=Aqaba&country=JO&utm_source=mealdeals_scraper,2026-08-07T20:58:12.541551+00:00
Starbucks Coffee,,,https://www.starbucks.com/,,JO,Irbid,https://www.starbucks.com/menu?city=Irbid&country=JO&utm_source=mealdeals_scraper,2026-08-07T20:58:12.516527+00:00
Starbucks Coffee,,,https://www.starbucks.com/,,JO,Amman,https://www.starbucks.com/menu?city=Amman&country=JO&utm_source=mealdeals_scraper,2026-08-07T20:58:12.491388+00:00
Toast Box Cafe,+6598280614,,https://www.toastbox.com.sg/,,JO,Aqaba,https://www.toastbox.com.sg/?city=Aqaba&country=JO&utm_source=mealdeals_scraper,2026-08-07T20:58:12.542940+00:00
Toast Box Cafe,+6598280614,,https://www.toastbox.com.sg/,,JO,Amman,https://www.toastbox.com.sg/?city=Amman&country=JO&utm_source=mealdeals_scraper,2026-08-07T20:58:12.492694+00:00
Toast Box Cafe,+6598280614,,https://www.toastbox.com.sg/,,JO,Irbid,https://www.toastbox.com.sg/?city=Irbid&country=JO&utm_source=mealdeals_scraper,2026-08-07T20:58:12.517757+00:00
7-Eleven Japan,,,https://www.sej.co.jp/,セブンイレブンの公式ウェブサイト。電子マネーnanaco、新商品紹介、キャンペーン情報、セブン-イレブンネット、コンビニATM、各種店舗でのサービスなどのご紹介。企業情報掲載。,JP,Kyoto,https://www.sej.co.jp/?city=Kyoto&country=JP&utm_source=mealdeals_scraper,2026-08-07T20:58:12.606461+00:00
7-Eleven Japan,,,https://www.sej.co.jp/,セブンイレブンの公式ウェブサイト。電子マネーnanaco、新商品紹介、キャンペーン情報、セブン-イレブンネット、コンビニATM、各種店舗でのサービスなどのご紹介。企業情報掲載。,JP,Tokyo,https://www.sej.co.jp/?city=Tokyo&country=JP&utm_source=mealdeals_scraper,2026-08-07T20:58:12.560948+00:00
7-Eleven Japan,,,https://www.sej.co.jp/,セブンイレブンの公式ウェブサイト。電子マネーnanaco、新商品紹介、キャンペーン情報、セブン-イレブンネット、コンビニATM、各種店舗でのサービスなどのご紹介。企業情報掲載。,JP,Yokohama,https://www.sej.co.jp/?city=Yokohama&country=JP&utm_source=mealdeals_scraper,2026-08-07T20:58:12.629243+00:00
7-Eleven Japan,,,https://www.sej.co.jp/,セブンイレブンの公式ウェブサイト。電子マネーnanaco、新商品紹介、キャンペーン情報、セブン-イレブンネット、コンビニATM、各種店舗でのサービスなどのご紹介。企業情報掲載。,JP,Osaka,https://www.sej.co.jp/?city=Osaka&country=JP&utm_source=mealdeals_scraper,2026-08-07T20:58:12.582081+00:00
7-Eleven Japan,,,https://www.sej.co.jp/,セブンイレブンの公式ウェブサイト。電子マネーnanaco、新商品紹介、キャンペーン情報、セブン-イレブンネット、コンビニATM、各種店舗でのサービスなどのご紹介。企業情報掲載。,JP,Nagoya,https://www.sej.co.jp/?city=Nagoya&country=JP&utm_source=mealdeals_scraper,2026-08-07T20:58:12.650182+00:00
APA Hotel,,,https://www.apahotel.com/en/,,JP,Nagoya,https://www.apahotel.com/en/?city=Nagoya&country=JP&utm_source=mealdeals_scraper,2026-08-07T20:58:12.651993+00:00
APA Hotel,,,https://www.apahotel.com/en/,,JP,Kyoto,https://www.apahotel.com/en/?city=Kyoto&country=JP&utm_source=mealdeals_scraper,2026-08-07T20:58:12.608388+00:00
APA Hotel,,,https://www.apahotel.com/en/,,JP,Osaka,https://www.apahotel.com/en/?city=Osaka&country=JP&utm_source=mealdeals_scraper,2026-08-07T20:58:12.583868+00:00
APA Hotel,,,https://www.apahotel.com/en/,,JP,Yokohama,https://www.apahotel.com/en/?city=Yokohama&country=JP&utm_source=mealdeals_scraper,2026-08-07T20:58:12.631130+00:00
APA Hotel,,,https://www.apahotel.com/en/,,JP,Tokyo,https://www.apahotel.com/en/?city=Tokyo&country=JP&utm_source=mealdeals_scraper,2026-08-07T20:58:12.562717+00:00
FamilyMart,,,https://www.family.co.jp/,あなたと、コンビに、ファミリーマート公式ウェブサイト。新商品紹介、キャンペーン情報など店舗サービスのご紹介。店舗検索、社会環境活動、企業情報掲載。,JP,Tokyo,https://www.family.co.jp/?city=Tokyo&country=JP&utm_source=mealdeals_scraper,2026-08-07T20:58:12.562221+00:00
FamilyMart,,,https://www.family.co.jp/,あなたと、コンビに、ファミリーマート公式ウェブサイト。新商品紹介、キャンペーン情報など店舗サービスのご紹介。店舗検索、社会環境活動、企業情報掲載。,JP,Nagoya,https://www.family.co.jp/?city=Nagoya&country=JP&utm_source=mealdeals_scraper,2026-08-07T20:58:12.651397+00:00
FamilyMart,,,https://www.family.co.jp/,あなたと、コンビに、ファミリーマート公式ウェブサイト。新商品紹介、キャンペーン情報など店舗サービスのご紹介。店舗検索、社会環境活動、企業情報掲載。,JP,Kyoto,https://www.family.co.jp/?city=Kyoto&country=JP&utm_source=mealdeals_scraper,2026-08-07T20:58:12.607762+00:00
FamilyMart,,,https://www.family.co.jp/,あなたと、コンビに、ファミリーマート公式ウェブサイト。新商品紹介、キャンペーン情報など店舗サービスのご紹介。店舗検索、社会環境活動、企業情報掲載。,JP,Osaka,https://www.family.co.jp/?city=Osaka&country=JP&utm_source=mealdeals_scraper,2026-08-07T20:58:12.583301+00:00
FamilyMart,,,https://www.family.co.jp/,あなたと、コンビに、ファミリーマート公式ウェブサイト。新商品紹介、キャンペーン情報など店舗サービスのご紹介。店舗検索、社会環境活動、企業情報掲載。,JP,Yokohama,https://www.family.co.jp/?city=Yokohama&country=JP&utm_source=mealdeals_scraper,2026-08-07T20:58:12.630531+00:00
Hilton Hotels,+1-855-672-1138,,https://www.hilton.com/,"Take advantage of hotel offers, unique promotions, and exclusive online specials directly from Hilton Portfolio.",JP,Tokyo,https://www.hilton.com/en/offers/?city=Tokyo&country=JP&utm_source=mealdeals_scraper,2026-08-07T20:58:12.563178+00:00
Hilton Hotels,+1-855-672-1138,,https://www.hilton.com/,"Take advantage of hotel offers, unique promotions, and exclusive online specials directly from Hilton Portfolio.",JP,Nagoya,https://www.hilton.com/en/offers/?city=Nagoya&country=JP&utm_source=mealdeals_scraper,2026-08-07T20:58:12.652587+00:00
Hilton Hotels,+1-855-672-1138,,https://www.hilton.com/,"Take advantage of hotel offers, unique promotions, and exclusive online specials directly from Hilton Portfolio.",JP,Yokohama,https://www.hilton.com/en/offers/?city=Yokohama&country=JP&utm_source=mealdeals_scraper,2026-08-07T20:58:12.631715+00:00
Hilton Hotels,+1-855-672-1138,,https://www.hilton.com/,"Take advantage of hotel offers, unique promotions, and exclusive online specials directly from Hilton Portfolio.",JP,Osaka,https://www.hilton.com/en/offers/?city=Osaka&country=JP&utm_source=mealdeals_scraper,2026-08-07T20:58:12.584418+00:00
Hilton Hotels,+1-855-672-1138,,https://www.hilton.com/,"Take advantage of hotel offers, unique promotions, and exclusive online specials directly from Hilton Portfolio.",JP,Kyoto,https://www.hilton.com/en/offers/?city=Kyoto&country=JP&utm_source=mealdeals_scraper,2026-08-07T20:58:12.609003+00:00
Ichiran Ramen Restaurant,,,https://en.ichiran.com/,"ICHIRAN Official website for the natural tonkotsu ramen specialty store. Store information, system introduction, priority guide service, event information, recruitment information, company information, etc.",JP,Yokohama,https://en.ichiran.com/?city=Yokohama&country=JP&utm_source=mealdeals_scraper,2026-08-07T20:58:12.632886+00:00
Ichiran Ramen Restaurant,,,https://en.ichiran.com/,"ICHIRAN Official website for the natural tonkotsu ramen specialty store. Store information, system introduction, priority guide service, event information, recruitment information, company information, etc.",JP,Osaka,https://en.ichiran.com/?city=Osaka&country=JP&utm_source=mealdeals_scraper,2026-08-07T20:58:12.585528+00:00
Ichiran Ramen Restaurant,,,https://en.ichiran.com/,"ICHIRAN Official website for the natural tonkotsu ramen specialty store. Store information, system introduction, priority guide service, event information, recruitment information, company information, etc.",JP,Tokyo,https://en.ichiran.com/?city=Tokyo&country=JP&utm_source=mealdeals_scraper,2026-08-07T20:58:12.564037+00:00
Ichiran Ramen Restaurant,,,https://en.ichiran.com/,"ICHIRAN Official website for the natural tonkotsu ramen specialty store. Store information, system introduction, priority guide service, event information, recruitment information, company information, etc.",JP,Kyoto,https://en.ichiran.com/?city=Kyoto&country=JP&utm_source=mealdeals_scraper,2026-08-07T20:58:12.610106+00:00
Ichiran Ramen Restaurant,,,https://en.ichiran.com/,"ICHIRAN Official website for the natural tonkotsu ramen specialty store. Store information, system introduction, priority guide service, event information, recruitment information, company information, etc.",JP,Nagoya,https://en.ichiran.com/?city=Nagoya&country=JP&utm_source=mealdeals_scraper,2026-08-07T20:58:12.653505+00:00
Lawson,,,https://www.lawson.co.jp/,コンビニエンスストア「ローソン」の公式ウェブサイト。店舗/ATM検索、新商品紹介、各種店舗でのサービスや活用方法などのご紹介。株式会社ローソンの企業情報掲載。ローソン「三鷹の森ジブリ美術館」情報。,JP,Nagoya,https://www.lawson.co.jp/?city=Nagoya&country=JP&utm_source=mealdeals_scraper,2026-08-07T20:58:12.650827+00:00
Lawson,,,https://www.lawson.co.jp/,コンビニエンスストア「ローソン」の公式ウェブサイト。店舗/ATM検索、新商品紹介、各種店舗でのサービスや活用方法などのご紹介。株式会社ローソンの企業情報掲載。ローソン「三鷹の森ジブリ美術館」情報。,JP,Yokohama,https://www.lawson.co.jp/?city=Yokohama&country=JP&utm_source=mealdeals_scraper,2026-08-07T20:58:12.629923+00:00
Lawson,,,https://www.lawson.co.jp/,コンビニエンスストア「ローソン」の公式ウェブサイト。店舗/ATM検索、新商品紹介、各種店舗でのサービスや活用方法などのご紹介。株式会社ローソンの企業情報掲載。ローソン「三鷹の森ジブリ美術館」情報。,JP,Tokyo,https://www.lawson.co.jp/?city=Tokyo&country=JP&utm_source=mealdeals_scraper,2026-08-07T20:58:12.561585+00:00
Lawson,,,https://www.lawson.co.jp/,コンビニエンスストア「ローソン」の公式ウェブサイト。店舗/ATM検索、新商品紹介、各種店舗でのサービスや活用方法などのご紹介。株式会社ローソンの企業情報掲載。ローソン「三鷹の森ジブリ美術館」情報。,JP,Osaka,https://www.lawson.co.jp/?city=Osaka&country=JP&utm_source=mealdeals_scraper,2026-08-07T20:58:12.582725+00:00
Lawson,,,https://www.lawson.co.jp/,コンビニエンスストア「ローソン」の公式ウェブサイト。店舗/ATM検索、新商品紹介、各種店舗でのサービスや活用方法などのご紹介。株式会社ローソンの企業情報掲載。ローソン「三鷹の森ジブリ美術館」情報。,JP,Kyoto,https://www.lawson.co.jp/?city=Kyoto&country=JP&utm_source=mealdeals_scraper,2026-08-07T20:58:12.607150+00:00
Starbucks Coffee,,,https://www.starbucks.co.jp/,スターバックス コーヒー ジャパンの公式ホームページ。新商品・メニュー情報、店舗検索、イベント情報、求人情報、エスプレッソドリンク用語の解説、コーヒー豆の解説、IR情報、CSR情報など。,JP,Kyoto,https://www.starbucks.co.jp/?city=Kyoto&country=JP&utm_source=mealdeals_scraper,2026-08-07T20:58:12.609576+00:00
Starbucks Coffee,,,https://www.starbucks.co.jp/,スターバックス コーヒー ジャパンの公式ホームページ。新商品・メニュー情報、店舗検索、イベント情報、求人情報、エスプレッソドリンク用語の解説、コーヒー豆の解説、IR情報、CSR情報など。,JP,Tokyo,https://www.starbucks.co.jp/?city=Tokyo&country=JP&utm_source=mealdeals_scraper,2026-08-07T20:58:12.563611+00:00
Starbucks Coffee,,,https://www.starbucks.co.jp/,スターバックス コーヒー ジャパンの公式ホームページ。新商品・メニュー情報、店舗検索、イベント情報、求人情報、エスプレッソドリンク用語の解説、コーヒー豆の解説、IR情報、CSR情報など。,JP,Yokohama,https://www.starbucks.co.jp/?city=Yokohama&country=JP&utm_source=mealdeals_scraper,2026-08-07T20:58:12.632276+00:00
Starbucks Coffee,,,https://www.starbucks.co.jp/,スターバックス コーヒー ジャパンの公式ホームページ。新商品・メニュー情報、店舗検索、イベント情報、求人情報、エスプレッソドリンク用語の解説、コーヒー豆の解説、IR情報、CSR情報など。,JP,Osaka,https://www.starbucks.co.jp/?city=Osaka&country=JP&utm_source=mealdeals_scraper,2026-08-07T20:58:12.584985+00:00
Starbucks Coffee,,,https://www.starbucks.co.jp/,スターバックス コーヒー ジャパンの公式ホームページ。新商品・メニュー情報、店舗検索、イベント情報、求人情報、エスプレッソドリンク用語の解説、コーヒー豆の解説、IR情報、CSR情報など。,JP,Nagoya,https://www.starbucks.co.jp/?city=Nagoya&country=JP&utm_source=mealdeals_scraper,2026-08-07T20:58:12.653073+00:00
Yakiniku Like Restaurant,,,https://yakiniku-like.com/,一人焼肉も楽しめる焼肉ファストフード店「焼肉ライク」。カウンターには1人1台のロースターを搭載し、誰にも気を使わず、自分のお好きな量を好きなだけ注文して、食事ができるスタイルの焼肉店。店舗ではテーブル席も用意しており、2人でおしゃべりしながら食事もできます。,JP,Yokohama,https://yakiniku-like.com/?city=Yokohama&country=JP&utm_source=mealdeals_scraper,2026-08-07T20:58:12.633375+00:00
Yakiniku Like Restaurant,,,https://yakiniku-like.com/,一人焼肉も楽しめる焼肉ファストフード店「焼肉ライク」。カウンターには1人1台のロースターを搭載し、誰にも気を使わず、自分のお好きな量を好きなだけ注文して、食事ができるスタイルの焼肉店。店舗ではテーブル席も用意しており、2人でおしゃべりしながら食事もできます。,JP,Tokyo,https://yakiniku-like.com/?city=Tokyo&country=JP&utm_source=mealdeals_scraper,2026-08-07T20:58:12.564459+00:00
Yakiniku Like Restaurant,,,https://yakiniku-like.com/,一人焼肉も楽しめる焼肉ファストフード店「焼肉ライク」。カウンターには1人1台のロースターを搭載し、誰にも気を使わず、自分のお好きな量を好きなだけ注文して、食事ができるスタイルの焼肉店。店舗ではテーブル席も用意しており、2人でおしゃべりしながら食事もできます。,JP,Nagoya,https://yakiniku-like.com/?city=Nagoya&country=JP&utm_source=mealdeals_scraper,2026-08-07T20:58:12.653932+00:00
Yakiniku Like Restaurant,,,https://yakiniku-like.com/,一人焼肉も楽しめる焼肉ファストフード店「焼肉ライク」。カウンターには1人1台のロースターを搭載し、誰にも気を使わず、自分のお好きな量を好きなだけ注文して、食事ができるスタイルの焼肉店。店舗ではテーブル席も用意しており、2人でおしゃべりしながら食事もできます。,JP,Kyoto,https://yakiniku-like.com/?city=Kyoto&country=JP&utm_source=mealdeals_scraper,2026-08-07T20:58:12.610554+00:00
Yakiniku Like Restaurant,,,https://yakiniku-like.com/,一人焼肉も楽しめる焼肉ファストフード店「焼肉ライク」。カウンターには1人1台のロースターを搭載し、誰にも気を使わず、自分のお好きな量を好きなだけ注文して、食事ができるスタイルの焼肉店。店舗ではテーブル席も用意しており、2人でおしゃべりしながら食事もできます。,JP,Osaka,https://yakiniku-like.com/?city=Osaka&country=JP&utm_source=mealdeals_scraper,2026-08-07T20:58:12.586019+00:00
City Lodge Hotel,,,https://www.clhg.com/,"Discover modern comfort at City Lodge Hotels – offering stylish accommodations, prime urban locations, and exceptional service for business and leisure travelers. Book your stay today!",KE,Nairobi,https://www.clhg.com/?city=Nairobi&country=KE&utm_source=mealdeals_scraper,2026-08-07T20:58:12.679622+00:00
City Lodge Hotel,,,https://www.clhg.com/,"Discover modern comfort at City Lodge Hotels – offering stylish accommodations, prime urban locations, and exceptional service for business and leisure travelers. Book your stay today!",KE,Nakuru,https://www.clhg.com/?city=Nakuru&country=KE&utm_source=mealdeals_scraper,2026-08-07T20:58:12.756414+00:00
City Lodge Hotel,,,https://www.clhg.com/,"Discover modern comfort at City Lodge Hotels – offering stylish accommodations, prime urban locations, and exceptional service for business and leisure travelers. Book your stay today!",KE,Kisumu,https://www.clhg.com/?city=Kisumu&country=KE&utm_source=mealdeals_scraper,2026-08-07T20:58:12.730102+00:00
City Lodge Hotel,,,https://www.clhg.com/,"Discover modern comfort at City Lodge Hotels – offering stylish accommodations, prime urban locations, and exceptional service for business and leisure travelers. Book your stay today!",KE,Mombasa,https://www.clhg.com/?city=Mombasa&country=KE&utm_source=mealdeals_scraper,2026-08-07T20:58:12.704742+00:00
Debonairs Pizza Restaurant,,,https://www.debonairspizza.co.za/,"Discover bold flavours, epic pizzas and unbeatable value at Debonairs Pizza. Order your favourites online now and enjoy fast delivery or easy pickup today.",KE,Kisumu,https://www.debonairspizza.co.za/?city=Kisumu&country=KE&utm_source=mealdeals_scraper,2026-08-07T20:58:12.730495+00:00
Debonairs Pizza Restaurant,,,https://www.debonairspizza.co.za/,"Discover bold flavours, epic pizzas and unbeatable value at Debonairs Pizza. Order your favourites online now and enjoy fast delivery or easy pickup today.",KE,Nairobi,https://www.debonairspizza.co.za/?city=Nairobi&country=KE&utm_source=mealdeals_scraper,2026-08-07T20:58:12.680026+00:00
Debonairs Pizza Restaurant,,,https://www.debonairspizza.co.za/,"Discover bold flavours, epic pizzas and unbeatable value at Debonairs Pizza. Order your favourites online now and enjoy fast delivery or easy pickup today.",KE,Nakuru,https://www.debonairspizza.co.za/?city=Nakuru&country=KE&utm_source=mealdeals_scraper,2026-08-07T20:58:12.756829+00:00
Debonairs Pizza Restaurant,,,https://www.debonairspizza.co.za/,"Discover bold flavours, epic pizzas and unbeatable value at Debonairs Pizza. Order your favourites online now and enjoy fast delivery or easy pickup today.",KE,Mombasa,https://www.debonairspizza.co.za/?city=Mombasa&country=KE&utm_source=mealdeals_scraper,2026-08-07T20:58:12.705163+00:00
Hilton Hotels,+1-855-672-1138,,https://www.hilton.com/,"Take advantage of hotel offers, unique promotions, and exclusive online specials directly from Hilton Portfolio.",KE,Nakuru,https://www.hilton.com/en/offers/?city=Nakuru&country=KE&utm_source=mealdeals_scraper,2026-08-07T20:58:12.754668+00:00
Hilton Hotels,+1-855-672-1138,,https://www.hilton.com/,"Take advantage of hotel offers, unique promotions, and exclusive online specials directly from Hilton Portfolio.",KE,Nairobi,https://www.hilton.com/en/offers/?city=Nairobi&country=KE&utm_source=mealdeals_scraper,2026-08-07T20:58:12.677986+00:00
Hilton Hotels,+1-855-672-1138,,https://www.hilton.com/,"Take advantage of hotel offers, unique promotions, and exclusive online specials directly from Hilton Portfolio.",KE,Mombasa,https://www.hilton.com/en/offers/?city=Mombasa&country=KE&utm_source=mealdeals_scraper,2026-08-07T20:58:12.702873+00:00
Hilton Hotels,+1-855-672-1138,,https://www.hilton.com/,"Take advantage of hotel offers, unique promotions, and exclusive online specials directly from Hilton Portfolio.",KE,Kisumu,https://www.hilton.com/en/offers/?city=Kisumu&country=KE&utm_source=mealdeals_scraper,2026-08-07T20:58:12.728417+00:00
Ibis Hotel,,,https://all.accor.com/hotel/ibis/index.en.shtml,,KE,Nakuru,https://all.accor.com/hotel/ibis/index.en.shtml?city=Nakuru&country=KE&utm_source=mealdeals_scraper,2026-08-07T20:58:12.755124+00:00
Ibis Hotel,,,https://all.accor.com/hotel/ibis/index.en.shtml,,KE,Nairobi,https://all.accor.com/hotel/ibis/index.en.shtml?city=Nairobi&country=KE&utm_source=mealdeals_scraper,2026-08-07T20:58:12.678398+00:00
Ibis Hotel,,,https://all.accor.com/hotel/ibis/index.en.shtml,,KE,Kisumu,https://all.accor.com/hotel/ibis/index.en.shtml?city=Kisumu&country=KE&utm_source=mealdeals_scraper,2026-08-07T20:58:12.728832+00:00
Ibis Hotel,,,https://all.accor.com/hotel/ibis/index.en.shtml,,KE,Mombasa,https://all.accor.com/hotel/ibis/index.en.shtml?city=Mombasa&country=KE&utm_source=mealdeals_scraper,2026-08-07T20:58:12.703393+00:00
Java House,,,https://www.javahouseafrica.com/,Craving Java love? Enjoy a hearty breakfast or rich espresso at a Java House near you. Short on time? Order online now and savor the goodness anywhere!,KE,Nairobi,https://www.javahouseafrica.com/?city=Nairobi&country=KE&utm_source=mealdeals_scraper,2026-08-07T20:58:12.676618+00:00
Java House,,,https://www.javahouseafrica.com/,Craving Java love? Enjoy a hearty breakfast or rich espresso at a Java House near you. Short on time? Order online now and savor the goodness anywhere!,KE,Nakuru,https://www.javahouseafrica.com/?city=Nakuru&country=KE&utm_source=mealdeals_scraper,2026-08-07T20:58:12.752968+00:00
Java House,,,https://www.javahouseafrica.com/,Craving Java love? Enjoy a hearty breakfast or rich espresso at a Java House near you. Short on time? Order online now and savor the goodness anywhere!,KE,Kisumu,https://www.javahouseafrica.com/?city=Kisumu&country=KE&utm_source=mealdeals_scraper,2026-08-07T20:58:12.727080+00:00
Java House,,,https://www.javahouseafrica.com/,Craving Java love? Enjoy a hearty breakfast or rich espresso at a Java House near you. Short on time? Order online now and savor the goodness anywhere!,KE,Mombasa,https://www.javahouseafrica.com/?city=Mombasa&country=KE&utm_source=mealdeals_scraper,2026-08-07T20:58:12.701153+00:00
KFC Kenya,,,https://www.kfc.co.ke/,,KE,Nakuru,https://www.kfc.co.ke/?city=Nakuru&country=KE&utm_source=mealdeals_scraper,2026-08-07T20:58:12.753541+00:00
KFC Kenya,,,https://www.kfc.co.ke/,,KE,Nairobi,https://www.kfc.co.ke/?city=Nairobi&country=KE&utm_source=mealdeals_scraper,2026-08-07T20:58:12.677075+00:00
KFC Kenya,,,https://www.kfc.co.ke/,,KE,Mombasa,https://www.kfc.co.ke/?city=Mombasa&country=KE&utm_source=mealdeals_scraper,2026-08-07T20:58:12.701722+00:00
KFC Kenya,,,https://www.kfc.co.ke/,,KE,Kisumu,https://www.kfc.co.ke/?city=Kisumu&country=KE&utm_source=mealdeals_scraper,2026-08-07T20:58:12.727535+00:00
Local Pub & Grill,,,https://www.tripadvisor.com/Restaurants,,KE,Nakuru,https://www.tripadvisor.com/Restaurants?city=Nakuru&country=KE&utm_source=mealdeals_scraper,2026-08-07T20:58:12.755998+00:00
Local Pub & Grill,,,https://www.tripadvisor.com/Restaurants,,KE,Mombasa,https://www.tripadvisor.com/Restaurants?city=Mombasa&country=KE&utm_source=mealdeals_scraper,2026-08-07T20:58:12.704303+00:00
Local Pub & Grill,,,https://www.tripadvisor.com/Restaurants,,KE,Nairobi,https://www.tripadvisor.com/Restaurants?city=Nairobi&country=KE&utm_source=mealdeals_scraper,2026-08-07T20:58:12.679226+00:00
Local Pub & Grill,,,https://www.tripadvisor.com/Restaurants,,KE,Kisumu,https://www.tripadvisor.com/Restaurants?city=Kisumu&country=KE&utm_source=mealdeals_scraper,2026-08-07T20:58:12.729705+00:00
Marriott Hotels,,,https://www.marriott.com/,Make the most of your next stay with hotel deals and promotional travel discounts from Marriott Bonvoy.,KE,Nairobi,https://www.marriott.com/offers.mi?city=Nairobi&country=KE&utm_source=mealdeals_scraper,2026-08-07T20:58:12.677540+00:00
Marriott Hotels,,,https://www.marriott.com/,Make the most of your next stay with hotel deals and promotional travel discounts from Marriott Bonvoy.,KE,Mombasa,https://www.marriott.com/offers.mi?city=Mombasa&country=KE&utm_source=mealdeals_scraper,2026-08-07T20:58:12.702307+00:00
Marriott Hotels,,,https://www.marriott.com/,Make the most of your next stay with hotel deals and promotional travel discounts from Marriott Bonvoy.,KE,Kisumu,https://www.marriott.com/offers.mi?city=Kisumu&country=KE&utm_source=mealdeals_scraper,2026-08-07T20:58:12.728000+00:00
Marriott Hotels,,,https://www.marriott.com/,Make the most of your next stay with hotel deals and promotional travel discounts from Marriott Bonvoy.,KE,Nakuru,https://www.marriott.com/offers.mi?city=Nakuru&country=KE&utm_source=mealdeals_scraper,2026-08-07T20:58:12.754118+00:00
Naivas,+254111184200,,https://naivas.online/,Naivas,KE,Nakuru,https://naivas.online/?city=Nakuru&country=KE&utm_source=mealdeals_scraper,2026-08-07T20:58:12.752326+00:00
Naivas,+254111184200,,https://naivas.online/,Naivas,KE,Kisumu,https://naivas.online/?city=Kisumu&country=KE&utm_source=mealdeals_scraper,2026-08-07T20:58:12.726463+00:00
Naivas,+254111184200,,https://naivas.online/,Naivas,KE,Nairobi,https://naivas.online/?city=Nairobi&country=KE&utm_source=mealdeals_scraper,2026-08-07T20:58:12.676082+00:00
Naivas,+254111184200,,https://naivas.online/,Naivas,KE,Mombasa,https://naivas.online/?city=Mombasa&country=KE&utm_source=mealdeals_scraper,2026-08-07T20:58:12.700510+00:00
Starbucks Coffee,,,https://www.starbucks.com/,,KE,Nakuru,https://www.starbucks.com/menu?city=Nakuru&country=KE&utm_source=mealdeals_scraper,2026-08-07T20:58:12.755552+00:00
Starbucks Coffee,,,https://www.starbucks.com/,,KE,Nairobi,https://www.starbucks.com/menu?city=Nairobi&country=KE&utm_source=mealdeals_scraper,2026-08-07T20:58:12.678809+00:00
Starbucks Coffee,,,https://www.starbucks.com/,,KE,Mombasa,https://www.starbucks.com/menu?city=Mombasa&country=KE&utm_source=mealdeals_scraper,2026-08-07T20:58:12.703870+00:00
Starbucks Coffee,,,https://www.starbucks.com/,,KE,Kisumu,https://www.starbucks.com/menu?city=Kisumu&country=KE&utm_source=mealdeals_scraper,2026-08-07T20:58:12.729269+00:00
Accor Hotels,,,https://all.accor.com/,"Discover exclusive hotel offers, bonus Reward Points, unforgettable experiences and member benefits that elevate every journey with ALL Accor.",KI,Tarawa,https://all.accor.com/a/en/offers.html?city=Tarawa&country=KI&utm_source=mealdeals_scraper,2026-08-07T20:58:12.781138+00:00
Bairiki Stores,,,https://www.bairikistores.ki/,,KI,Tarawa,https://www.bairikistores.ki/?city=Tarawa&country=KI&utm_source=mealdeals_scraper,2026-08-07T20:58:12.778433+00:00
Betio Market,,,https://www.betiomarket.ki/,,KI,Tarawa,https://www.betiomarket.ki/?city=Tarawa&country=KI&utm_source=mealdeals_scraper,2026-08-07T20:58:12.777807+00:00
Hilton Hotels,+1-855-672-1138,,https://www.hilton.com/,"Take advantage of hotel offers, unique promotions, and exclusive online specials directly from Hilton Portfolio.",KI,Tarawa,https://www.hilton.com/en/offers/?city=Tarawa&country=KI&utm_source=mealdeals_scraper,2026-08-07T20:58:12.779427+00:00
Ibis Hotel,,,https://all.accor.com/hotel/ibis/index.en.shtml,,KI,Tarawa,https://all.accor.com/hotel/ibis/index.en.shtml?city=Tarawa&country=KI&utm_source=mealdeals_scraper,2026-08-07T20:58:12.779872+00:00
Local Pub & Grill,,,https://www.tripadvisor.com/Restaurants,,KI,Tarawa,https://www.tripadvisor.com/Restaurants?city=Tarawa&country=KI&utm_source=mealdeals_scraper,2026-08-07T20:58:12.780708+00:00
Marriott Hotels,,,https://www.marriott.com/,Make the most of your next stay with hotel deals and promotional travel discounts from Marriott Bonvoy.,KI,Tarawa,https://www.marriott.com/offers.mi?city=Tarawa&country=KI&utm_source=mealdeals_scraper,2026-08-07T20:58:12.778969+00:00
Starbucks Coffee,,,https://www.starbucks.com/,,KI,Tarawa,https://www.starbucks.com/menu?city=Tarawa&country=KI&utm_source=mealdeals_scraper,2026-08-07T20:58:12.780291+00:00
The Coffee Club Cafe,,,https://www.coffeeclub.com.au/,ABOUT US,KI,Tarawa,https://www.coffeeclub.com.au/?city=Tarawa&country=KI&utm_source=mealdeals_scraper,2026-08-07T20:58:12.781540+00:00
Ballahoo,,,https://www.ballahoo.com/,,KN,Basseterre,https://www.ballahoo.com/?city=Basseterre&country=KN&utm_source=mealdeals_scraper,2026-08-07T20:58:12.804451+00:00
Hilton Hotels,+1-855-672-1138,,https://www.hilton.com/,"Take advantage of hotel offers, unique promotions, and exclusive online specials directly from Hilton Portfolio.",KN,Basseterre,https://www.hilton.com/en/offers/?city=Basseterre&country=KN&utm_source=mealdeals_scraper,2026-08-07T20:58:12.805597+00:00
Ibis Hotel,,,https://all.accor.com/hotel/ibis/index.en.shtml,,KN,Basseterre,https://all.accor.com/hotel/ibis/index.en.shtml?city=Basseterre&country=KN&utm_source=mealdeals_scraper,2026-08-07T20:58:12.806139+00:00
Marriott Hotels,,,https://www.marriott.com/,Make the most of your next stay with hotel deals and promotional travel discounts from Marriott Bonvoy.,KN,Basseterre,https://www.marriott.com/offers.mi?city=Basseterre&country=KN&utm_source=mealdeals_scraper,2026-08-07T20:58:12.805032+00:00
Ram's Supermarket,,,https://www.ramssupermarket.com/,,KN,Basseterre,https://www.ramssupermarket.com/?city=Basseterre&country=KN&utm_source=mealdeals_scraper,2026-08-07T20:58:12.803816+00:00
Rum Bar,,,https://www.tripadvisor.com/Restaurants,,KN,Basseterre,https://www.tripadvisor.com/Restaurants?city=Basseterre&country=KN&utm_source=mealdeals_scraper,2026-08-07T20:58:12.807881+00:00
Sandals Resort,,,https://www.sandals.com/specials/,,KN,Basseterre,https://www.sandals.com/specials/?city=Basseterre&country=KN&utm_source=mealdeals_scraper,2026-08-07T20:58:12.807472+00:00
Starbucks Coffee,,,https://www.starbucks.com/,,KN,Basseterre,https://www.starbucks.com/menu?city=Basseterre&country=KN&utm_source=mealdeals_scraper,2026-08-07T20:58:12.806576+00:00
Accor Hotels,,,https://all.accor.com/,"Discover exclusive hotel offers, bonus Reward Points, unforgettable experiences and member benefits that elevate every journey with ALL Accor.",KR,Incheon,https://all.accor.com/a/en/offers.html?city=Incheon&country=KR&utm_source=mealdeals_scraper,2026-08-07T20:58:12.886811+00:00
Accor Hotels,,,https://all.accor.com/,"Discover exclusive hotel offers, bonus Reward Points, unforgettable experiences and member benefits that elevate every journey with ALL Accor.",KR,Seoul,https://all.accor.com/a/en/offers.html?city=Seoul&country=KR&utm_source=mealdeals_scraper,2026-08-07T20:58:12.833327+00:00
Accor Hotels,,,https://all.accor.com/,"Discover exclusive hotel offers, bonus Reward Points, unforgettable experiences and member benefits that elevate every journey with ALL Accor.",KR,Busan,https://all.accor.com/a/en/offers.html?city=Busan&country=KR&utm_source=mealdeals_scraper,2026-08-07T20:58:12.859858+00:00
Accor Hotels,,,https://all.accor.com/,"Discover exclusive hotel offers, bonus Reward Points, unforgettable experiences and member benefits that elevate every journey with ALL Accor.",KR,Daegu,https://all.accor.com/a/en/offers.html?city=Daegu&country=KR&utm_source=mealdeals_scraper,2026-08-07T20:58:13.054375+00:00
CU Convenience,,,https://www.bgfretail.com/,BGF Live는 BGF그룹의 대표 커뮤니케이션 채널입니다.,KR,Daegu,https://www.bgfretail.com/?city=Daegu&country=KR&utm_source=mealdeals_scraper,2026-08-07T20:58:13.049168+00:00
CU Convenience,,,https://www.bgfretail.com/,BGF Live는 BGF그룹의 대표 커뮤니케이션 채널입니다.,KR,Incheon,https://www.bgfretail.com/?city=Incheon&country=KR&utm_source=mealdeals_scraper,2026-08-07T20:58:12.882075+00:00
CU Convenience,,,https://www.bgfretail.com/,BGF Live는 BGF그룹의 대표 커뮤니케이션 채널입니다.,KR,Seoul,https://www.bgfretail.com/?city=Seoul&country=KR&utm_source=mealdeals_scraper,2026-08-07T20:58:12.829784+00:00
CU Convenience,,,https://www.bgfretail.com/,BGF Live는 BGF그룹의 대표 커뮤니케이션 채널입니다.,KR,Busan,https://www.bgfretail.com/?city=Busan&country=KR&utm_source=mealdeals_scraper,2026-08-07T20:58:12.855823+00:00
Emart,,,https://www.emart.com/,,KR,Daegu,https://www.emart.com/?city=Daegu&country=KR&utm_source=mealdeals_scraper,2026-08-07T20:58:13.050557+00:00
Emart,,,https://www.emart.com/,,KR,Incheon,https://www.emart.com/?city=Incheon&country=KR&utm_source=mealdeals_scraper,2026-08-07T20:58:12.883258+00:00
Emart,,,https://www.emart.com/,,KR,Busan,https://www.emart.com/?city=Busan&country=KR&utm_source=mealdeals_scraper,2026-08-07T20:58:12.857003+00:00
Emart,,,https://www.emart.com/,,KR,Seoul,https://www.emart.com/?city=Seoul&country=KR&utm_source=mealdeals_scraper,2026-08-07T20:58:12.830781+00:00
GS25,,,https://www.gsretail.com/,"종합유통 전문업체, GS25, GS SHOP, GS THE FRESH 등",KR,Daegu,https://www.gsretail.com/?city=Daegu&country=KR&utm_source=mealdeals_scraper,2026-08-07T20:58:13.049913+00:00
GS25,,,https://www.gsretail.com/,"종합유통 전문업체, GS25, GS SHOP, GS THE FRESH 등",KR,Busan,https://www.gsretail.com/?city=Busan&country=KR&utm_source=mealdeals_scraper,2026-08-07T20:58:12.856430+00:00
GS25,,,https://www.gsretail.com/,"종합유통 전문업체, GS25, GS SHOP, GS THE FRESH 등",KR,Seoul,https://www.gsretail.com/?city=Seoul&country=KR&utm_source=mealdeals_scraper,2026-08-07T20:58:12.830309+00:00
GS25,,,https://www.gsretail.com/,"종합유통 전문업체, GS25, GS SHOP, GS THE FRESH 등",KR,Incheon,https://www.gsretail.com/?city=Incheon&country=KR&utm_source=mealdeals_scraper,2026-08-07T20:58:12.882658+00:00
Hilton Hotels,+1-855-672-1138,,https://www.hilton.com/,"Take advantage of hotel offers, unique promotions, and exclusive online specials directly from Hilton Portfolio.",KR,Daegu,https://www.hilton.com/en/offers/?city=Daegu&country=KR&utm_source=mealdeals_scraper,2026-08-07T20:58:13.051862+00:00
Hilton Hotels,+1-855-672-1138,,https://www.hilton.com/,"Take advantage of hotel offers, unique promotions, and exclusive online specials directly from Hilton Portfolio.",KR,Incheon,https://www.hilton.com/en/offers/?city=Incheon&country=KR&utm_source=mealdeals_scraper,2026-08-07T20:58:12.884424+00:00
Hilton Hotels,+1-855-672-1138,,https://www.hilton.com/,"Take advantage of hotel offers, unique promotions, and exclusive online specials directly from Hilton Portfolio.",KR,Seoul,https://www.hilton.com/en/offers/?city=Seoul&country=KR&utm_source=mealdeals_scraper,2026-08-07T20:58:12.831645+00:00
Hilton Hotels,+1-855-672-1138,,https://www.hilton.com/,"Take advantage of hotel offers, unique promotions, and exclusive online specials directly from Hilton Portfolio.",KR,Busan,https://www.hilton.com/en/offers/?city=Busan&country=KR&utm_source=mealdeals_scraper,2026-08-07T20:58:12.858096+00:00
Ibis Hotel,,,https://all.accor.com/hotel/ibis/index.en.shtml,,KR,Seoul,https://all.accor.com/hotel/ibis/index.en.shtml?city=Seoul&country=KR&utm_source=mealdeals_scraper,2026-08-07T20:58:12.832068+00:00
Ibis Hotel,,,https://all.accor.com/hotel/ibis/index.en.shtml,,KR,Busan,https://all.accor.com/hotel/ibis/index.en.shtml?city=Busan&country=KR&utm_source=mealdeals_scraper,2026-08-07T20:58:12.858554+00:00
Ibis Hotel,,,https://all.accor.com/hotel/ibis/index.en.shtml,,KR,Incheon,https://all.accor.com/hotel/ibis/index.en.shtml?city=Incheon&country=KR&utm_source=mealdeals_scraper,2026-08-07T20:58:12.885188+00:00
Ibis Hotel,,,https://all.accor.com/hotel/ibis/index.en.shtml,,KR,Daegu,https://all.accor.com/hotel/ibis/index.en.shtml?city=Daegu&country=KR&utm_source=mealdeals_scraper,2026-08-07T20:58:13.052497+00:00
Local Pub & Grill,,,https://www.tripadvisor.com/Restaurants,,KR,Incheon,https://www.tripadvisor.com/Restaurants?city=Incheon&country=KR&utm_source=mealdeals_scraper,2026-08-07T20:58:12.886341+00:00
Local Pub & Grill,,,https://www.tripadvisor.com/Restaurants,,KR,Busan,https://www.tripadvisor.com/Restaurants?city=Busan&country=KR&utm_source=mealdeals_scraper,2026-08-07T20:58:12.859438+00:00
Local Pub & Grill,,,https://www.tripadvisor.com/Restaurants,,KR,Daegu,https://www.tripadvisor.com/Restaurants?city=Daegu&country=KR&utm_source=mealdeals_scraper,2026-08-07T20:58:13.053784+00:00
Local Pub & Grill,,,https://www.tripadvisor.com/Restaurants,,KR,Seoul,https://www.tripadvisor.com/Restaurants?city=Seoul&country=KR&utm_source=mealdeals_scraper,2026-08-07T20:58:12.832909+00:00
Marriott Hotels,,,https://www.marriott.com/,Make the most of your next stay with hotel deals and promotional travel discounts from Marriott Bonvoy.,KR,Busan,https://www.marriott.com/offers.mi?city=Busan&country=KR&utm_source=mealdeals_scraper,2026-08-07T20:58:12.857587+00:00
Marriott Hotels,,,https://www.marriott.com/,Make the most of your next stay with hotel deals and promotional travel discounts from Marriott Bonvoy.,KR,Incheon,https://www.marriott.com/offers.mi?city=Incheon&country=KR&utm_source=mealdeals_scraper,2026-08-07T20:58:12.883857+00:00
Marriott Hotels,,,https://www.marriott.com/,Make the most of your next stay with hotel deals and promotional travel discounts from Marriott Bonvoy.,KR,Daegu,https://www.marriott.com/offers.mi?city=Daegu&country=KR&utm_source=mealdeals_scraper,2026-08-07T20:58:13.051189+00:00
Marriott Hotels,,,https://www.marriott.com/,Make the most of your next stay with hotel deals and promotional travel discounts from Marriott Bonvoy.,KR,Seoul,https://www.marriott.com/offers.mi?city=Seoul&country=KR&utm_source=mealdeals_scraper,2026-08-07T20:58:12.831226+00:00
Starbucks Coffee,,,https://www.starbucks.com/,,KR,Incheon,https://www.starbucks.com/menu?city=Incheon&country=KR&utm_source=mealdeals_scraper,2026-08-07T20:58:12.885832+00:00
Starbucks Coffee,,,https://www.starbucks.com/,,KR,Busan,https://www.starbucks.com/menu?city=Busan&country=KR&utm_source=mealdeals_scraper,2026-08-07T20:58:12.859023+00:00
Starbucks Coffee,,,https://www.starbucks.com/,,KR,Seoul,https://www.starbucks.com/menu?city=Seoul&country=KR&utm_source=mealdeals_scraper,2026-08-07T20:58:12.832464+00:00
Starbucks Coffee,,,https://www.starbucks.com/,,KR,Daegu,https://www.starbucks.com/menu?city=Daegu&country=KR&utm_source=mealdeals_scraper,2026-08-07T20:58:13.053143+00:00
Toast Box Cafe,+6598280614,,https://www.toastbox.com.sg/,,KR,Seoul,https://www.toastbox.com.sg/?city=Seoul&country=KR&utm_source=mealdeals_scraper,2026-08-07T20:58:12.833741+00:00
Toast Box Cafe,+6598280614,,https://www.toastbox.com.sg/,,KR,Busan,https://www.toastbox.com.sg/?city=Busan&country=KR&utm_source=mealdeals_scraper,2026-08-07T20:58:12.860259+00:00
Toast Box Cafe,+6598280614,,https://www.toastbox.com.sg/,,KR,Daegu,https://www.toastbox.com.sg/?city=Daegu&country=KR&utm_source=mealdeals_scraper,2026-08-07T20:58:13.054992+00:00
Toast Box Cafe,+6598280614,,https://www.toastbox.com.sg/,,KR,Incheon,https://www.toastbox.com.sg/?city=Incheon&country=KR&utm_source=mealdeals_scraper,2026-08-07T20:58:12.887264+00:00
City Lodge Hotel,,,https://www.clhg.com/,"Discover modern comfort at City Lodge Hotels – offering stylish accommodations, prime urban locations, and exceptional service for business and leisure travelers. Book your stay today!",LR,Monrovia,https://www.clhg.com/?city=Monrovia&country=LR&utm_source=mealdeals_scraper,2026-08-07T20:58:13.081379+00:00
Debonairs Pizza Restaurant,,,https://www.debonairspizza.co.za/,"Discover bold flavours, epic pizzas and unbeatable value at Debonairs Pizza. Order your favourites online now and enjoy fast delivery or easy pickup today.",LR,Monrovia,https://www.debonairspizza.co.za/?city=Monrovia&country=LR&utm_source=mealdeals_scraper,2026-08-07T20:58:13.081825+00:00
Exclusive Supermarket,,,https://www.exclusiveliberia.com/,,LR,Monrovia,https://www.exclusiveliberia.com/?city=Monrovia&country=LR&utm_source=mealdeals_scraper,2026-08-07T20:58:13.077773+00:00
Hilton Hotels,+1-855-672-1138,,https://www.hilton.com/,"Take advantage of hotel offers, unique promotions, and exclusive online specials directly from Hilton Portfolio.",LR,Monrovia,https://www.hilton.com/en/offers/?city=Monrovia&country=LR&utm_source=mealdeals_scraper,2026-08-07T20:58:13.078998+00:00
Ibis Hotel,,,https://all.accor.com/hotel/ibis/index.en.shtml,,LR,Monrovia,https://all.accor.com/hotel/ibis/index.en.shtml?city=Monrovia&country=LR&utm_source=mealdeals_scraper,2026-08-07T20:58:13.079598+00:00
Local Pub & Grill,,,https://www.tripadvisor.com/Restaurants,,LR,Monrovia,https://www.tripadvisor.com/Restaurants?city=Monrovia&country=LR&utm_source=mealdeals_scraper,2026-08-07T20:58:13.080896+00:00
Marriott Hotels,,,https://www.marriott.com/,Make the most of your next stay with hotel deals and promotional travel discounts from Marriott Bonvoy.,LR,Monrovia,https://www.marriott.com/offers.mi?city=Monrovia&country=LR&utm_source=mealdeals_scraper,2026-08-07T20:58:13.078383+00:00
Starbucks Coffee,,,https://www.starbucks.com/,,LR,Monrovia,https://www.starbucks.com/menu?city=Monrovia&country=LR&utm_source=mealdeals_scraper,2026-08-07T20:58:13.080196+00:00
Stop & Shop Liberia,,,https://www.stopandshopliberia.com/,,LR,Monrovia,https://www.stopandshopliberia.com/?city=Monrovia&country=LR&utm_source=mealdeals_scraper,2026-08-07T20:58:13.077090+00:00
City Lodge Hotel,,,https://www.clhg.com/,"Discover modern comfort at City Lodge Hotels – offering stylish accommodations, prime urban locations, and exceptional service for business and leisure travelers. Book your stay today!",LS,Maseru,https://www.clhg.com/?city=Maseru&country=LS&utm_source=mealdeals_scraper,2026-08-07T20:58:13.107617+00:00
Debonairs Pizza Restaurant,,,https://www.debonairspizza.co.za/,"Discover bold flavours, epic pizzas and unbeatable value at Debonairs Pizza. Order your favourites online now and enjoy fast delivery or easy pickup today.",LS,Maseru,https://www.debonairspizza.co.za/?city=Maseru&country=LS&utm_source=mealdeals_scraper,2026-08-07T20:58:13.108061+00:00
Hilton Hotels,+1-855-672-1138,,https://www.hilton.com/,"Take advantage of hotel offers, unique promotions, and exclusive online specials directly from Hilton Portfolio.",LS,Maseru,https://www.hilton.com/en/offers/?city=Maseru&country=LS&utm_source=mealdeals_scraper,2026-08-07T20:58:13.105326+00:00
Ibis Hotel,,,https://all.accor.com/hotel/ibis/index.en.shtml,,LS,Maseru,https://all.accor.com/hotel/ibis/index.en.shtml?city=Maseru&country=LS&utm_source=mealdeals_scraper,2026-08-07T20:58:13.105972+00:00
Local Pub & Grill,,,https://www.tripadvisor.com/Restaurants,,LS,Maseru,https://www.tripadvisor.com/Restaurants?city=Maseru&country=LS&utm_source=mealdeals_scraper,2026-08-07T20:58:13.107141+00:00
Marriott Hotels,,,https://www.marriott.com/,Make the most of your next stay with hotel deals and promotional travel discounts from Marriott Bonvoy.,LS,Maseru,https://www.marriott.com/offers.mi?city=Maseru&country=LS&utm_source=mealdeals_scraper,2026-08-07T20:58:13.104642+00:00
Pick n Pay LS,,,https://www.pnp.co.ls/,,LS,Maseru,https://www.pnp.co.ls/?city=Maseru&country=LS&utm_source=mealdeals_scraper,2026-08-07T20:58:13.104064+00:00
Shoprite Lesotho,,,https://www.shoprite.co.ls/,,LS,Maseru,https://www.shoprite.co.ls/?city=Maseru&country=LS&utm_source=mealdeals_scraper,2026-08-07T20:58:13.103387+00:00
Starbucks Coffee,,,https://www.starbucks.com/,,LS,Maseru,https://www.starbucks.com/menu?city=Maseru&country=LS&utm_source=mealdeals_scraper,2026-08-07T20:58:13.106555+00:00
Carrefour Morocco,,,https://www.carrefour.ma/,,MA,Casablanca,https://www.carrefour.ma/?city=Casablanca&country=MA&utm_source=mealdeals_scraper,2026-08-07T20:58:13.129730+00:00
Carrefour Morocco,,,https://www.carrefour.ma/,,MA,Tangier,https://www.carrefour.ma/?city=Tangier&country=MA&utm_source=mealdeals_scraper,2026-08-07T20:58:13.206842+00:00
Carrefour Morocco,,,https://www.carrefour.ma/,,MA,Rabat,https://www.carrefour.ma/?city=Rabat&country=MA&utm_source=mealdeals_scraper,2026-08-07T20:58:13.154388+00:00
Carrefour Morocco,,,https://www.carrefour.ma/,,MA,Marrakesh,https://www.carrefour.ma/?city=Marrakesh&country=MA&utm_source=mealdeals_scraper,2026-08-07T20:58:13.180688+00:00
City Lodge Hotel,,,https://www.clhg.com/,"Discover modern comfort at City Lodge Hotels – offering stylish accommodations, prime urban locations, and exceptional service for business and leisure travelers. Book your stay today!",MA,Rabat,https://www.clhg.com/?city=Rabat&country=MA&utm_source=mealdeals_scraper,2026-08-07T20:58:13.157308+00:00
City Lodge Hotel,,,https://www.clhg.com/,"Discover modern comfort at City Lodge Hotels – offering stylish accommodations, prime urban locations, and exceptional service for business and leisure travelers. Book your stay today!",MA,Marrakesh,https://www.clhg.com/?city=Marrakesh&country=MA&utm_source=mealdeals_scraper,2026-08-07T20:58:13.183733+00:00
City Lodge Hotel,,,https://www.clhg.com/,"Discover modern comfort at City Lodge Hotels – offering stylish accommodations, prime urban locations, and exceptional service for business and leisure travelers. Book your stay today!",MA,Casablanca,https://www.clhg.com/?city=Casablanca&country=MA&utm_source=mealdeals_scraper,2026-08-07T20:58:13.132538+00:00
City Lodge Hotel,,,https://www.clhg.com/,"Discover modern comfort at City Lodge Hotels – offering stylish accommodations, prime urban locations, and exceptional service for business and leisure travelers. Book your stay today!",MA,Tangier,https://www.clhg.com/?city=Tangier&country=MA&utm_source=mealdeals_scraper,2026-08-07T20:58:13.210357+00:00
Debonairs Pizza Restaurant,,,https://www.debonairspizza.co.za/,"Discover bold flavours, epic pizzas and unbeatable value at Debonairs Pizza. Order your favourites online now and enjoy fast delivery or easy pickup today.",MA,Casablanca,https://www.debonairspizza.co.za/?city=Casablanca&country=MA&utm_source=mealdeals_scraper,2026-08-07T20:58:13.132988+00:00
Debonairs Pizza Restaurant,,,https://www.debonairspizza.co.za/,"Discover bold flavours, epic pizzas and unbeatable value at Debonairs Pizza. Order your favourites online now and enjoy fast delivery or easy pickup today.",MA,Tangier,https://www.debonairspizza.co.za/?city=Tangier&country=MA&utm_source=mealdeals_scraper,2026-08-07T20:58:13.210801+00:00
Debonairs Pizza Restaurant,,,https://www.debonairspizza.co.za/,"Discover bold flavours, epic pizzas and unbeatable value at Debonairs Pizza. Order your favourites online now and enjoy fast delivery or easy pickup today.",MA,Rabat,https://www.debonairspizza.co.za/?city=Rabat&country=MA&utm_source=mealdeals_scraper,2026-08-07T20:58:13.157820+00:00
Debonairs Pizza Restaurant,,,https://www.debonairspizza.co.za/,"Discover bold flavours, epic pizzas and unbeatable value at Debonairs Pizza. Order your favourites online now and enjoy fast delivery or easy pickup today.",MA,Marrakesh,https://www.debonairspizza.co.za/?city=Marrakesh&country=MA&utm_source=mealdeals_scraper,2026-08-07T20:58:13.184431+00:00
Hilton Hotels,+1-855-672-1138,,https://www.hilton.com/,"Take advantage of hotel offers, unique promotions, and exclusive online specials directly from Hilton Portfolio.",MA,Casablanca,https://www.hilton.com/en/offers/?city=Casablanca&country=MA&utm_source=mealdeals_scraper,2026-08-07T20:58:13.130825+00:00
Hilton Hotels,+1-855-672-1138,,https://www.hilton.com/,"Take advantage of hotel offers, unique promotions, and exclusive online specials directly from Hilton Portfolio.",MA,Marrakesh,https://www.hilton.com/en/offers/?city=Marrakesh&country=MA&utm_source=mealdeals_scraper,2026-08-07T20:58:13.181897+00:00
Hilton Hotels,+1-855-672-1138,,https://www.hilton.com/,"Take advantage of hotel offers, unique promotions, and exclusive online specials directly from Hilton Portfolio.",MA,Tangier,https://www.hilton.com/en/offers/?city=Tangier&country=MA&utm_source=mealdeals_scraper,2026-08-07T20:58:13.208032+00:00
Hilton Hotels,+1-855-672-1138,,https://www.hilton.com/,"Take advantage of hotel offers, unique promotions, and exclusive online specials directly from Hilton Portfolio.",MA,Rabat,https://www.hilton.com/en/offers/?city=Rabat&country=MA&utm_source=mealdeals_scraper,2026-08-07T20:58:13.155410+00:00
Ibis Hotel,,,https://all.accor.com/hotel/ibis/index.en.shtml,,MA,Casablanca,https://all.accor.com/hotel/ibis/index.en.shtml?city=Casablanca&country=MA&utm_source=mealdeals_scraper,2026-08-07T20:58:13.131277+00:00
Ibis Hotel,,,https://all.accor.com/hotel/ibis/index.en.shtml,,MA,Rabat,https://all.accor.com/hotel/ibis/index.en.shtml?city=Rabat&country=MA&utm_source=mealdeals_scraper,2026-08-07T20:58:13.155856+00:00
Ibis Hotel,,,https://all.accor.com/hotel/ibis/index.en.shtml,,MA,Tangier,https://all.accor.com/hotel/ibis/index.en.shtml?city=Tangier&country=MA&utm_source=mealdeals_scraper,2026-08-07T20:58:13.208634+00:00
Ibis Hotel,,,https://all.accor.com/hotel/ibis/index.en.shtml,,MA,Marrakesh,https://all.accor.com/hotel/ibis/index.en.shtml?city=Marrakesh&country=MA&utm_source=mealdeals_scraper,2026-08-07T20:58:13.182445+00:00
Local Pub & Grill,,,https://www.tripadvisor.com/Restaurants,,MA,Tangier,https://www.tripadvisor.com/Restaurants?city=Tangier&country=MA&utm_source=mealdeals_scraper,2026-08-07T20:58:13.209881+00:00
Local Pub & Grill,,,https://www.tripadvisor.com/Restaurants,,MA,Rabat,https://www.tripadvisor.com/Restaurants?city=Rabat&country=MA&utm_source=mealdeals_scraper,2026-08-07T20:58:13.156890+00:00
Local Pub & Grill,,,https://www.tripadvisor.com/Restaurants,,MA,Marrakesh,https://www.tripadvisor.com/Restaurants?city=Marrakesh&country=MA&utm_source=mealdeals_scraper,2026-08-07T20:58:13.183297+00:00
Local Pub & Grill,,,https://www.tripadvisor.com/Restaurants,,MA,Casablanca,https://www.tripadvisor.com/Restaurants?city=Casablanca&country=MA&utm_source=mealdeals_scraper,2026-08-07T20:58:13.132110+00:00
Marjane,,,https://www.marjane.ma/,"Découvrez une sélection diversifiée chez Marjane.ma : marché, boulangerie, produits bio, épicerie fine, mode, et plus encore. Faites vos courses en ligne en toute simplicité !",MA,Marrakesh,https://www.marjane.ma/?city=Marrakesh&country=MA&utm_source=mealdeals_scraper,2026-08-07T20:58:13.180019+00:00
Marjane,,,https://www.marjane.ma/,"Découvrez une sélection diversifiée chez Marjane.ma : marché, boulangerie, produits bio, épicerie fine, mode, et plus encore. Faites vos courses en ligne en toute simplicité !",MA,Casablanca,https://www.marjane.ma/?city=Casablanca&country=MA&utm_source=mealdeals_scraper,2026-08-07T20:58:13.129069+00:00
Marjane,,,https://www.marjane.ma/,"Découvrez une sélection diversifiée chez Marjane.ma : marché, boulangerie, produits bio, épicerie fine, mode, et plus encore. Faites vos courses en ligne en toute simplicité !",MA,Rabat,https://www.marjane.ma/?city=Rabat&country=MA&utm_source=mealdeals_scraper,2026-08-07T20:58:13.153731+00:00
Marjane,,,https://www.marjane.ma/,"Découvrez une sélection diversifiée chez Marjane.ma : marché, boulangerie, produits bio, épicerie fine, mode, et plus encore. Faites vos courses en ligne en toute simplicité !",MA,Tangier,https://www.marjane.ma/?city=Tangier&country=MA&utm_source=mealdeals_scraper,2026-08-07T20:58:13.206193+00:00
Marriott Hotels,,,https://www.marriott.com/,Make the most of your next stay with hotel deals and promotional travel discounts from Marriott Bonvoy.,MA,Tangier,https://www.marriott.com/offers.mi?city=Tangier&country=MA&utm_source=mealdeals_scraper,2026-08-07T20:58:13.207451+00:00
Marriott Hotels,,,https://www.marriott.com/,Make the most of your next stay with hotel deals and promotional travel discounts from Marriott Bonvoy.,MA,Rabat,https://www.marriott.com/offers.mi?city=Rabat&country=MA&utm_source=mealdeals_scraper,2026-08-07T20:58:13.154912+00:00
Marriott Hotels,,,https://www.marriott.com/,Make the most of your next stay with hotel deals and promotional travel discounts from Marriott Bonvoy.,MA,Casablanca,https://www.marriott.com/offers.mi?city=Casablanca&country=MA&utm_source=mealdeals_scraper,2026-08-07T20:58:13.130333+00:00
Marriott Hotels,,,https://www.marriott.com/,Make the most of your next stay with hotel deals and promotional travel discounts from Marriott Bonvoy.,MA,Marrakesh,https://www.marriott.com/offers.mi?city=Marrakesh&country=MA&utm_source=mealdeals_scraper,2026-08-07T20:58:13.181274+00:00
Starbucks Coffee,,,https://www.starbucks.com/,,MA,Tangier,https://www.starbucks.com/menu?city=Tangier&country=MA&utm_source=mealdeals_scraper,2026-08-07T20:58:13.209270+00:00
Starbucks Coffee,,,https://www.starbucks.com/,,MA,Casablanca,https://www.starbucks.com/menu?city=Casablanca&country=MA&utm_source=mealdeals_scraper,2026-08-07T20:58:13.131697+00:00
Starbucks Coffee,,,https://www.starbucks.com/,,MA,Rabat,https://www.starbucks.com/menu?city=Rabat&country=MA&utm_source=mealdeals_scraper,2026-08-07T20:58:13.156359+00:00
Starbucks Coffee,,,https://www.starbucks.com/,,MA,Marrakesh,https://www.starbucks.com/menu?city=Marrakesh&country=MA&utm_source=mealdeals_scraper,2026-08-07T20:58:13.182886+00:00
Accor Hotels,,,https://all.accor.com/,"Discover exclusive hotel offers, bonus Reward Points, unforgettable experiences and member benefits that elevate every journey with ALL Accor.",MH,Majuro,https://all.accor.com/a/en/offers.html?city=Majuro&country=MH&utm_source=mealdeals_scraper,2026-08-07T20:58:13.235701+00:00
Formosa Market,,,https://www.formosamarket.mh/,,MH,Majuro,https://www.formosamarket.mh/?city=Majuro&country=MH&utm_source=mealdeals_scraper,2026-08-07T20:58:13.232202+00:00
Hilton Hotels,+1-855-672-1138,,https://www.hilton.com/,"Take advantage of hotel offers, unique promotions, and exclusive online specials directly from Hilton Portfolio.",MH,Majuro,https://www.hilton.com/en/offers/?city=Majuro&country=MH&utm_source=mealdeals_scraper,2026-08-07T20:58:13.233839+00:00
Ibis Hotel,,,https://all.accor.com/hotel/ibis/index.en.shtml,,MH,Majuro,https://all.accor.com/hotel/ibis/index.en.shtml?city=Majuro&country=MH&utm_source=mealdeals_scraper,2026-08-07T20:58:13.234259+00:00
K&K Supermarket,,,https://www.kksupermarket.mh/,,MH,Majuro,https://www.kksupermarket.mh/?city=Majuro&country=MH&utm_source=mealdeals_scraper,2026-08-07T20:58:13.232837+00:00
Local Pub & Grill,,,https://www.tripadvisor.com/Restaurants,,MH,Majuro,https://www.tripadvisor.com/Restaurants?city=Majuro&country=MH&utm_source=mealdeals_scraper,2026-08-07T20:58:13.235252+00:00
Marriott Hotels,,,https://www.marriott.com/,Make the most of your next stay with hotel deals and promotional travel discounts from Marriott Bonvoy.,MH,Majuro,https://www.marriott.com/offers.mi?city=Majuro&country=MH&utm_source=mealdeals_scraper,2026-08-07T20:58:13.233382+00:00
Starbucks Coffee,,,https://www.starbucks.com/,,MH,Majuro,https://www.starbucks.com/menu?city=Majuro&country=MH&utm_source=mealdeals_scraper,2026-08-07T20:58:13.234675+00:00
The Coffee Club Cafe,,,https://www.coffeeclub.com.au/,ABOUT US,MH,Majuro,https://www.coffeeclub.com.au/?city=Majuro&country=MH&utm_source=mealdeals_scraper,2026-08-07T20:58:13.236101+00:00
Accor Hotels,,,https://all.accor.com/,"Discover exclusive hotel offers, bonus Reward Points, unforgettable experiences and member benefits that elevate every journey with ALL Accor.",MT,St Julians,https://all.accor.com/a/en/offers.html?city=St+Julians&country=MT&utm_source=mealdeals_scraper,2026-08-07T20:58:13.306869+00:00
Accor Hotels,,,https://all.accor.com/,"Discover exclusive hotel offers, bonus Reward Points, unforgettable experiences and member benefits that elevate every journey with ALL Accor.",MT,Valletta,https://all.accor.com/a/en/offers.html?city=Valletta&country=MT&utm_source=mealdeals_scraper,2026-08-07T20:58:13.259208+00:00
Accor Hotels,,,https://all.accor.com/,"Discover exclusive hotel offers, bonus Reward Points, unforgettable experiences and member benefits that elevate every journey with ALL Accor.",MT,Sliema,https://all.accor.com/a/en/offers.html?city=Sliema&country=MT&utm_source=mealdeals_scraper,2026-08-07T20:58:13.283235+00:00
Hard Rock Cafe,+1-800-201-1949,,https://cafe.hardrock.com/,"Welcome to Hard Rock Cafe, our music themed restaurant, serving up Legendary burgers and more.",MT,Valletta,https://www.hardrockcafe.com/?city=Valletta&country=MT&utm_source=mealdeals_scraper,2026-08-07T20:58:13.259611+00:00
Hard Rock Cafe,+1-800-201-1949,,https://cafe.hardrock.com/,"Welcome to Hard Rock Cafe, our music themed restaurant, serving up Legendary burgers and more.",MT,St Julians,https://www.hardrockcafe.com/?city=St+Julians&country=MT&utm_source=mealdeals_scraper,2026-08-07T20:58:13.307302+00:00
Hard Rock Cafe,+1-800-201-1949,,https://cafe.hardrock.com/,"Welcome to Hard Rock Cafe, our music themed restaurant, serving up Legendary burgers and more.",MT,Sliema,https://www.hardrockcafe.com/?city=Sliema&country=MT&utm_source=mealdeals_scraper,2026-08-07T20:58:13.283648+00:00
Hilton Hotels,+1-855-672-1138,,https://www.hilton.com/,"Take advantage of hotel offers, unique promotions, and exclusive online specials directly from Hilton Portfolio.",MT,Sliema,https://www.hilton.com/en/offers/?city=Sliema&country=MT&utm_source=mealdeals_scraper,2026-08-07T20:58:13.281572+00:00
Hilton Hotels,+1-855-672-1138,,https://www.hilton.com/,"Take advantage of hotel offers, unique promotions, and exclusive online specials directly from Hilton Portfolio.",MT,Valletta,https://www.hilton.com/en/offers/?city=Valletta&country=MT&utm_source=mealdeals_scraper,2026-08-07T20:58:13.257520+00:00
Hilton Hotels,+1-855-672-1138,,https://www.hilton.com/,"Take advantage of hotel offers, unique promotions, and exclusive online specials directly from Hilton Portfolio.",MT,St Julians,https://www.hilton.com/en/offers/?city=St+Julians&country=MT&utm_source=mealdeals_scraper,2026-08-07T20:58:13.305228+00:00
Ibis Hotel,,,https://all.accor.com/hotel/ibis/index.en.shtml,,MT,Sliema,https://all.accor.com/hotel/ibis/index.en.shtml?city=Sliema&country=MT&utm_source=mealdeals_scraper,2026-08-07T20:58:13.282023+00:00
Ibis Hotel,,,https://all.accor.com/hotel/ibis/index.en.shtml,,MT,St Julians,https://all.accor.com/hotel/ibis/index.en.shtml?city=St+Julians&country=MT&utm_source=mealdeals_scraper,2026-08-07T20:58:13.305655+00:00
Ibis Hotel,,,https://all.accor.com/hotel/ibis/index.en.shtml,,MT,Valletta,https://all.accor.com/hotel/ibis/index.en.shtml?city=Valletta&country=MT&utm_source=mealdeals_scraper,2026-08-07T20:58:13.257950+00:00
Local Pub & Grill,,,https://www.tripadvisor.com/Restaurants,,MT,Sliema,https://www.tripadvisor.com/Restaurants?city=Sliema&country=MT&utm_source=mealdeals_scraper,2026-08-07T20:58:13.282837+00:00
Local Pub & Grill,,,https://www.tripadvisor.com/Restaurants,,MT,Valletta,https://www.tripadvisor.com/Restaurants?city=Valletta&country=MT&utm_source=mealdeals_scraper,2026-08-07T20:58:13.258785+00:00
Local Pub & Grill,,,https://www.tripadvisor.com/Restaurants,,MT,St Julians,https://www.tripadvisor.com/Restaurants?city=St+Julians&country=MT&utm_source=mealdeals_scraper,2026-08-07T20:58:13.306465+00:00
Marriott Hotels,,,https://www.marriott.com/,Make the most of your next stay with hotel deals and promotional travel discounts from Marriott Bonvoy.,MT,Sliema,https://www.marriott.com/offers.mi?city=Sliema&country=MT&utm_source=mealdeals_scraper,2026-08-07T20:58:13.281148+00:00
Marriott Hotels,,,https://www.marriott.com/,Make the most of your next stay with hotel deals and promotional travel discounts from Marriott Bonvoy.,MT,Valletta,https://www.marriott.com/offers.mi?city=Valletta&country=MT&utm_source=mealdeals_scraper,2026-08-07T20:58:13.257079+00:00
Marriott Hotels,,,https://www.marriott.com/,Make the most of your next stay with hotel deals and promotional travel discounts from Marriott Bonvoy.,MT,St Julians,https://www.marriott.com/offers.mi?city=St+Julians&country=MT&utm_source=mealdeals_scraper,2026-08-07T20:58:13.304793+00:00
Pavi Supermarket,,,https://www.pavi.com.mt/,,MT,Sliema,https://www.pavi.com.mt/?city=Sliema&country=MT&utm_source=mealdeals_scraper,2026-08-07T20:58:13.280125+00:00
Pavi Supermarket,,,https://www.pavi.com.mt/,,MT,Valletta,https://www.pavi.com.mt/?city=Valletta&country=MT&utm_source=mealdeals_scraper,2026-08-07T20:58:13.255938+00:00
Pavi Supermarket,,,https://www.pavi.com.mt/,,MT,St Julians,https://www.pavi.com.mt/?city=St+Julians&country=MT&utm_source=mealdeals_scraper,2026-08-07T20:58:13.303790+00:00
Scotts Supermarket,,,https://www.scotts.com.mt/,"GO GREEN. HAVE A VEGETABLE. Fruit and vegetables are a source of vitamins, minerals and...",MT,Valletta,https://www.scotts.com.mt/?city=Valletta&country=MT&utm_source=mealdeals_scraper,2026-08-07T20:58:13.256573+00:00
Scotts Supermarket,,,https://www.scotts.com.mt/,"GO GREEN. HAVE A VEGETABLE. Fruit and vegetables are a source of vitamins, minerals and...",MT,St Julians,https://www.scotts.com.mt/?city=St+Julians&country=MT&utm_source=mealdeals_scraper,2026-08-07T20:58:13.304328+00:00
Scotts Supermarket,,,https://www.scotts.com.mt/,"GO GREEN. HAVE A VEGETABLE. Fruit and vegetables are a source of vitamins, minerals and...",MT,Sliema,https://www.scotts.com.mt/?city=Sliema&country=MT&utm_source=mealdeals_scraper,2026-08-07T20:58:13.280703+00:00
Starbucks Coffee,,,https://www.starbucks.com/,,MT,Sliema,https://www.starbucks.com/menu?city=Sliema&country=MT&utm_source=mealdeals_scraper,2026-08-07T20:58:13.282432+00:00
Starbucks Coffee,,,https://www.starbucks.com/,,MT,St Julians,https://www.starbucks.com/menu?city=St+Julians&country=MT&utm_source=mealdeals_scraper,2026-08-07T20:58:13.306066+00:00
Starbucks Coffee,,,https://www.starbucks.com/,,MT,Valletta,https://www.starbucks.com/menu?city=Valletta&country=MT&utm_source=mealdeals_scraper,2026-08-07T20:58:13.258362+00:00
City Lodge Hotel,,,https://www.clhg.com/,"Discover modern comfort at City Lodge Hotels – offering stylish accommodations, prime urban locations, and exceptional service for business and leisure travelers. Book your stay today!",MW,Blantyre,https://www.clhg.com/?city=Blantyre&country=MW&utm_source=mealdeals_scraper,2026-08-07T20:58:13.357027+00:00
City Lodge Hotel,,,https://www.clhg.com/,"Discover modern comfort at City Lodge Hotels – offering stylish accommodations, prime urban locations, and exceptional service for business and leisure travelers. Book your stay today!",MW,Lilongwe,https://www.clhg.com/?city=Lilongwe&country=MW&utm_source=mealdeals_scraper,2026-08-07T20:58:13.332807+00:00
Debonairs Pizza Restaurant,,,https://www.debonairspizza.co.za/,"Discover bold flavours, epic pizzas and unbeatable value at Debonairs Pizza. Order your favourites online now and enjoy fast delivery or easy pickup today.",MW,Lilongwe,https://www.debonairspizza.co.za/?city=Lilongwe&country=MW&utm_source=mealdeals_scraper,2026-08-07T20:58:13.333293+00:00
Debonairs Pizza Restaurant,,,https://www.debonairspizza.co.za/,"Discover bold flavours, epic pizzas and unbeatable value at Debonairs Pizza. Order your favourites online now and enjoy fast delivery or easy pickup today.",MW,Blantyre,https://www.debonairspizza.co.za/?city=Blantyre&country=MW&utm_source=mealdeals_scraper,2026-08-07T20:58:13.357425+00:00
Hilton Hotels,+1-855-672-1138,,https://www.hilton.com/,"Take advantage of hotel offers, unique promotions, and exclusive online specials directly from Hilton Portfolio.",MW,Lilongwe,https://www.hilton.com/en/offers/?city=Lilongwe&country=MW&utm_source=mealdeals_scraper,2026-08-07T20:58:13.330726+00:00
Hilton Hotels,+1-855-672-1138,,https://www.hilton.com/,"Take advantage of hotel offers, unique promotions, and exclusive online specials directly from Hilton Portfolio.",MW,Blantyre,https://www.hilton.com/en/offers/?city=Blantyre&country=MW&utm_source=mealdeals_scraper,2026-08-07T20:58:13.355325+00:00
Ibis Hotel,,,https://all.accor.com/hotel/ibis/index.en.shtml,,MW,Blantyre,https://all.accor.com/hotel/ibis/index.en.shtml?city=Blantyre&country=MW&utm_source=mealdeals_scraper,2026-08-07T20:58:13.355774+00:00
Ibis Hotel,,,https://all.accor.com/hotel/ibis/index.en.shtml,,MW,Lilongwe,https://all.accor.com/hotel/ibis/index.en.shtml?city=Lilongwe&country=MW&utm_source=mealdeals_scraper,2026-08-07T20:58:13.331297+00:00
Local Pub & Grill,,,https://www.tripadvisor.com/Restaurants,,MW,Lilongwe,https://www.tripadvisor.com/Restaurants?city=Lilongwe&country=MW&utm_source=mealdeals_scraper,2026-08-07T20:58:13.332351+00:00
Local Pub & Grill,,,https://www.tripadvisor.com/Restaurants,,MW,Blantyre,https://www.tripadvisor.com/Restaurants?city=Blantyre&country=MW&utm_source=mealdeals_scraper,2026-08-07T20:58:13.356615+00:00
Marriott Hotels,,,https://www.marriott.com/,Make the most of your next stay with hotel deals and promotional travel discounts from Marriott Bonvoy.,MW,Lilongwe,https://www.marriott.com/offers.mi?city=Lilongwe&country=MW&utm_source=mealdeals_scraper,2026-08-07T20:58:13.330147+00:00
Marriott Hotels,,,https://www.marriott.com/,Make the most of your next stay with hotel deals and promotional travel discounts from Marriott Bonvoy.,MW,Blantyre,https://www.marriott.com/offers.mi?city=Blantyre&country=MW&utm_source=mealdeals_scraper,2026-08-07T20:58:13.354871+00:00
Peoples Trading,,,https://www.peoplesmalawi.com/,,MW,Lilongwe,https://www.peoplesmalawi.com/?city=Lilongwe&country=MW&utm_source=mealdeals_scraper,2026-08-07T20:58:13.329551+00:00
Peoples Trading,,,https://www.peoplesmalawi.com/,,MW,Blantyre,https://www.peoplesmalawi.com/?city=Blantyre&country=MW&utm_source=mealdeals_scraper,2026-08-07T20:58:13.354298+00:00
Shoprite Malawi,,,https://www.shoprite.co.mw/,,MW,Blantyre,https://www.shoprite.co.mw/?city=Blantyre&country=MW&utm_source=mealdeals_scraper,2026-08-07T20:58:13.353646+00:00
Shoprite Malawi,,,https://www.shoprite.co.mw/,,MW,Lilongwe,https://www.shoprite.co.mw/?city=Lilongwe&country=MW&utm_source=mealdeals_scraper,2026-08-07T20:58:13.328904+00:00
Starbucks Coffee,,,https://www.starbucks.com/,,MW,Lilongwe,https://www.starbucks.com/menu?city=Lilongwe&country=MW&utm_source=mealdeals_scraper,2026-08-07T20:58:13.331887+00:00
Starbucks Coffee,,,https://www.starbucks.com/,,MW,Blantyre,https://www.starbucks.com/menu?city=Blantyre&country=MW&utm_source=mealdeals_scraper,2026-08-07T20:58:13.356205+00:00
Hilton Hotels,+1-855-672-1138,,https://www.hilton.com/,"Take advantage of hotel offers, unique promotions, and exclusive online specials directly from Hilton Portfolio.",MX,Guadalajara,https://www.hilton.com/en/offers/?city=Guadalajara&country=MX&utm_source=mealdeals_scraper,2026-08-07T20:58:13.401620+00:00
Hilton Hotels,+1-855-672-1138,,https://www.hilton.com/,"Take advantage of hotel offers, unique promotions, and exclusive online specials directly from Hilton Portfolio.",MX,Tijuana,https://www.hilton.com/en/offers/?city=Tijuana&country=MX&utm_source=mealdeals_scraper,2026-08-07T20:58:13.470082+00:00
Hilton Hotels,+1-855-672-1138,,https://www.hilton.com/,"Take advantage of hotel offers, unique promotions, and exclusive online specials directly from Hilton Portfolio.",MX,Mexico City,https://www.hilton.com/en/offers/?city=Mexico+City&country=MX&utm_source=mealdeals_scraper,2026-08-07T20:58:13.378522+00:00
Hilton Hotels,+1-855-672-1138,,https://www.hilton.com/,"Take advantage of hotel offers, unique promotions, and exclusive online specials directly from Hilton Portfolio.",MX,Cancun,https://www.hilton.com/en/offers/?city=Cancun&country=MX&utm_source=mealdeals_scraper,2026-08-07T20:58:13.448241+00:00
Hilton Hotels,+1-855-672-1138,,https://www.hilton.com/,"Take advantage of hotel offers, unique promotions, and exclusive online specials directly from Hilton Portfolio.",MX,Monterrey,https://www.hilton.com/en/offers/?city=Monterrey&country=MX&utm_source=mealdeals_scraper,2026-08-07T20:58:13.424008+00:00
La Casa de Toño Restaurant,,,https://www.lacasadetono.com.mx/,,MX,Tijuana,https://www.lacasadetono.com.mx/?city=Tijuana&country=MX&utm_source=mealdeals_scraper,2026-08-07T20:58:13.471428+00:00
La Casa de Toño Restaurant,,,https://www.lacasadetono.com.mx/,,MX,Monterrey,https://www.lacasadetono.com.mx/?city=Monterrey&country=MX&utm_source=mealdeals_scraper,2026-08-07T20:58:13.425255+00:00
La Casa de Toño Restaurant,,,https://www.lacasadetono.com.mx/,,MX,Mexico City,https://www.lacasadetono.com.mx/?city=Mexico+City&country=MX&utm_source=mealdeals_scraper,2026-08-07T20:58:13.379942+00:00
La Casa de Toño Restaurant,,,https://www.lacasadetono.com.mx/,,MX,Guadalajara,https://www.lacasadetono.com.mx/?city=Guadalajara&country=MX&utm_source=mealdeals_scraper,2026-08-07T20:58:13.403002+00:00
La Casa de Toño Restaurant,,,https://www.lacasadetono.com.mx/,,MX,Cancun,https://www.lacasadetono.com.mx/?city=Cancun&country=MX&utm_source=mealdeals_scraper,2026-08-07T20:58:13.449472+00:00
Marriott Hotels,,,https://www.marriott.com/,Make the most of your next stay with hotel deals and promotional travel discounts from Marriott Bonvoy.,MX,Cancun,https://www.marriott.com/en-us/offers.mi?city=Cancun&country=MX&utm_source=mealdeals_scraper,2026-08-07T20:58:13.447814+00:00
Marriott Hotels,,,https://www.marriott.com/,Make the most of your next stay with hotel deals and promotional travel discounts from Marriott Bonvoy.,MX,Guadalajara,https://www.marriott.com/en-us/offers.mi?city=Guadalajara&country=MX&utm_source=mealdeals_scraper,2026-08-07T20:58:13.401124+00:00
Marriott Hotels,,,https://www.marriott.com/,Make the most of your next stay with hotel deals and promotional travel discounts from Marriott Bonvoy.,MX,Monterrey,https://www.marriott.com/en-us/offers.mi?city=Monterrey&country=MX&utm_source=mealdeals_scraper,2026-08-07T20:58:13.423527+00:00
Marriott Hotels,,,https://www.marriott.com/,Make the most of your next stay with hotel deals and promotional travel discounts from Marriott Bonvoy.,MX,Mexico City,https://www.marriott.com/en-us/offers.mi?city=Mexico+City&country=MX&utm_source=mealdeals_scraper,2026-08-07T20:58:13.377961+00:00
Marriott Hotels,,,https://www.marriott.com/,Make the most of your next stay with hotel deals and promotional travel discounts from Marriott Bonvoy.,MX,Tijuana,https://www.marriott.com/en-us/offers.mi?city=Tijuana&country=MX&utm_source=mealdeals_scraper,2026-08-07T20:58:13.469610+00:00
OXXO,,,https://www.oxxo.com/,,MX,Guadalajara,https://www.oxxo.com/?city=Guadalajara&country=MX&utm_source=mealdeals_scraper,2026-08-07T20:58:13.398288+00:00
OXXO,,,https://www.oxxo.com/,,MX,Mexico City,https://www.oxxo.com/?city=Mexico+City&country=MX&utm_source=mealdeals_scraper,2026-08-07T20:58:13.376101+00:00
OXXO,,,https://www.oxxo.com/,,MX,Tijuana,https://www.oxxo.com/?city=Tijuana&country=MX&utm_source=mealdeals_scraper,2026-08-07T20:58:13.467808+00:00
OXXO,,,https://www.oxxo.com/,,MX,Monterrey,https://www.oxxo.com/?city=Monterrey&country=MX&utm_source=mealdeals_scraper,2026-08-07T20:58:13.421839+00:00
OXXO,,,https://www.oxxo.com/,,MX,Cancun,https://www.oxxo.com/?city=Cancun&country=MX&utm_source=mealdeals_scraper,2026-08-07T20:58:13.446372+00:00
Starbucks Coffee,,,https://www.starbucks.com.mx/,,MX,Mexico City,https://www.starbucks.com.mx/?city=Mexico+City&country=MX&utm_source=mealdeals_scraper,2026-08-07T20:58:13.379513+00:00
Starbucks Coffee,,,https://www.starbucks.com.mx/,,MX,Cancun,https://www.starbucks.com.mx/?city=Cancun&country=MX&utm_source=mealdeals_scraper,2026-08-07T20:58:13.449080+00:00
Starbucks Coffee,,,https://www.starbucks.com.mx/,,MX,Tijuana,https://www.starbucks.com.mx/?city=Tijuana&country=MX&utm_source=mealdeals_scraper,2026-08-07T20:58:13.471008+00:00
Starbucks Coffee,,,https://www.starbucks.com.mx/,,MX,Monterrey,https://www.starbucks.com.mx/?city=Monterrey&country=MX&utm_source=mealdeals_scraper,2026-08-07T20:58:13.424858+00:00
Starbucks Coffee,,,https://www.starbucks.com.mx/,,MX,Guadalajara,https://www.starbucks.com.mx/?city=Guadalajara&country=MX&utm_source=mealdeals_scraper,2026-08-07T20:58:13.402547+00:00
Vips Restaurant,,,https://www.vips.com.mx/,,MX,Tijuana,https://www.vips.com.mx/?city=Tijuana&country=MX&utm_source=mealdeals_scraper,2026-08-07T20:58:13.470511+00:00
Vips Restaurant,,,https://www.vips.com.mx/,,MX,Monterrey,https://www.vips.com.mx/?city=Monterrey&country=MX&utm_source=mealdeals_scraper,2026-08-07T20:58:13.424423+00:00
Vips Restaurant,,,https://www.vips.com.mx/,,MX,Guadalajara,https://www.vips.com.mx/?city=Guadalajara&country=MX&utm_source=mealdeals_scraper,2026-08-07T20:58:13.402079+00:00
Vips Restaurant,,,https://www.vips.com.mx/,,MX,Cancun,https://www.vips.com.mx/?city=Cancun&country=MX&utm_source=mealdeals_scraper,2026-08-07T20:58:13.448644+00:00
Vips Restaurant,,,https://www.vips.com.mx/,,MX,Mexico City,https://www.vips.com.mx/?city=Mexico+City&country=MX&utm_source=mealdeals_scraper,2026-08-07T20:58:13.379058+00:00
Walmart Mexico,,,https://www.walmart.com.mx/,,MX,Guadalajara,https://www.walmart.com.mx/?city=Guadalajara&country=MX&utm_source=mealdeals_scraper,2026-08-07T20:58:13.398859+00:00
Walmart Mexico,,,https://www.walmart.com.mx/,,MX,Mexico City,https://www.walmart.com.mx/?city=Mexico+City&country=MX&utm_source=mealdeals_scraper,2026-08-07T20:58:13.376732+00:00
Walmart Mexico,,,https://www.walmart.com.mx/,,MX,Tijuana,https://www.walmart.com.mx/?city=Tijuana&country=MX&utm_source=mealdeals_scraper,2026-08-07T20:58:13.468428+00:00
Walmart Mexico,,,https://www.walmart.com.mx/,,MX,Monterrey,https://www.walmart.com.mx/?city=Monterrey&country=MX&utm_source=mealdeals_scraper,2026-08-07T20:58:13.422454+00:00
Walmart Mexico,,,https://www.walmart.com.mx/,,MX,Cancun,https://www.walmart.com.mx/?city=Cancun&country=MX&utm_source=mealdeals_scraper,2026-08-07T20:58:13.446891+00:00
99 Speedmart,60105000099,customer_service@99speedmart.com.my,https://www.99speedmart.com.my/,Explore 99 Speedmart for affordable and convenient shopping. Our stores and curated products are designed to meet the everyday needs of our customers.,MY,Kuala Lumpur,https://www.99speedmart.com.my/?city=Kota+Kinabalu&country=MY&utm_source=mealdeals_scraper,2026-08-07T20:58:13.569766+00:00
Accor Hotels,,,https://all.accor.com/,"Discover exclusive hotel offers, bonus Reward Points, unforgettable experiences and member benefits that elevate every journey with ALL Accor.",MY,Kuala Lumpur,https://all.accor.com/a/en/offers.html?city=Kuala+Lumpur&country=MY&utm_source=mealdeals_scraper,2026-08-07T20:58:13.495217+00:00
Accor Hotels,,,https://all.accor.com/,"Discover exclusive hotel offers, bonus Reward Points, unforgettable experiences and member benefits that elevate every journey with ALL Accor.",MY,Kota Kinabalu,https://all.accor.com/a/en/offers.html?city=Kota+Kinabalu&country=MY&utm_source=mealdeals_scraper,2026-08-07T20:58:13.573458+00:00
Accor Hotels,,,https://all.accor.com/,"Discover exclusive hotel offers, bonus Reward Points, unforgettable experiences and member benefits that elevate every journey with ALL Accor.",MY,Penang,https://all.accor.com/a/en/offers.html?city=Penang&country=MY&utm_source=mealdeals_scraper,2026-08-07T20:58:13.524905+00:00
Accor Hotels,,,https://all.accor.com/,"Discover exclusive hotel offers, bonus Reward Points, unforgettable experiences and member benefits that elevate every journey with ALL Accor.",MY,Johor Bahru,https://all.accor.com/a/en/offers.html?city=Johor+Bahru&country=MY&utm_source=mealdeals_scraper,2026-08-07T20:58:13.547944+00:00
Hilton Hotels,+1-855-672-1138,,https://www.hilton.com/,"Take advantage of hotel offers, unique promotions, and exclusive online specials directly from Hilton Portfolio.",MY,Kota Kinabalu,https://www.hilton.com/en/offers/?city=Kota+Kinabalu&country=MY&utm_source=mealdeals_scraper,2026-08-07T20:58:13.571688+00:00
Hilton Hotels,+1-855-672-1138,,https://www.hilton.com/,"Take advantage of hotel offers, unique promotions, and exclusive online specials directly from Hilton Portfolio.",MY,Kuala Lumpur,https://www.hilton.com/en/offers/?city=Kuala+Lumpur&country=MY&utm_source=mealdeals_scraper,2026-08-07T20:58:13.493513+00:00
Hilton Hotels,+1-855-672-1138,,https://www.hilton.com/,"Take advantage of hotel offers, unique promotions, and exclusive online specials directly from Hilton Portfolio.",MY,Penang,https://www.hilton.com/en/offers/?city=Penang&country=MY&utm_source=mealdeals_scraper,2026-08-07T20:58:13.523064+00:00
Hilton Hotels,+1-855-672-1138,,https://www.hilton.com/,"Take advantage of hotel offers, unique promotions, and exclusive online specials directly from Hilton Portfolio.",MY,Johor Bahru,https://www.hilton.com/en/offers/?city=Johor+Bahru&country=MY&utm_source=mealdeals_scraper,2026-08-07T20:58:13.545826+00:00
Ibis Hotel,,,https://all.accor.com/hotel/ibis/index.en.shtml,,MY,Johor Bahru,https://all.accor.com/hotel/ibis/index.en.shtml?city=Johor+Bahru&country=MY&utm_source=mealdeals_scraper,2026-08-07T20:58:13.546282+00:00
Ibis Hotel,,,https://all.accor.com/hotel/ibis/index.en.shtml,,MY,Penang,https://all.accor.com/hotel/ibis/index.en.shtml?city=Penang&country=MY&utm_source=mealdeals_scraper,2026-08-07T20:58:13.523537+00:00
Ibis Hotel,,,https://all.accor.com/hotel/ibis/index.en.shtml,,MY,Kuala Lumpur,https://all.accor.com/hotel/ibis/index.en.shtml?city=Kuala+Lumpur&country=MY&utm_source=mealdeals_scraper,2026-08-07T20:58:13.493987+00:00
Ibis Hotel,,,https://all.accor.com/hotel/ibis/index.en.shtml,,MY,Kota Kinabalu,https://all.accor.com/hotel/ibis/index.en.shtml?city=Kota+Kinabalu&country=MY&utm_source=mealdeals_scraper,2026-08-07T20:58:13.572201+00:00
Local Pub & Grill,,,https://www.tripadvisor.com/Restaurants,,MY,Kuala Lumpur,https://www.tripadvisor.com/Restaurants?city=Kuala+Lumpur&country=MY&utm_source=mealdeals_scraper,2026-08-07T20:58:13.494814+00:00
Local Pub & Grill,,,https://www.tripadvisor.com/Restaurants,,MY,Kota Kinabalu,https://www.tripadvisor.com/Restaurants?city=Kota+Kinabalu&country=MY&utm_source=mealdeals_scraper,2026-08-07T20:58:13.573056+00:00
Local Pub & Grill,,,https://www.tripadvisor.com/Restaurants,,MY,Johor Bahru,https://www.tripadvisor.com/Restaurants?city=Johor+Bahru&country=MY&utm_source=mealdeals_scraper,2026-08-07T20:58:13.547303+00:00
Local Pub & Grill,,,https://www.tripadvisor.com/Restaurants,,MY,Penang,https://www.tripadvisor.com/Restaurants?city=Penang&country=MY&utm_source=mealdeals_scraper,2026-08-07T20:58:13.524463+00:00
Marriott Hotels,,,https://www.marriott.com/,Make the most of your next stay with hotel deals and promotional travel discounts from Marriott Bonvoy.,MY,Kota Kinabalu,https://www.marriott.com/offers.mi?city=Kota+Kinabalu&country=MY&utm_source=mealdeals_scraper,2026-08-07T20:58:13.571003+00:00
Marriott Hotels,,,https://www.marriott.com/,Make the most of your next stay with hotel deals and promotional travel discounts from Marriott Bonvoy.,MY,Penang,https://www.marriott.com/offers.mi?city=Penang&country=MY&utm_source=mealdeals_scraper,2026-08-07T20:58:13.522460+00:00
Marriott Hotels,,,https://www.marriott.com/,Make the most of your next stay with hotel deals and promotional travel discounts from Marriott Bonvoy.,MY,Johor Bahru,https://www.marriott.com/offers.mi?city=Johor+Bahru&country=MY&utm_source=mealdeals_scraper,2026-08-07T20:58:13.545345+00:00
Marriott Hotels,,,https://www.marriott.com/,Make the most of your next stay with hotel deals and promotional travel discounts from Marriott Bonvoy.,MY,Kuala Lumpur,https://www.marriott.com/offers.mi?city=Kuala+Lumpur&country=MY&utm_source=mealdeals_scraper,2026-08-07T20:58:13.492980+00:00
Secret Recipe,+603 7490 2063,feedback@secretrecipe.com.my,https://www.secretrecipe.com.my/,"Celebrate sweet moments with the best cakes from Secret Recipe! With a variety of recommended choices to choose from, shop your favourite cake online now. Click here to order!",MY,Kuala Lumpur,https://www.secretrecipe.com.my/?city=Kota+Kinabalu&country=MY&utm_source=mealdeals_scraper,2026-08-07T20:58:13.570366+00:00
Starbucks Coffee,,,https://www.starbucks.com/,,MY,Kota Kinabalu,https://www.starbucks.com/menu?city=Kota+Kinabalu&country=MY&utm_source=mealdeals_scraper,2026-08-07T20:58:13.572634+00:00
Starbucks Coffee,,,https://www.starbucks.com/,,MY,Kuala Lumpur,https://www.starbucks.com/menu?city=Kuala+Lumpur&country=MY&utm_source=mealdeals_scraper,2026-08-07T20:58:13.494404+00:00
Starbucks Coffee,,,https://www.starbucks.com/,,MY,Johor Bahru,https://www.starbucks.com/menu?city=Johor+Bahru&country=MY&utm_source=mealdeals_scraper,2026-08-07T20:58:13.546724+00:00
Starbucks Coffee,,,https://www.starbucks.com/,,MY,Penang,https://www.starbucks.com/menu?city=Penang&country=MY&utm_source=mealdeals_scraper,2026-08-07T20:58:13.524021+00:00
Toast Box Cafe,+6598280614,,https://www.toastbox.com.sg/,,MY,Penang,https://www.toastbox.com.sg/?city=Penang&country=MY&utm_source=mealdeals_scraper,2026-08-07T20:58:13.525330+00:00
Toast Box Cafe,+6598280614,,https://www.toastbox.com.sg/,,MY,Kuala Lumpur,https://www.toastbox.com.sg/?city=Kuala+Lumpur&country=MY&utm_source=mealdeals_scraper,2026-08-07T20:58:13.495615+00:00
Toast Box Cafe,+6598280614,,https://www.toastbox.com.sg/,,MY,Johor Bahru,https://www.toastbox.com.sg/?city=Johor+Bahru&country=MY&utm_source=mealdeals_scraper,2026-08-07T20:58:13.548503+00:00
Toast Box Cafe,+6598280614,,https://www.toastbox.com.sg/,,MY,Kota Kinabalu,https://www.toastbox.com.sg/?city=Kota+Kinabalu&country=MY&utm_source=mealdeals_scraper,2026-08-07T20:58:13.573872+00:00
Checkers Namibia,,,https://www.checkers.com.na/,,NA,Windhoek,https://www.checkers.com.na/?city=Windhoek&country=NA&utm_source=mealdeals_scraper,2026-08-07T20:58:13.594928+00:00
Checkers Namibia,,,https://www.checkers.com.na/,,NA,Swakopmund,https://www.checkers.com.na/?city=Swakopmund&country=NA&utm_source=mealdeals_scraper,2026-08-07T20:58:13.619919+00:00
City Lodge Hotel,,,https://www.clhg.com/,"Discover modern comfort at City Lodge Hotels – offering stylish accommodations, prime urban locations, and exceptional service for business and leisure travelers. Book your stay today!",NA,Windhoek,https://www.clhg.com/?city=Windhoek&country=NA&utm_source=mealdeals_scraper,2026-08-07T20:58:13.598010+00:00
City Lodge Hotel,,,https://www.clhg.com/,"Discover modern comfort at City Lodge Hotels – offering stylish accommodations, prime urban locations, and exceptional service for business and leisure travelers. Book your stay today!",NA,Swakopmund,https://www.clhg.com/?city=Swakopmund&country=NA&utm_source=mealdeals_scraper,2026-08-07T20:58:13.622384+00:00
Debonairs Pizza Restaurant,,,https://www.debonairspizza.co.za/,"Discover bold flavours, epic pizzas and unbeatable value at Debonairs Pizza. Order your favourites online now and enjoy fast delivery or easy pickup today.",NA,Swakopmund,https://www.debonairspizza.co.za/?city=Swakopmund&country=NA&utm_source=mealdeals_scraper,2026-08-07T20:58:13.622797+00:00
Debonairs Pizza Restaurant,,,https://www.debonairspizza.co.za/,"Discover bold flavours, epic pizzas and unbeatable value at Debonairs Pizza. Order your favourites online now and enjoy fast delivery or easy pickup today.",NA,Windhoek,https://www.debonairspizza.co.za/?city=Windhoek&country=NA&utm_source=mealdeals_scraper,2026-08-07T20:58:13.598549+00:00
Hilton Hotels,+1-855-672-1138,,https://www.hilton.com/,"Take advantage of hotel offers, unique promotions, and exclusive online specials directly from Hilton Portfolio.",NA,Swakopmund,https://www.hilton.com/en/offers/?city=Swakopmund&country=NA&utm_source=mealdeals_scraper,2026-08-07T20:58:13.620789+00:00
Hilton Hotels,+1-855-672-1138,,https://www.hilton.com/,"Take advantage of hotel offers, unique promotions, and exclusive online specials directly from Hilton Portfolio.",NA,Windhoek,https://www.hilton.com/en/offers/?city=Windhoek&country=NA&utm_source=mealdeals_scraper,2026-08-07T20:58:13.596018+00:00
Ibis Hotel,,,https://all.accor.com/hotel/ibis/index.en.shtml,,NA,Windhoek,https://all.accor.com/hotel/ibis/index.en.shtml?city=Windhoek&country=NA&utm_source=mealdeals_scraper,2026-08-07T20:58:13.596535+00:00
Ibis Hotel,,,https://all.accor.com/hotel/ibis/index.en.shtml,,NA,Swakopmund,https://all.accor.com/hotel/ibis/index.en.shtml?city=Swakopmund&country=NA&utm_source=mealdeals_scraper,2026-08-07T20:58:13.621200+00:00
Local Pub & Grill,,,https://www.tripadvisor.com/Restaurants,,NA,Swakopmund,https://www.tripadvisor.com/Restaurants?city=Swakopmund&country=NA&utm_source=mealdeals_scraper,2026-08-07T20:58:13.621995+00:00
Local Pub & Grill,,,https://www.tripadvisor.com/Restaurants,,NA,Windhoek,https://www.tripadvisor.com/Restaurants?city=Windhoek&country=NA&utm_source=mealdeals_scraper,2026-08-07T20:58:13.597539+00:00
Marriott Hotels,,,https://www.marriott.com/,Make the most of your next stay with hotel deals and promotional travel discounts from Marriott Bonvoy.,NA,Swakopmund,https://www.marriott.com/offers.mi?city=Swakopmund&country=NA&utm_source=mealdeals_scraper,2026-08-07T20:58:13.620366+00:00
Marriott Hotels,,,https://www.marriott.com/,Make the most of your next stay with hotel deals and promotional travel discounts from Marriott Bonvoy.,NA,Windhoek,https://www.marriott.com/offers.mi?city=Windhoek&country=NA&utm_source=mealdeals_scraper,2026-08-07T20:58:13.595499+00:00
Shoprite Namibia,,,https://www.shoprite.com.na/,,NA,Windhoek,https://www.shoprite.com.na/?city=Windhoek&country=NA&utm_source=mealdeals_scraper,2026-08-07T20:58:13.594290+00:00
Shoprite Namibia,,,https://www.shoprite.com.na/,,NA,Swakopmund,https://www.shoprite.com.na/?city=Swakopmund&country=NA&utm_source=mealdeals_scraper,2026-08-07T20:58:13.619327+00:00
Starbucks Coffee,,,https://www.starbucks.com/,,NA,Windhoek,https://www.starbucks.com/menu?city=Windhoek&country=NA&utm_source=mealdeals_scraper,2026-08-07T20:58:13.597091+00:00
Starbucks Coffee,,,https://www.starbucks.com/,,NA,Swakopmund,https://www.starbucks.com/menu?city=Swakopmund&country=NA&utm_source=mealdeals_scraper,2026-08-07T20:58:13.621597+00:00
Chicken Republic,,tip-offs@deloitte.com.ng,https://www.chicken-republic.com/,"Food Concepts Plc was incorporated on 6 December 1999 as Food Concepts & Entertainment Limited and commenced operations in 2000. Since inception, we have set out to challenge the status quo by delivering quality food products and services that appeal to modern, West African…",NG,Lagos,https://www.chicken-republic.com/?city=Kano&country=NG&utm_source=mealdeals_scraper,2026-08-07T20:58:13.756259+00:00
City Lodge Hotel,,,https://www.clhg.com/,"Discover modern comfort at City Lodge Hotels – offering stylish accommodations, prime urban locations, and exceptional service for business and leisure travelers. Book your stay today!",NG,Ibadan,https://www.clhg.com/?city=Ibadan&country=NG&utm_source=mealdeals_scraper,2026-08-07T20:58:13.733255+00:00
City Lodge Hotel,,,https://www.clhg.com/,"Discover modern comfort at City Lodge Hotels – offering stylish accommodations, prime urban locations, and exceptional service for business and leisure travelers. Book your stay today!",NG,Lagos,https://www.clhg.com/?city=Lagos&country=NG&utm_source=mealdeals_scraper,2026-08-07T20:58:13.649456+00:00
City Lodge Hotel,,,https://www.clhg.com/,"Discover modern comfort at City Lodge Hotels – offering stylish accommodations, prime urban locations, and exceptional service for business and leisure travelers. Book your stay today!",NG,Abuja,https://www.clhg.com/?city=Abuja&country=NG&utm_source=mealdeals_scraper,2026-08-07T20:58:13.677051+00:00
City Lodge Hotel,,,https://www.clhg.com/,"Discover modern comfort at City Lodge Hotels – offering stylish accommodations, prime urban locations, and exceptional service for business and leisure travelers. Book your stay today!",NG,Port Harcourt,https://www.clhg.com/?city=Port+Harcourt&country=NG&utm_source=mealdeals_scraper,2026-08-07T20:58:13.703511+00:00
City Lodge Hotel,,,https://www.clhg.com/,"Discover modern comfort at City Lodge Hotels – offering stylish accommodations, prime urban locations, and exceptional service for business and leisure travelers. Book your stay today!",NG,Kano,https://www.clhg.com/?city=Kano&country=NG&utm_source=mealdeals_scraper,2026-08-07T20:58:13.759646+00:00
Debonairs Pizza Restaurant,,,https://www.debonairspizza.co.za/,"Discover bold flavours, epic pizzas and unbeatable value at Debonairs Pizza. Order your favourites online now and enjoy fast delivery or easy pickup today.",NG,Lagos,https://www.debonairspizza.co.za/?city=Lagos&country=NG&utm_source=mealdeals_scraper,2026-08-07T20:58:13.649865+00:00
Debonairs Pizza Restaurant,,,https://www.debonairspizza.co.za/,"Discover bold flavours, epic pizzas and unbeatable value at Debonairs Pizza. Order your favourites online now and enjoy fast delivery or easy pickup today.",NG,Kano,https://www.debonairspizza.co.za/?city=Kano&country=NG&utm_source=mealdeals_scraper,2026-08-07T20:58:13.760073+00:00
Debonairs Pizza Restaurant,,,https://www.debonairspizza.co.za/,"Discover bold flavours, epic pizzas and unbeatable value at Debonairs Pizza. Order your favourites online now and enjoy fast delivery or easy pickup today.",NG,Ibadan,https://www.debonairspizza.co.za/?city=Ibadan&country=NG&utm_source=mealdeals_scraper,2026-08-07T20:58:13.733680+00:00
Debonairs Pizza Restaurant,,,https://www.debonairspizza.co.za/,"Discover bold flavours, epic pizzas and unbeatable value at Debonairs Pizza. Order your favourites online now and enjoy fast delivery or easy pickup today.",NG,Abuja,https://www.debonairspizza.co.za/?city=Abuja&country=NG&utm_source=mealdeals_scraper,2026-08-07T20:58:13.677453+00:00
Debonairs Pizza Restaurant,,,https://www.debonairspizza.co.za/,"Discover bold flavours, epic pizzas and unbeatable value at Debonairs Pizza. Order your favourites online now and enjoy fast delivery or easy pickup today.",NG,Port Harcourt,https://www.debonairspizza.co.za/?city=Port+Harcourt&country=NG&utm_source=mealdeals_scraper,2026-08-07T20:58:13.703943+00:00
Hilton Hotels,+1-855-672-1138,,https://www.hilton.com/,"Take advantage of hotel offers, unique promotions, and exclusive online specials directly from Hilton Portfolio.",NG,Lagos,https://www.hilton.com/en/offers/?city=Lagos&country=NG&utm_source=mealdeals_scraper,2026-08-07T20:58:13.647796+00:00
Hilton Hotels,+1-855-672-1138,,https://www.hilton.com/,"Take advantage of hotel offers, unique promotions, and exclusive online specials directly from Hilton Portfolio.",NG,Ibadan,https://www.hilton.com/en/offers/?city=Ibadan&country=NG&utm_source=mealdeals_scraper,2026-08-07T20:58:13.731312+00:00
Hilton Hotels,+1-855-672-1138,,https://www.hilton.com/,"Take advantage of hotel offers, unique promotions, and exclusive online specials directly from Hilton Portfolio.",NG,Port Harcourt,https://www.hilton.com/en/offers/?city=Port+Harcourt&country=NG&utm_source=mealdeals_scraper,2026-08-07T20:58:13.701654+00:00
Hilton Hotels,+1-855-672-1138,,https://www.hilton.com/,"Take advantage of hotel offers, unique promotions, and exclusive online specials directly from Hilton Portfolio.",NG,Kano,https://www.hilton.com/en/offers/?city=Kano&country=NG&utm_source=mealdeals_scraper,2026-08-07T20:58:13.757945+00:00
Hilton Hotels,+1-855-672-1138,,https://www.hilton.com/,"Take advantage of hotel offers, unique promotions, and exclusive online specials directly from Hilton Portfolio.",NG,Abuja,https://www.hilton.com/en/offers/?city=Abuja&country=NG&utm_source=mealdeals_scraper,2026-08-07T20:58:13.675296+00:00
Ibis Hotel,,,https://all.accor.com/hotel/ibis/index.en.shtml,,NG,Kano,https://all.accor.com/hotel/ibis/index.en.shtml?city=Kano&country=NG&utm_source=mealdeals_scraper,2026-08-07T20:58:13.758381+00:00
Ibis Hotel,,,https://all.accor.com/hotel/ibis/index.en.shtml,,NG,Abuja,https://all.accor.com/hotel/ibis/index.en.shtml?city=Abuja&country=NG&utm_source=mealdeals_scraper,2026-08-07T20:58:13.675761+00:00
Ibis Hotel,,,https://all.accor.com/hotel/ibis/index.en.shtml,,NG,Ibadan,https://all.accor.com/hotel/ibis/index.en.shtml?city=Ibadan&country=NG&utm_source=mealdeals_scraper,2026-08-07T20:58:13.731909+00:00
Ibis Hotel,,,https://all.accor.com/hotel/ibis/index.en.shtml,,NG,Lagos,https://all.accor.com/hotel/ibis/index.en.shtml?city=Lagos&country=NG&utm_source=mealdeals_scraper,2026-08-07T20:58:13.648231+00:00
Ibis Hotel,,,https://all.accor.com/hotel/ibis/index.en.shtml,,NG,Port Harcourt,https://all.accor.com/hotel/ibis/index.en.shtml?city=Port+Harcourt&country=NG&utm_source=mealdeals_scraper,2026-08-07T20:58:13.702200+00:00
Local Pub & Grill,,,https://www.tripadvisor.com/Restaurants,,NG,Kano,https://www.tripadvisor.com/Restaurants?city=Kano&country=NG&utm_source=mealdeals_scraper,2026-08-07T20:58:13.759242+00:00
Local Pub & Grill,,,https://www.tripadvisor.com/Restaurants,,NG,Abuja,https://www.tripadvisor.com/Restaurants?city=Abuja&country=NG&utm_source=mealdeals_scraper,2026-08-07T20:58:13.676618+00:00
Local Pub & Grill,,,https://www.tripadvisor.com/Restaurants,,NG,Ibadan,https://www.tripadvisor.com/Restaurants?city=Ibadan&country=NG&utm_source=mealdeals_scraper,2026-08-07T20:58:13.732837+00:00
Local Pub & Grill,,,https://www.tripadvisor.com/Restaurants,,NG,Port Harcourt,https://www.tripadvisor.com/Restaurants?city=Port+Harcourt&country=NG&utm_source=mealdeals_scraper,2026-08-07T20:58:13.703092+00:00
Local Pub & Grill,,,https://www.tripadvisor.com/Restaurants,,NG,Lagos,https://www.tripadvisor.com/Restaurants?city=Lagos&country=NG&utm_source=mealdeals_scraper,2026-08-07T20:58:13.649056+00:00
Marriott Hotels,,,https://www.marriott.com/,Make the most of your next stay with hotel deals and promotional travel discounts from Marriott Bonvoy.,NG,Kano,https://www.marriott.com/offers.mi?city=Kano&country=NG&utm_source=mealdeals_scraper,2026-08-07T20:58:13.757432+00:00
Marriott Hotels,,,https://www.marriott.com/,Make the most of your next stay with hotel deals and promotional travel discounts from Marriott Bonvoy.,NG,Port Harcourt,https://www.marriott.com/offers.mi?city=Port+Harcourt&country=NG&utm_source=mealdeals_scraper,2026-08-07T20:58:13.701100+00:00
Marriott Hotels,,,https://www.marriott.com/,Make the most of your next stay with hotel deals and promotional travel discounts from Marriott Bonvoy.,NG,Lagos,https://www.marriott.com/offers.mi?city=Lagos&country=NG&utm_source=mealdeals_scraper,2026-08-07T20:58:13.647309+00:00
Marriott Hotels,,,https://www.marriott.com/,Make the most of your next stay with hotel deals and promotional travel discounts from Marriott Bonvoy.,NG,Ibadan,https://www.marriott.com/offers.mi?city=Ibadan&country=NG&utm_source=mealdeals_scraper,2026-08-07T20:58:13.730748+00:00
Marriott Hotels,,,https://www.marriott.com/,Make the most of your next stay with hotel deals and promotional travel discounts from Marriott Bonvoy.,NG,Abuja,https://www.marriott.com/offers.mi?city=Abuja&country=NG&utm_source=mealdeals_scraper,2026-08-07T20:58:13.674806+00:00
Mr Bigg's,,,https://www.mrbiggs.com/,,NG,Kano,https://www.mrbiggs.com/?city=Kano&country=NG&utm_source=mealdeals_scraper,2026-08-07T20:58:13.756866+00:00
Mr Bigg's,,,https://www.mrbiggs.com/,,NG,Port Harcourt,https://www.mrbiggs.com/?city=Port+Harcourt&country=NG&utm_source=mealdeals_scraper,2026-08-07T20:58:13.700524+00:00
Mr Bigg's,,,https://www.mrbiggs.com/,,NG,Abuja,https://www.mrbiggs.com/?city=Abuja&country=NG&utm_source=mealdeals_scraper,2026-08-07T20:58:13.674202+00:00
Mr Bigg's,,,https://www.mrbiggs.com/,,NG,Lagos,https://www.mrbiggs.com/?city=Lagos&country=NG&utm_source=mealdeals_scraper,2026-08-07T20:58:13.646729+00:00
Mr Bigg's,,,https://www.mrbiggs.com/,,NG,Ibadan,https://www.mrbiggs.com/?city=Ibadan&country=NG&utm_source=mealdeals_scraper,2026-08-07T20:58:13.730247+00:00
Shoprite Nigeria,,,https://www.shoprite.com.ng/,,NG,Kano,https://www.shoprite.com.ng/?city=Kano&country=NG&utm_source=mealdeals_scraper,2026-08-07T20:58:13.755656+00:00
Shoprite Nigeria,,,https://www.shoprite.com.ng/,,NG,Port Harcourt,https://www.shoprite.com.ng/?city=Port+Harcourt&country=NG&utm_source=mealdeals_scraper,2026-08-07T20:58:13.699328+00:00
Shoprite Nigeria,,,https://www.shoprite.com.ng/,,NG,Abuja,https://www.shoprite.com.ng/?city=Abuja&country=NG&utm_source=mealdeals_scraper,2026-08-07T20:58:13.672829+00:00
Shoprite Nigeria,,,https://www.shoprite.com.ng/,,NG,Lagos,https://www.shoprite.com.ng/?city=Lagos&country=NG&utm_source=mealdeals_scraper,2026-08-07T20:58:13.645485+00:00
Shoprite Nigeria,,,https://www.shoprite.com.ng/,,NG,Ibadan,https://www.shoprite.com.ng/?city=Ibadan&country=NG&utm_source=mealdeals_scraper,2026-08-07T20:58:13.728827+00:00
Starbucks Coffee,,,https://www.starbucks.com/,,NG,Kano,https://www.starbucks.com/menu?city=Kano&country=NG&utm_source=mealdeals_scraper,2026-08-07T20:58:13.758812+00:00
Starbucks Coffee,,,https://www.starbucks.com/,,NG,Port Harcourt,https://www.starbucks.com/menu?city=Port+Harcourt&country=NG&utm_source=mealdeals_scraper,2026-08-07T20:58:13.702644+00:00
Starbucks Coffee,,,https://www.starbucks.com/,,NG,Abuja,https://www.starbucks.com/menu?city=Abuja&country=NG&utm_source=mealdeals_scraper,2026-08-07T20:58:13.676199+00:00
Starbucks Coffee,,,https://www.starbucks.com/,,NG,Lagos,https://www.starbucks.com/menu?city=Lagos&country=NG&utm_source=mealdeals_scraper,2026-08-07T20:58:13.648640+00:00
Starbucks Coffee,,,https://www.starbucks.com/,,NG,Ibadan,https://www.starbucks.com/menu?city=Ibadan&country=NG&utm_source=mealdeals_scraper,2026-08-07T20:58:13.732376+00:00
Accor Hotels,,,https://all.accor.com/,"Discover exclusive hotel offers, bonus Reward Points, unforgettable experiences and member benefits that elevate every journey with ALL Accor.",NL,Rotterdam,https://all.accor.com/a/en/offers.html?city=Rotterdam&country=NL&utm_source=mealdeals_scraper,2026-08-07T20:58:09.173351+00:00
Accor Hotels,,,https://all.accor.com/,"Discover exclusive hotel offers, bonus Reward Points, unforgettable experiences and member benefits that elevate every journey with ALL Accor.",NL,Haarlem,https://all.accor.com/a/en/offers.html?city=Haarlem&country=NL&utm_source=mealdeals_scraper,2026-08-07T20:58:09.303037+00:00
Accor Hotels,,,https://all.accor.com/,"Discover exclusive hotel offers, bonus Reward Points, unforgettable experiences and member benefits that elevate every journey with ALL Accor.",NL,Groningen,https://all.accor.com/a/en/offers.html?city=Groningen&country=NL&utm_source=mealdeals_scraper,2026-08-07T20:58:09.256647+00:00
Accor Hotels,,,https://all.accor.com/,"Discover exclusive hotel offers, bonus Reward Points, unforgettable experiences and member benefits that elevate every journey with ALL Accor.",NL,Leiden,https://all.accor.com/a/en/offers.html?city=Leiden&country=NL&utm_source=mealdeals_scraper,2026-08-07T20:58:09.345212+00:00
Accor Hotels,,,https://all.accor.com/,"Discover exclusive hotel offers, bonus Reward Points, unforgettable experiences and member benefits that elevate every journey with ALL Accor.",NL,Tilburg,https://all.accor.com/a/en/offers.html?city=Tilburg&country=NL&utm_source=mealdeals_scraper,2026-08-07T20:58:09.324266+00:00
Accor Hotels,,,https://all.accor.com/,"Discover exclusive hotel offers, bonus Reward Points, unforgettable experiences and member benefits that elevate every journey with ALL Accor.",NL,Utrecht,https://all.accor.com/a/en/offers.html?city=Utrecht&country=NL&utm_source=mealdeals_scraper,2026-08-07T20:58:09.215188+00:00
Accor Hotels,,,https://all.accor.com/,"Discover exclusive hotel offers, bonus Reward Points, unforgettable experiences and member benefits that elevate every journey with ALL Accor.",NL,Eindhoven,https://all.accor.com/a/en/offers.html?city=Eindhoven&country=NL&utm_source=mealdeals_scraper,2026-08-07T20:58:09.236265+00:00
Accor Hotels,,,https://all.accor.com/,"Discover exclusive hotel offers, bonus Reward Points, unforgettable experiences and member benefits that elevate every journey with ALL Accor.",NL,Amsterdam,https://all.accor.com/a/en/offers.html?city=Amsterdam&country=NL&utm_source=mealdeals_scraper,2026-08-07T20:58:09.151595+00:00
Accor Hotels,,,https://all.accor.com/,"Discover exclusive hotel offers, bonus Reward Points, unforgettable experiences and member benefits that elevate every journey with ALL Accor.",NL,The Hague,https://all.accor.com/a/en/offers.html?city=The+Hague&country=NL&utm_source=mealdeals_scraper,2026-08-07T20:58:09.194584+00:00
Accor Hotels,,,https://all.accor.com/,"Discover exclusive hotel offers, bonus Reward Points, unforgettable experiences and member benefits that elevate every journey with ALL Accor.",NL,Maastricht,https://all.accor.com/a/en/offers.html?city=Maastricht&country=NL&utm_source=mealdeals_scraper,2026-08-07T20:58:09.277402+00:00
Albert Heijn,,,https://www.ah.nl/,Bekijk alle Bonusaanbiedingen van Albert Heijn. Profiteer van kortingen en aanbiedingen op duizenden producten.,NL,Groningen,https://www.ah.nl/bonus?city=Groningen&country=NL&utm_source=mealdeals_scraper,2026-08-07T20:58:09.254171+00:00
Albert Heijn,,,https://www.ah.nl/,Bekijk alle Bonusaanbiedingen van Albert Heijn. Profiteer van kortingen en aanbiedingen op duizenden producten.,NL,Tilburg,https://www.ah.nl/bonus?city=Tilburg&country=NL&utm_source=mealdeals_scraper,2026-08-07T20:58:09.321915+00:00
Albert Heijn,,,https://www.ah.nl/,Bekijk alle Bonusaanbiedingen van Albert Heijn. Profiteer van kortingen en aanbiedingen op duizenden producten.,NL,Haarlem,https://www.ah.nl/bonus?city=Haarlem&country=NL&utm_source=mealdeals_scraper,2026-08-07T20:58:09.300640+00:00
Albert Heijn,,,https://www.ah.nl/,Bekijk alle Bonusaanbiedingen van Albert Heijn. Profiteer van kortingen en aanbiedingen op duizenden producten.,NL,The Hague,https://www.ah.nl/bonus?city=The+Hague&country=NL&utm_source=mealdeals_scraper,2026-08-07T20:58:09.192134+00:00
Albert Heijn,,,https://www.ah.nl/,Bekijk alle Bonusaanbiedingen van Albert Heijn. Profiteer van kortingen en aanbiedingen op duizenden producten.,NL,Leiden,https://www.ah.nl/bonus?city=Leiden&country=NL&utm_source=mealdeals_scraper,2026-08-07T20:58:09.342776+00:00
Albert Heijn,,,https://www.ah.nl/,Bekijk alle Bonusaanbiedingen van Albert Heijn. Profiteer van kortingen en aanbiedingen op duizenden producten.,NL,Utrecht,https://www.ah.nl/bonus?city=Utrecht&country=NL&utm_source=mealdeals_scraper,2026-08-07T20:58:09.212719+00:00
Albert Heijn,,,https://www.ah.nl/,Bekijk alle Bonusaanbiedingen van Albert Heijn. Profiteer van kortingen en aanbiedingen op duizenden producten.,NL,Eindhoven,https://www.ah.nl/bonus?city=Eindhoven&country=NL&utm_source=mealdeals_scraper,2026-08-07T20:58:09.233938+00:00
Albert Heijn,,,https://www.ah.nl/,Bekijk alle Bonusaanbiedingen van Albert Heijn. Profiteer van kortingen en aanbiedingen op duizenden producten.,NL,Maastricht,https://www.ah.nl/bonus?city=Maastricht&country=NL&utm_source=mealdeals_scraper,2026-08-07T20:58:09.275047+00:00
Albert Heijn,,,https://www.ah.nl/,Bekijk alle Bonusaanbiedingen van Albert Heijn. Profiteer van kortingen en aanbiedingen op duizenden producten.,NL,Amsterdam,https://www.ah.nl/bonus?city=Amsterdam&country=NL&utm_source=mealdeals_scraper,2026-08-07T20:58:09.149039+00:00
Albert Heijn,,,https://www.ah.nl/,Bekijk alle Bonusaanbiedingen van Albert Heijn. Profiteer van kortingen en aanbiedingen op duizenden producten.,NL,Rotterdam,https://www.ah.nl/bonus?city=Rotterdam&country=NL&utm_source=mealdeals_scraper,2026-08-07T20:58:09.170951+00:00
Brown Cafe Bar,,,https://www.iamsterdam.com,"<p>I amsterdam is the official guide to everything Amsterdam. Find all the resources you need for <strong>the perfect trip</strong>, explore <strong>every neighbourhood</strong> and find out <strong>what's on</strong>, look up essential information on living, studying and…",NL,Amsterdam,https://www.iamsterdam.com/en?city=Amsterdam&country=NL&utm_source=mealdeals_scraper,2026-08-07T20:58:09.152186+00:00
Brown Cafe Bar,,,https://www.iamsterdam.com,"<p>I amsterdam is the official guide to everything Amsterdam. Find all the resources you need for <strong>the perfect trip</strong>, explore <strong>every neighbourhood</strong> and find out <strong>what's on</strong>, look up essential information on living, studying and…",NL,Haarlem,https://www.iamsterdam.com/en?city=Haarlem&country=NL&utm_source=mealdeals_scraper,2026-08-07T20:58:09.303610+00:00
Brown Cafe Bar,,,https://www.iamsterdam.com,"<p>I amsterdam is the official guide to everything Amsterdam. Find all the resources you need for <strong>the perfect trip</strong>, explore <strong>every neighbourhood</strong> and find out <strong>what's on</strong>, look up essential information on living, studying and…",NL,Leiden,https://www.iamsterdam.com/en?city=Leiden&country=NL&utm_source=mealdeals_scraper,2026-08-07T20:58:09.345866+00:00
Brown Cafe Bar,,,https://www.iamsterdam.com,"<p>I amsterdam is the official guide to everything Amsterdam. Find all the resources you need for <strong>the perfect trip</strong>, explore <strong>every neighbourhood</strong> and find out <strong>what's on</strong>, look up essential information on living, studying and…",NL,Groningen,https://www.iamsterdam.com/en?city=Groningen&country=NL&utm_source=mealdeals_scraper,2026-08-07T20:58:09.257239+00:00
Brown Cafe Bar,,,https://www.iamsterdam.com,"<p>I amsterdam is the official guide to everything Amsterdam. Find all the resources you need for <strong>the perfect trip</strong>, explore <strong>every neighbourhood</strong> and find out <strong>what's on</strong>, look up essential information on living, studying and…",NL,Eindhoven,https://www.iamsterdam.com/en?city=Eindhoven&country=NL&utm_source=mealdeals_scraper,2026-08-07T20:58:09.236818+00:00
Brown Cafe Bar,,,https://www.iamsterdam.com,"<p>I amsterdam is the official guide to everything Amsterdam. Find all the resources you need for <strong>the perfect trip</strong>, explore <strong>every neighbourhood</strong> and find out <strong>what's on</strong>, look up essential information on living, studying and…",NL,Utrecht,https://www.iamsterdam.com/en?city=Utrecht&country=NL&utm_source=mealdeals_scraper,2026-08-07T20:58:09.215755+00:00
Brown Cafe Bar,,,https://www.iamsterdam.com,"<p>I amsterdam is the official guide to everything Amsterdam. Find all the resources you need for <strong>the perfect trip</strong>, explore <strong>every neighbourhood</strong> and find out <strong>what's on</strong>, look up essential information on living, studying and…",NL,The Hague,https://www.iamsterdam.com/en?city=The+Hague&country=NL&utm_source=mealdeals_scraper,2026-08-07T20:58:09.195143+00:00
Brown Cafe Bar,,,https://www.iamsterdam.com,"<p>I amsterdam is the official guide to everything Amsterdam. Find all the resources you need for <strong>the perfect trip</strong>, explore <strong>every neighbourhood</strong> and find out <strong>what's on</strong>, look up essential information on living, studying and…",NL,Rotterdam,https://www.iamsterdam.com/en?city=Rotterdam&country=NL&utm_source=mealdeals_scraper,2026-08-07T20:58:09.173924+00:00
Brown Cafe Bar,,,https://www.iamsterdam.com,"<p>I amsterdam is the official guide to everything Amsterdam. Find all the resources you need for <strong>the perfect trip</strong>, explore <strong>every neighbourhood</strong> and find out <strong>what's on</strong>, look up essential information on living, studying and…",NL,Tilburg,https://www.iamsterdam.com/en?city=Tilburg&country=NL&utm_source=mealdeals_scraper,2026-08-07T20:58:09.324829+00:00
Brown Cafe Bar,,,https://www.iamsterdam.com,"<p>I amsterdam is the official guide to everything Amsterdam. Find all the resources you need for <strong>the perfect trip</strong>, explore <strong>every neighbourhood</strong> and find out <strong>what's on</strong>, look up essential information on living, studying and…",NL,Maastricht,https://www.iamsterdam.com/en?city=Maastricht&country=NL&utm_source=mealdeals_scraper,2026-08-07T20:58:09.277971+00:00
CitizenM Hotel,,,https://www.citizenm.com/,Make the most of your next stay with hotel deals and promotional travel discounts from Marriott Bonvoy.,NL,Rotterdam,https://www.citizenm.com/offers?city=Rotterdam&country=NL&utm_source=mealdeals_scraper,2026-08-07T20:58:09.172791+00:00
CitizenM Hotel,,,https://www.citizenm.com/,Make the most of your next stay with hotel deals and promotional travel discounts from Marriott Bonvoy.,NL,Haarlem,https://www.citizenm.com/offers?city=Haarlem&country=NL&utm_source=mealdeals_scraper,2026-08-07T20:58:09.302463+00:00
CitizenM Hotel,,,https://www.citizenm.com/,Make the most of your next stay with hotel deals and promotional travel discounts from Marriott Bonvoy.,NL,Eindhoven,https://www.citizenm.com/offers?city=Eindhoven&country=NL&utm_source=mealdeals_scraper,2026-08-07T20:58:09.235723+00:00
CitizenM Hotel,,,https://www.citizenm.com/,Make the most of your next stay with hotel deals and promotional travel discounts from Marriott Bonvoy.,NL,Leiden,https://www.citizenm.com/offers?city=Leiden&country=NL&utm_source=mealdeals_scraper,2026-08-07T20:58:09.344599+00:00
CitizenM Hotel,,,https://www.citizenm.com/,Make the most of your next stay with hotel deals and promotional travel discounts from Marriott Bonvoy.,NL,Utrecht,https://www.citizenm.com/offers?city=Utrecht&country=NL&utm_source=mealdeals_scraper,2026-08-07T20:58:09.214599+00:00
CitizenM Hotel,,,https://www.citizenm.com/,Make the most of your next stay with hotel deals and promotional travel discounts from Marriott Bonvoy.,NL,Amsterdam,https://www.citizenm.com/offers?city=Amsterdam&country=NL&utm_source=mealdeals_scraper,2026-08-07T20:58:09.150911+00:00
CitizenM Hotel,,,https://www.citizenm.com/,Make the most of your next stay with hotel deals and promotional travel discounts from Marriott Bonvoy.,NL,Groningen,https://www.citizenm.com/offers?city=Groningen&country=NL&utm_source=mealdeals_scraper,2026-08-07T20:58:09.256047+00:00
CitizenM Hotel,,,https://www.citizenm.com/,Make the most of your next stay with hotel deals and promotional travel discounts from Marriott Bonvoy.,NL,Tilburg,https://www.citizenm.com/offers?city=Tilburg&country=NL&utm_source=mealdeals_scraper,2026-08-07T20:58:09.323714+00:00
CitizenM Hotel,,,https://www.citizenm.com/,Make the most of your next stay with hotel deals and promotional travel discounts from Marriott Bonvoy.,NL,The Hague,https://www.citizenm.com/offers?city=The+Hague&country=NL&utm_source=mealdeals_scraper,2026-08-07T20:58:09.194002+00:00
CitizenM Hotel,,,https://www.citizenm.com/,Make the most of your next stay with hotel deals and promotional travel discounts from Marriott Bonvoy.,NL,Maastricht,https://www.citizenm.com/offers?city=Maastricht&country=NL&utm_source=mealdeals_scraper,2026-08-07T20:58:09.276845+00:00
HEMA,+310202242424,,https://www.hema.nl/,Met liefde gemaakt voor jou én de wereld. Gratis thuisbezorgd vanaf €30 ✓ Afhalen in 550+ HEMA winkels ✓ Verrassend lage prijzen ✓ Echt HEMA.,NL,Tilburg,https://www.hema.nl/?city=Tilburg&country=NL&utm_source=mealdeals_scraper,2026-08-07T20:58:09.323146+00:00
HEMA,+310202242424,,https://www.hema.nl/,Met liefde gemaakt voor jou én de wereld. Gratis thuisbezorgd vanaf €30 ✓ Afhalen in 550+ HEMA winkels ✓ Verrassend lage prijzen ✓ Echt HEMA.,NL,Utrecht,https://www.hema.nl/?city=Utrecht&country=NL&utm_source=mealdeals_scraper,2026-08-07T20:58:09.214043+00:00
HEMA,+310202242424,,https://www.hema.nl/,Met liefde gemaakt voor jou én de wereld. Gratis thuisbezorgd vanaf €30 ✓ Afhalen in 550+ HEMA winkels ✓ Verrassend lage prijzen ✓ Echt HEMA.,NL,Haarlem,https://www.hema.nl/?city=Haarlem&country=NL&utm_source=mealdeals_scraper,2026-08-07T20:58:09.301907+00:00
HEMA,+310202242424,,https://www.hema.nl/,Met liefde gemaakt voor jou én de wereld. Gratis thuisbezorgd vanaf €30 ✓ Afhalen in 550+ HEMA winkels ✓ Verrassend lage prijzen ✓ Echt HEMA.,NL,Groningen,https://www.hema.nl/?city=Groningen&country=NL&utm_source=mealdeals_scraper,2026-08-07T20:58:09.255434+00:00
HEMA,+310202242424,,https://www.hema.nl/,Met liefde gemaakt voor jou én de wereld. Gratis thuisbezorgd vanaf €30 ✓ Afhalen in 550+ HEMA winkels ✓ Verrassend lage prijzen ✓ Echt HEMA.,NL,The Hague,https://www.hema.nl/?city=The+Hague&country=NL&utm_source=mealdeals_scraper,2026-08-07T20:58:09.193395+00:00
HEMA,+310202242424,,https://www.hema.nl/,Met liefde gemaakt voor jou én de wereld. Gratis thuisbezorgd vanaf €30 ✓ Afhalen in 550+ HEMA winkels ✓ Verrassend lage prijzen ✓ Echt HEMA.,NL,Maastricht,https://www.hema.nl/?city=Maastricht&country=NL&utm_source=mealdeals_scraper,2026-08-07T20:58:09.276281+00:00
HEMA,+310202242424,,https://www.hema.nl/,Met liefde gemaakt voor jou én de wereld. Gratis thuisbezorgd vanaf €30 ✓ Afhalen in 550+ HEMA winkels ✓ Verrassend lage prijzen ✓ Echt HEMA.,NL,Leiden,https://www.hema.nl/?city=Leiden&country=NL&utm_source=mealdeals_scraper,2026-08-07T20:58:09.344040+00:00
HEMA,+310202242424,,https://www.hema.nl/,Met liefde gemaakt voor jou én de wereld. Gratis thuisbezorgd vanaf €30 ✓ Afhalen in 550+ HEMA winkels ✓ Verrassend lage prijzen ✓ Echt HEMA.,NL,Amsterdam,https://www.hema.nl/?city=Amsterdam&country=NL&utm_source=mealdeals_scraper,2026-08-07T20:58:09.150311+00:00
HEMA,+310202242424,,https://www.hema.nl/,Met liefde gemaakt voor jou én de wereld. Gratis thuisbezorgd vanaf €30 ✓ Afhalen in 550+ HEMA winkels ✓ Verrassend lage prijzen ✓ Echt HEMA.,NL,Rotterdam,https://www.hema.nl/?city=Rotterdam&country=NL&utm_source=mealdeals_scraper,2026-08-07T20:58:09.172200+00:00
HEMA,+310202242424,,https://www.hema.nl/,Met liefde gemaakt voor jou én de wereld. Gratis thuisbezorgd vanaf €30 ✓ Afhalen in 550+ HEMA winkels ✓ Verrassend lage prijzen ✓ Echt HEMA.,NL,Eindhoven,https://www.hema.nl/?city=Eindhoven&country=NL&utm_source=mealdeals_scraper,2026-08-07T20:58:09.235140+00:00
Jumbo,,,https://www.jumbo.com/,Pak je voordeel met de weekaanbiedingen van Jumbo | Snel en makkelijk online te bestellen,NL,Utrecht,https://www.jumbo.com/aanbiedingen?city=Utrecht&country=NL&utm_source=mealdeals_scraper,2026-08-07T20:58:09.213356+00:00
Jumbo,,,https://www.jumbo.com/,Pak je voordeel met de weekaanbiedingen van Jumbo | Snel en makkelijk online te bestellen,NL,Leiden,https://www.jumbo.com/aanbiedingen?city=Leiden&country=NL&utm_source=mealdeals_scraper,2026-08-07T20:58:09.343448+00:00
Jumbo,,,https://www.jumbo.com/,Pak je voordeel met de weekaanbiedingen van Jumbo | Snel en makkelijk online te bestellen,NL,Amsterdam,https://www.jumbo.com/aanbiedingen?city=Amsterdam&country=NL&utm_source=mealdeals_scraper,2026-08-07T20:58:09.149719+00:00
Jumbo,,,https://www.jumbo.com/,Pak je voordeel met de weekaanbiedingen van Jumbo | Snel en makkelijk online te bestellen,NL,Rotterdam,https://www.jumbo.com/aanbiedingen?city=Rotterdam&country=NL&utm_source=mealdeals_scraper,2026-08-07T20:58:09.171600+00:00
Jumbo,,,https://www.jumbo.com/,Pak je voordeel met de weekaanbiedingen van Jumbo | Snel en makkelijk online te bestellen,NL,Tilburg,https://www.jumbo.com/aanbiedingen?city=Tilburg&country=NL&utm_source=mealdeals_scraper,2026-08-07T20:58:09.322557+00:00
Jumbo,,,https://www.jumbo.com/,Pak je voordeel met de weekaanbiedingen van Jumbo | Snel en makkelijk online te bestellen,NL,The Hague,https://www.jumbo.com/aanbiedingen?city=The+Hague&country=NL&utm_source=mealdeals_scraper,2026-08-07T20:58:09.192779+00:00
Jumbo,,,https://www.jumbo.com/,Pak je voordeel met de weekaanbiedingen van Jumbo | Snel en makkelijk online te bestellen,NL,Eindhoven,https://www.jumbo.com/aanbiedingen?city=Eindhoven&country=NL&utm_source=mealdeals_scraper,2026-08-07T20:58:09.234567+00:00
Jumbo,,,https://www.jumbo.com/,Pak je voordeel met de weekaanbiedingen van Jumbo | Snel en makkelijk online te bestellen,NL,Groningen,https://www.jumbo.com/aanbiedingen?city=Groningen&country=NL&utm_source=mealdeals_scraper,2026-08-07T20:58:09.254849+00:00
Jumbo,,,https://www.jumbo.com/,Pak je voordeel met de weekaanbiedingen van Jumbo | Snel en makkelijk online te bestellen,NL,Haarlem,https://www.jumbo.com/aanbiedingen?city=Haarlem&country=NL&utm_source=mealdeals_scraper,2026-08-07T20:58:09.301317+00:00
Jumbo,,,https://www.jumbo.com/,Pak je voordeel met de weekaanbiedingen van Jumbo | Snel en makkelijk online te bestellen,NL,Maastricht,https://www.jumbo.com/aanbiedingen?city=Maastricht&country=NL&utm_source=mealdeals_scraper,2026-08-07T20:58:09.275699+00:00
Loetje Restaurant,,,https://www.loetje.nl/,"Wat ooit begon als biljartcafé in Amsterdam, groeide uit tot dé plek voor biefstuk in rijke jus, gastvrijheid en die vertrouwde Loetje-ervaring. Loetje. Gewoon lekker vertrouwd. Sinds 1977.",NL,Haarlem,https://www.loetje.nl/?city=Haarlem&country=NL&utm_source=mealdeals_scraper,2026-08-07T20:58:09.305015+00:00
Loetje Restaurant,,,https://www.loetje.nl/,"Wat ooit begon als biljartcafé in Amsterdam, groeide uit tot dé plek voor biefstuk in rijke jus, gastvrijheid en die vertrouwde Loetje-ervaring. Loetje. Gewoon lekker vertrouwd. Sinds 1977.",NL,Maastricht,https://www.loetje.nl/?city=Maastricht&country=NL&utm_source=mealdeals_scraper,2026-08-07T20:58:09.279089+00:00
Loetje Restaurant,,,https://www.loetje.nl/,"Wat ooit begon als biljartcafé in Amsterdam, groeide uit tot dé plek voor biefstuk in rijke jus, gastvrijheid en die vertrouwde Loetje-ervaring. Loetje. Gewoon lekker vertrouwd. Sinds 1977.",NL,Leiden,https://www.loetje.nl/?city=Leiden&country=NL&utm_source=mealdeals_scraper,2026-08-07T20:58:09.347129+00:00
Loetje Restaurant,,,https://www.loetje.nl/,"Wat ooit begon als biljartcafé in Amsterdam, groeide uit tot dé plek voor biefstuk in rijke jus, gastvrijheid en die vertrouwde Loetje-ervaring. Loetje. Gewoon lekker vertrouwd. Sinds 1977.",NL,Amsterdam,https://www.loetje.nl/?city=Amsterdam&country=NL&utm_source=mealdeals_scraper,2026-08-07T20:58:09.153333+00:00
Loetje Restaurant,,,https://www.loetje.nl/,"Wat ooit begon als biljartcafé in Amsterdam, groeide uit tot dé plek voor biefstuk in rijke jus, gastvrijheid en die vertrouwde Loetje-ervaring. Loetje. Gewoon lekker vertrouwd. Sinds 1977.",NL,Rotterdam,https://www.loetje.nl/?city=Rotterdam&country=NL&utm_source=mealdeals_scraper,2026-08-07T20:58:09.175040+00:00
Loetje Restaurant,,,https://www.loetje.nl/,"Wat ooit begon als biljartcafé in Amsterdam, groeide uit tot dé plek voor biefstuk in rijke jus, gastvrijheid en die vertrouwde Loetje-ervaring. Loetje. Gewoon lekker vertrouwd. Sinds 1977.",NL,The Hague,https://www.loetje.nl/?city=The+Hague&country=NL&utm_source=mealdeals_scraper,2026-08-07T20:58:09.196264+00:00
Loetje Restaurant,,,https://www.loetje.nl/,"Wat ooit begon als biljartcafé in Amsterdam, groeide uit tot dé plek voor biefstuk in rijke jus, gastvrijheid en die vertrouwde Loetje-ervaring. Loetje. Gewoon lekker vertrouwd. Sinds 1977.",NL,Utrecht,https://www.loetje.nl/?city=Utrecht&country=NL&utm_source=mealdeals_scraper,2026-08-07T20:58:09.216863+00:00
Loetje Restaurant,,,https://www.loetje.nl/,"Wat ooit begon als biljartcafé in Amsterdam, groeide uit tot dé plek voor biefstuk in rijke jus, gastvrijheid en die vertrouwde Loetje-ervaring. Loetje. Gewoon lekker vertrouwd. Sinds 1977.",NL,Eindhoven,https://www.loetje.nl/?city=Eindhoven&country=NL&utm_source=mealdeals_scraper,2026-08-07T20:58:09.237888+00:00
Loetje Restaurant,,,https://www.loetje.nl/,"Wat ooit begon als biljartcafé in Amsterdam, groeide uit tot dé plek voor biefstuk in rijke jus, gastvrijheid en die vertrouwde Loetje-ervaring. Loetje. Gewoon lekker vertrouwd. Sinds 1977.",NL,Groningen,https://www.loetje.nl/?city=Groningen&country=NL&utm_source=mealdeals_scraper,2026-08-07T20:58:09.258375+00:00
Loetje Restaurant,,,https://www.loetje.nl/,"Wat ooit begon als biljartcafé in Amsterdam, groeide uit tot dé plek voor biefstuk in rijke jus, gastvrijheid en die vertrouwde Loetje-ervaring. Loetje. Gewoon lekker vertrouwd. Sinds 1977.",NL,Tilburg,https://www.loetje.nl/?city=Tilburg&country=NL&utm_source=mealdeals_scraper,2026-08-07T20:58:09.325969+00:00
Starbucks Coffee,,,https://www.starbucks.nl/,,NL,Tilburg,https://www.starbucks.nl/?city=Tilburg&country=NL&utm_source=mealdeals_scraper,2026-08-07T20:58:09.325383+00:00
Starbucks Coffee,,,https://www.starbucks.nl/,,NL,Haarlem,https://www.starbucks.nl/?city=Haarlem&country=NL&utm_source=mealdeals_scraper,2026-08-07T20:58:09.304430+00:00
Starbucks Coffee,,,https://www.starbucks.nl/,,NL,Leiden,https://www.starbucks.nl/?city=Leiden&country=NL&utm_source=mealdeals_scraper,2026-08-07T20:58:09.346495+00:00
Starbucks Coffee,,,https://www.starbucks.nl/,,NL,The Hague,https://www.starbucks.nl/?city=The+Hague&country=NL&utm_source=mealdeals_scraper,2026-08-07T20:58:09.195701+00:00
Starbucks Coffee,,,https://www.starbucks.nl/,,NL,Utrecht,https://www.starbucks.nl/?city=Utrecht&country=NL&utm_source=mealdeals_scraper,2026-08-07T20:58:09.216313+00:00
Starbucks Coffee,,,https://www.starbucks.nl/,,NL,Amsterdam,https://www.starbucks.nl/?city=Amsterdam&country=NL&utm_source=mealdeals_scraper,2026-08-07T20:58:09.152756+00:00
Starbucks Coffee,,,https://www.starbucks.nl/,,NL,Eindhoven,https://www.starbucks.nl/?city=Eindhoven&country=NL&utm_source=mealdeals_scraper,2026-08-07T20:58:09.237351+00:00
Starbucks Coffee,,,https://www.starbucks.nl/,,NL,Maastricht,https://www.starbucks.nl/?city=Maastricht&country=NL&utm_source=mealdeals_scraper,2026-08-07T20:58:09.278516+00:00
Starbucks Coffee,,,https://www.starbucks.nl/,,NL,Rotterdam,https://www.starbucks.nl/?city=Rotterdam&country=NL&utm_source=mealdeals_scraper,2026-08-07T20:58:09.174485+00:00
Starbucks Coffee,,,https://www.starbucks.nl/,,NL,Groningen,https://www.starbucks.nl/?city=Groningen&country=NL&utm_source=mealdeals_scraper,2026-08-07T20:58:09.257823+00:00
Accor Hotels,,,https://all.accor.com/,"Discover exclusive hotel offers, bonus Reward Points, unforgettable experiences and member benefits that elevate every journey with ALL Accor.",NO,Bergen,https://all.accor.com/a/en/offers.html?city=Bergen&country=NO&utm_source=mealdeals_scraper,2026-08-07T20:58:13.811287+00:00
Accor Hotels,,,https://all.accor.com/,"Discover exclusive hotel offers, bonus Reward Points, unforgettable experiences and member benefits that elevate every journey with ALL Accor.",NO,Trondheim,https://all.accor.com/a/en/offers.html?city=Trondheim&country=NO&utm_source=mealdeals_scraper,2026-08-07T20:58:13.834712+00:00
Accor Hotels,,,https://all.accor.com/,"Discover exclusive hotel offers, bonus Reward Points, unforgettable experiences and member benefits that elevate every journey with ALL Accor.",NO,Oslo,https://all.accor.com/a/en/offers.html?city=Oslo&country=NO&utm_source=mealdeals_scraper,2026-08-07T20:58:13.785361+00:00
Hard Rock Cafe,+1-800-201-1949,,https://cafe.hardrock.com/,"Welcome to Hard Rock Cafe, our music themed restaurant, serving up Legendary burgers and more.",NO,Trondheim,https://www.hardrockcafe.com/?city=Trondheim&country=NO&utm_source=mealdeals_scraper,2026-08-07T20:58:13.835154+00:00
Hard Rock Cafe,+1-800-201-1949,,https://cafe.hardrock.com/,"Welcome to Hard Rock Cafe, our music themed restaurant, serving up Legendary burgers and more.",NO,Bergen,https://www.hardrockcafe.com/?city=Bergen&country=NO&utm_source=mealdeals_scraper,2026-08-07T20:58:13.811689+00:00
Hard Rock Cafe,+1-800-201-1949,,https://cafe.hardrock.com/,"Welcome to Hard Rock Cafe, our music themed restaurant, serving up Legendary burgers and more.",NO,Oslo,https://www.hardrockcafe.com/?city=Oslo&country=NO&utm_source=mealdeals_scraper,2026-08-07T20:58:13.785855+00:00
Hilton Hotels,+1-855-672-1138,,https://www.hilton.com/,"Take advantage of hotel offers, unique promotions, and exclusive online specials directly from Hilton Portfolio.",NO,Oslo,https://www.hilton.com/en/offers/?city=Oslo&country=NO&utm_source=mealdeals_scraper,2026-08-07T20:58:13.783335+00:00
Hilton Hotels,+1-855-672-1138,,https://www.hilton.com/,"Take advantage of hotel offers, unique promotions, and exclusive online specials directly from Hilton Portfolio.",NO,Trondheim,https://www.hilton.com/en/offers/?city=Trondheim&country=NO&utm_source=mealdeals_scraper,2026-08-07T20:58:13.832882+00:00
Hilton Hotels,+1-855-672-1138,,https://www.hilton.com/,"Take advantage of hotel offers, unique promotions, and exclusive online specials directly from Hilton Portfolio.",NO,Bergen,https://www.hilton.com/en/offers/?city=Bergen&country=NO&utm_source=mealdeals_scraper,2026-08-07T20:58:13.809526+00:00
Ibis Hotel,,,https://all.accor.com/hotel/ibis/index.en.shtml,,NO,Bergen,https://all.accor.com/hotel/ibis/index.en.shtml?city=Bergen&country=NO&utm_source=mealdeals_scraper,2026-08-07T20:58:13.810018+00:00
Ibis Hotel,,,https://all.accor.com/hotel/ibis/index.en.shtml,,NO,Trondheim,https://all.accor.com/hotel/ibis/index.en.shtml?city=Trondheim&country=NO&utm_source=mealdeals_scraper,2026-08-07T20:58:13.833391+00:00
Ibis Hotel,,,https://all.accor.com/hotel/ibis/index.en.shtml,,NO,Oslo,https://all.accor.com/hotel/ibis/index.en.shtml?city=Oslo&country=NO&utm_source=mealdeals_scraper,2026-08-07T20:58:13.783805+00:00
Local Pub & Grill,,,https://www.tripadvisor.com/Restaurants,,NO,Bergen,https://www.tripadvisor.com/Restaurants?city=Bergen&country=NO&utm_source=mealdeals_scraper,2026-08-07T20:58:13.810885+00:00
Local Pub & Grill,,,https://www.tripadvisor.com/Restaurants,,NO,Trondheim,https://www.tripadvisor.com/Restaurants?city=Trondheim&country=NO&utm_source=mealdeals_scraper,2026-08-07T20:58:13.834294+00:00
Local Pub & Grill,,,https://www.tripadvisor.com/Restaurants,,NO,Oslo,https://www.tripadvisor.com/Restaurants?city=Oslo&country=NO&utm_source=mealdeals_scraper,2026-08-07T20:58:13.784781+00:00
Marriott Hotels,,,https://www.marriott.com/,Make the most of your next stay with hotel deals and promotional travel discounts from Marriott Bonvoy.,NO,Bergen,https://www.marriott.com/offers.mi?city=Bergen&country=NO&utm_source=mealdeals_scraper,2026-08-07T20:58:13.809075+00:00
Marriott Hotels,,,https://www.marriott.com/,Make the most of your next stay with hotel deals and promotional travel discounts from Marriott Bonvoy.,NO,Trondheim,https://www.marriott.com/offers.mi?city=Trondheim&country=NO&utm_source=mealdeals_scraper,2026-08-07T20:58:13.832286+00:00
Marriott Hotels,,,https://www.marriott.com/,Make the most of your next stay with hotel deals and promotional travel discounts from Marriott Bonvoy.,NO,Oslo,https://www.marriott.com/offers.mi?city=Oslo&country=NO&utm_source=mealdeals_scraper,2026-08-07T20:58:13.782804+00:00
Meny,,,https://www.meny.no/,"Handle matvarer på nett og få MENY-kvaliteten, det store utvalget og alle tilbudene levert rett hjem! Se ukens kundeavis med gode tilbud",NO,Bergen,https://www.meny.no/?city=Bergen&country=NO&utm_source=mealdeals_scraper,2026-08-07T20:58:13.808531+00:00
Meny,,,https://www.meny.no/,"Handle matvarer på nett og få MENY-kvaliteten, det store utvalget og alle tilbudene levert rett hjem! Se ukens kundeavis med gode tilbud",NO,Oslo,https://www.meny.no/?city=Oslo&country=NO&utm_source=mealdeals_scraper,2026-08-07T20:58:13.782157+00:00
Meny,,,https://www.meny.no/,"Handle matvarer på nett og få MENY-kvaliteten, det store utvalget og alle tilbudene levert rett hjem! Se ukens kundeavis med gode tilbud",NO,Trondheim,https://www.meny.no/?city=Trondheim&country=NO&utm_source=mealdeals_scraper,2026-08-07T20:58:13.831675+00:00
Rema 1000 NO,,,https://www.rema.no/,"Velkommen til REMA 1000. Her finner du åpningstider til alle våre butikker, ukens tilbud og oppskrifter til både hverdag og helg.",NO,Oslo,https://www.rema.no/?city=Oslo&country=NO&utm_source=mealdeals_scraper,2026-08-07T20:58:13.781412+00:00
Rema 1000 NO,,,https://www.rema.no/,"Velkommen til REMA 1000. Her finner du åpningstider til alle våre butikker, ukens tilbud og oppskrifter til både hverdag og helg.",NO,Trondheim,https://www.rema.no/?city=Trondheim&country=NO&utm_source=mealdeals_scraper,2026-08-07T20:58:13.831008+00:00
Rema 1000 NO,,,https://www.rema.no/,"Velkommen til REMA 1000. Her finner du åpningstider til alle våre butikker, ukens tilbud og oppskrifter til både hverdag og helg.",NO,Bergen,https://www.rema.no/?city=Bergen&country=NO&utm_source=mealdeals_scraper,2026-08-07T20:58:13.807878+00:00
Starbucks Coffee,,,https://www.starbucks.com/,,NO,Trondheim,https://www.starbucks.com/menu?city=Trondheim&country=NO&utm_source=mealdeals_scraper,2026-08-07T20:58:13.833865+00:00
Starbucks Coffee,,,https://www.starbucks.com/,,NO,Bergen,https://www.starbucks.com/menu?city=Bergen&country=NO&utm_source=mealdeals_scraper,2026-08-07T20:58:13.810456+00:00
Starbucks Coffee,,,https://www.starbucks.com/,,NO,Oslo,https://www.starbucks.com/menu?city=Oslo&country=NO&utm_source=mealdeals_scraper,2026-08-07T20:58:13.784242+00:00
Accor Hotels,,,https://all.accor.com/,"Discover exclusive hotel offers, bonus Reward Points, unforgettable experiences and member benefits that elevate every journey with ALL Accor.",NR,Yaren,https://all.accor.com/a/en/offers.html?city=Yaren&country=NR&utm_source=mealdeals_scraper,2026-08-07T20:58:13.858290+00:00
Capelle & Partner,+674 557 1000,cpadmin@capelle.com.nr,https://www.capelle.com.nr,,NR,Yaren,https://www.capelle.com.nr/?city=Yaren&country=NR&utm_source=mealdeals_scraper,2026-08-07T20:58:13.854706+00:00
Hilton Hotels,+1-855-672-1138,,https://www.hilton.com/,"Take advantage of hotel offers, unique promotions, and exclusive online specials directly from Hilton Portfolio.",NR,Yaren,https://www.hilton.com/en/offers/?city=Yaren&country=NR&utm_source=mealdeals_scraper,2026-08-07T20:58:13.856492+00:00
Ibis Hotel,,,https://all.accor.com/hotel/ibis/index.en.shtml,,NR,Yaren,https://all.accor.com/hotel/ibis/index.en.shtml?city=Yaren&country=NR&utm_source=mealdeals_scraper,2026-08-07T20:58:13.856959+00:00
Local Pub & Grill,,,https://www.tripadvisor.com/Restaurants,,NR,Yaren,https://www.tripadvisor.com/Restaurants?city=Yaren&country=NR&utm_source=mealdeals_scraper,2026-08-07T20:58:13.857813+00:00
Marriott Hotels,,,https://www.marriott.com/,Make the most of your next stay with hotel deals and promotional travel discounts from Marriott Bonvoy.,NR,Yaren,https://www.marriott.com/offers.mi?city=Yaren&country=NR&utm_source=mealdeals_scraper,2026-08-07T20:58:13.855944+00:00
Nauru Superstore,,,https://www.naurusuperstore.nr/,,NR,Yaren,https://www.naurusuperstore.nr/?city=Yaren&country=NR&utm_source=mealdeals_scraper,2026-08-07T20:58:13.855353+00:00
Starbucks Coffee,,,https://www.starbucks.com/,,NR,Yaren,https://www.starbucks.com/menu?city=Yaren&country=NR&utm_source=mealdeals_scraper,2026-08-07T20:58:13.857382+00:00
The Coffee Club Cafe,,,https://www.coffeeclub.com.au/,ABOUT US,NR,Yaren,https://www.coffeeclub.com.au/?city=Yaren&country=NR&utm_source=mealdeals_scraper,2026-08-07T20:58:13.858702+00:00
Accor Hotels,,,https://all.accor.com/,"Discover exclusive hotel offers, bonus Reward Points, unforgettable experiences and member benefits that elevate every journey with ALL Accor.",NZ,Tauranga,https://all.accor.com/a/en/offers.html?city=Tauranga&country=NZ&utm_source=mealdeals_scraper,2026-08-07T20:58:08.519319+00:00
Accor Hotels,,,https://all.accor.com/,"Discover exclusive hotel offers, bonus Reward Points, unforgettable experiences and member benefits that elevate every journey with ALL Accor.",NZ,Napier,https://all.accor.com/a/en/offers.html?city=Napier&country=NZ&utm_source=mealdeals_scraper,2026-08-07T20:58:08.623189+00:00
Accor Hotels,,,https://all.accor.com/,"Discover exclusive hotel offers, bonus Reward Points, unforgettable experiences and member benefits that elevate every journey with ALL Accor.",NZ,Wellington,https://all.accor.com/a/en/offers.html?city=Wellington&country=NZ&utm_source=mealdeals_scraper,2026-08-07T20:58:08.440760+00:00
Accor Hotels,,,https://all.accor.com/,"Discover exclusive hotel offers, bonus Reward Points, unforgettable experiences and member benefits that elevate every journey with ALL Accor.",NZ,Christchurch,https://all.accor.com/a/en/offers.html?city=Christchurch&country=NZ&utm_source=mealdeals_scraper,2026-08-07T20:58:08.466462+00:00
Accor Hotels,,,https://all.accor.com/,"Discover exclusive hotel offers, bonus Reward Points, unforgettable experiences and member benefits that elevate every journey with ALL Accor.",NZ,Queenstown,https://all.accor.com/a/en/offers.html?city=Queenstown&country=NZ&utm_source=mealdeals_scraper,2026-08-07T20:58:08.571278+00:00
Accor Hotels,,,https://all.accor.com/,"Discover exclusive hotel offers, bonus Reward Points, unforgettable experiences and member benefits that elevate every journey with ALL Accor.",NZ,Hamilton,https://all.accor.com/a/en/offers.html?city=Hamilton&country=NZ&utm_source=mealdeals_scraper,2026-08-07T20:58:08.492674+00:00
Accor Hotels,,,https://all.accor.com/,"Discover exclusive hotel offers, bonus Reward Points, unforgettable experiences and member benefits that elevate every journey with ALL Accor.",NZ,Auckland,https://all.accor.com/a/en/offers.html?city=Auckland&country=NZ&utm_source=mealdeals_scraper,2026-08-07T20:58:08.414208+00:00
Accor Hotels,,,https://all.accor.com/,"Discover exclusive hotel offers, bonus Reward Points, unforgettable experiences and member benefits that elevate every journey with ALL Accor.",NZ,Palmerston North,https://all.accor.com/a/en/offers.html?city=Palmerston+North&country=NZ&utm_source=mealdeals_scraper,2026-08-07T20:58:08.597386+00:00
Accor Hotels,,,https://all.accor.com/,"Discover exclusive hotel offers, bonus Reward Points, unforgettable experiences and member benefits that elevate every journey with ALL Accor.",NZ,Dunedin,https://all.accor.com/a/en/offers.html?city=Dunedin&country=NZ&utm_source=mealdeals_scraper,2026-08-07T20:58:08.545390+00:00
Accor Hotels,,,https://all.accor.com/,"Discover exclusive hotel offers, bonus Reward Points, unforgettable experiences and member benefits that elevate every journey with ALL Accor.",NZ,Nelson,https://all.accor.com/a/en/offers.html?city=Nelson&country=NZ&utm_source=mealdeals_scraper,2026-08-07T20:58:08.649303+00:00
BurgerFuel Restaurant,,,https://www.burgerfuel.com/nz/menu,,NZ,Palmerston North,https://www.burgerfuel.com/nz/menu?city=Palmerston+North&country=NZ&utm_source=mealdeals_scraper,2026-08-07T20:58:08.598342+00:00
BurgerFuel Restaurant,,,https://www.burgerfuel.com/nz/menu,,NZ,Nelson,https://www.burgerfuel.com/nz/menu?city=Nelson&country=NZ&utm_source=mealdeals_scraper,2026-08-07T20:58:08.650217+00:00
BurgerFuel Restaurant,,,https://www.burgerfuel.com/nz/menu,,NZ,Christchurch,https://www.burgerfuel.com/nz/menu?city=Christchurch&country=NZ&utm_source=mealdeals_scraper,2026-08-07T20:58:08.467534+00:00
BurgerFuel Restaurant,,,https://www.burgerfuel.com/nz/menu,,NZ,Auckland,https://www.burgerfuel.com/nz/menu?city=Auckland&country=NZ&utm_source=mealdeals_scraper,2026-08-07T20:58:08.415347+00:00
BurgerFuel Restaurant,,,https://www.burgerfuel.com/nz/menu,,NZ,Tauranga,https://www.burgerfuel.com/nz/menu?city=Tauranga&country=NZ&utm_source=mealdeals_scraper,2026-08-07T20:58:08.520292+00:00
BurgerFuel Restaurant,,,https://www.burgerfuel.com/nz/menu,,NZ,Hamilton,https://www.burgerfuel.com/nz/menu?city=Hamilton&country=NZ&utm_source=mealdeals_scraper,2026-08-07T20:58:08.493832+00:00
BurgerFuel Restaurant,,,https://www.burgerfuel.com/nz/menu,,NZ,Napier,https://www.burgerfuel.com/nz/menu?city=Napier&country=NZ&utm_source=mealdeals_scraper,2026-08-07T20:58:08.624333+00:00
BurgerFuel Restaurant,,,https://www.burgerfuel.com/nz/menu,,NZ,Wellington,https://www.burgerfuel.com/nz/menu?city=Wellington&country=NZ&utm_source=mealdeals_scraper,2026-08-07T20:58:08.441679+00:00
BurgerFuel Restaurant,,,https://www.burgerfuel.com/nz/menu,,NZ,Dunedin,https://www.burgerfuel.com/nz/menu?city=Dunedin&country=NZ&utm_source=mealdeals_scraper,2026-08-07T20:58:08.546466+00:00
BurgerFuel Restaurant,,,https://www.burgerfuel.com/nz/menu,,NZ,Queenstown,https://www.burgerfuel.com/nz/menu?city=Queenstown&country=NZ&utm_source=mealdeals_scraper,2026-08-07T20:58:08.572393+00:00
Cloudy Bay Winery,,,https://www.cloudybay.com/,"Cloudy Bay put New Zealand wine on the map. Discover our story, shop wines online and learn more about our cellar doors in Marlborough and Central Otago.",NZ,Nelson,https://www.cloudybay.com/?city=Nelson&country=NZ&utm_source=mealdeals_scraper,2026-08-07T20:58:08.651675+00:00
Cloudy Bay Winery,,,https://www.cloudybay.com/,"Cloudy Bay put New Zealand wine on the map. Discover our story, shop wines online and learn more about our cellar doors in Marlborough and Central Otago.",NZ,Dunedin,https://www.cloudybay.com/?city=Dunedin&country=NZ&utm_source=mealdeals_scraper,2026-08-07T20:58:08.547775+00:00
Cloudy Bay Winery,,,https://www.cloudybay.com/,"Cloudy Bay put New Zealand wine on the map. Discover our story, shop wines online and learn more about our cellar doors in Marlborough and Central Otago.",NZ,Tauranga,https://www.cloudybay.com/?city=Tauranga&country=NZ&utm_source=mealdeals_scraper,2026-08-07T20:58:08.521612+00:00
Cloudy Bay Winery,,,https://www.cloudybay.com/,"Cloudy Bay put New Zealand wine on the map. Discover our story, shop wines online and learn more about our cellar doors in Marlborough and Central Otago.",NZ,Queenstown,https://www.cloudybay.com/?city=Queenstown&country=NZ&utm_source=mealdeals_scraper,2026-08-07T20:58:08.574085+00:00
Cloudy Bay Winery,,,https://www.cloudybay.com/,"Cloudy Bay put New Zealand wine on the map. Discover our story, shop wines online and learn more about our cellar doors in Marlborough and Central Otago.",NZ,Napier,https://www.cloudybay.com/?city=Napier&country=NZ&utm_source=mealdeals_scraper,2026-08-07T20:58:08.625815+00:00
Cloudy Bay Winery,,,https://www.cloudybay.com/,"Cloudy Bay put New Zealand wine on the map. Discover our story, shop wines online and learn more about our cellar doors in Marlborough and Central Otago.",NZ,Wellington,https://www.cloudybay.com/?city=Wellington&country=NZ&utm_source=mealdeals_scraper,2026-08-07T20:58:08.442932+00:00
Cloudy Bay Winery,,,https://www.cloudybay.com/,"Cloudy Bay put New Zealand wine on the map. Discover our story, shop wines online and learn more about our cellar doors in Marlborough and Central Otago.",NZ,Auckland,https://www.cloudybay.com/?city=Auckland&country=NZ&utm_source=mealdeals_scraper,2026-08-07T20:58:08.416796+00:00
Cloudy Bay Winery,,,https://www.cloudybay.com/,"Cloudy Bay put New Zealand wine on the map. Discover our story, shop wines online and learn more about our cellar doors in Marlborough and Central Otago.",NZ,Palmerston North,https://www.cloudybay.com/?city=Palmerston+North&country=NZ&utm_source=mealdeals_scraper,2026-08-07T20:58:08.599612+00:00
Cloudy Bay Winery,,,https://www.cloudybay.com/,"Cloudy Bay put New Zealand wine on the map. Discover our story, shop wines online and learn more about our cellar doors in Marlborough and Central Otago.",NZ,Christchurch,https://www.cloudybay.com/?city=Christchurch&country=NZ&utm_source=mealdeals_scraper,2026-08-07T20:58:08.468861+00:00
Cloudy Bay Winery,,,https://www.cloudybay.com/,"Cloudy Bay put New Zealand wine on the map. Discover our story, shop wines online and learn more about our cellar doors in Marlborough and Central Otago.",NZ,Hamilton,https://www.cloudybay.com/?city=Hamilton&country=NZ&utm_source=mealdeals_scraper,2026-08-07T20:58:08.495464+00:00
Countdown,,,https://www.woolworths.co.nz/shop/specials,,NZ,Tauranga,https://www.woolworths.co.nz/shop/specials?city=Tauranga&country=NZ&utm_source=mealdeals_scraper,2026-08-07T20:58:08.518071+00:00
Countdown,,,https://www.woolworths.co.nz/shop/specials,,NZ,Christchurch,https://www.woolworths.co.nz/shop/specials?city=Christchurch&country=NZ&utm_source=mealdeals_scraper,2026-08-07T20:58:08.465260+00:00
Countdown,,,https://www.woolworths.co.nz/shop/specials,,NZ,Hamilton,https://www.woolworths.co.nz/shop/specials?city=Hamilton&country=NZ&utm_source=mealdeals_scraper,2026-08-07T20:58:08.491377+00:00
Countdown,,,https://www.woolworths.co.nz/shop/specials,,NZ,Queenstown,https://www.woolworths.co.nz/shop/specials?city=Queenstown&country=NZ&utm_source=mealdeals_scraper,2026-08-07T20:58:08.570086+00:00
Countdown,,,https://www.woolworths.co.nz/shop/specials,,NZ,Dunedin,https://www.woolworths.co.nz/shop/specials?city=Dunedin&country=NZ&utm_source=mealdeals_scraper,2026-08-07T20:58:08.544090+00:00
Countdown,,,https://www.woolworths.co.nz/shop/specials,,NZ,Nelson,https://www.woolworths.co.nz/shop/specials?city=Nelson&country=NZ&utm_source=mealdeals_scraper,2026-08-07T20:58:08.648254+00:00
Countdown,,,https://www.woolworths.co.nz/shop/specials,,NZ,Napier,https://www.woolworths.co.nz/shop/specials?city=Napier&country=NZ&utm_source=mealdeals_scraper,2026-08-07T20:58:08.621988+00:00
Countdown,,,https://www.woolworths.co.nz/shop/specials,,NZ,Palmerston North,https://www.woolworths.co.nz/shop/specials?city=Palmerston+North&country=NZ&utm_source=mealdeals_scraper,2026-08-07T20:58:08.596205+00:00
Countdown,,,https://www.woolworths.co.nz/shop/specials,,NZ,Auckland,https://www.woolworths.co.nz/shop/specials?city=Auckland&country=NZ&utm_source=mealdeals_scraper,2026-08-07T20:58:08.412988+00:00
Countdown,,,https://www.woolworths.co.nz/shop/specials,,NZ,Wellington,https://www.woolworths.co.nz/shop/specials?city=Wellington&country=NZ&utm_source=mealdeals_scraper,2026-08-07T20:58:08.439686+00:00
Hell Pizza,,,https://www.hellpizza.com/,"Hell Pizza - The best damned pizza in this life or the next, with options to cater for any sin.",NZ,Tauranga,https://www.hellpizza.com/?city=Tauranga&country=NZ&utm_source=mealdeals_scraper,2026-08-07T20:58:08.521201+00:00
Hell Pizza,,,https://www.hellpizza.com/,"Hell Pizza - The best damned pizza in this life or the next, with options to cater for any sin.",NZ,Christchurch,https://www.hellpizza.com/?city=Christchurch&country=NZ&utm_source=mealdeals_scraper,2026-08-07T20:58:08.468429+00:00
Hell Pizza,,,https://www.hellpizza.com/,"Hell Pizza - The best damned pizza in this life or the next, with options to cater for any sin.",NZ,Palmerston North,https://www.hellpizza.com/?city=Palmerston+North&country=NZ&utm_source=mealdeals_scraper,2026-08-07T20:58:08.599211+00:00
Hell Pizza,,,https://www.hellpizza.com/,"Hell Pizza - The best damned pizza in this life or the next, with options to cater for any sin.",NZ,Wellington,https://www.hellpizza.com/?city=Wellington&country=NZ&utm_source=mealdeals_scraper,2026-08-07T20:58:08.442511+00:00
Hell Pizza,,,https://www.hellpizza.com/,"Hell Pizza - The best damned pizza in this life or the next, with options to cater for any sin.",NZ,Dunedin,https://www.hellpizza.com/?city=Dunedin&country=NZ&utm_source=mealdeals_scraper,2026-08-07T20:58:08.547341+00:00
Hell Pizza,,,https://www.hellpizza.com/,"Hell Pizza - The best damned pizza in this life or the next, with options to cater for any sin.",NZ,Hamilton,https://www.hellpizza.com/?city=Hamilton&country=NZ&utm_source=mealdeals_scraper,2026-08-07T20:58:08.494996+00:00
Hell Pizza,,,https://www.hellpizza.com/,"Hell Pizza - The best damned pizza in this life or the next, with options to cater for any sin.",NZ,Queenstown,https://www.hellpizza.com/?city=Queenstown&country=NZ&utm_source=mealdeals_scraper,2026-08-07T20:58:08.573508+00:00
Hell Pizza,,,https://www.hellpizza.com/,"Hell Pizza - The best damned pizza in this life or the next, with options to cater for any sin.",NZ,Nelson,https://www.hellpizza.com/?city=Nelson&country=NZ&utm_source=mealdeals_scraper,2026-08-07T20:58:08.651189+00:00
Hell Pizza,,,https://www.hellpizza.com/,"Hell Pizza - The best damned pizza in this life or the next, with options to cater for any sin.",NZ,Napier,https://www.hellpizza.com/?city=Napier&country=NZ&utm_source=mealdeals_scraper,2026-08-07T20:58:08.625353+00:00
Hell Pizza,,,https://www.hellpizza.com/,"Hell Pizza - The best damned pizza in this life or the next, with options to cater for any sin.",NZ,Auckland,https://www.hellpizza.com/?city=Auckland&country=NZ&utm_source=mealdeals_scraper,2026-08-07T20:58:08.416351+00:00
Hilton Hotels,+1-855-672-1138,,https://www.hilton.com/,"Take advantage of hotel offers, unique promotions, and exclusive online specials directly from Hilton Portfolio.",NZ,Tauranga,https://www.hilton.com/en/offers/?city=Tauranga&country=NZ&utm_source=mealdeals_scraper,2026-08-07T20:58:08.519843+00:00
Hilton Hotels,+1-855-672-1138,,https://www.hilton.com/,"Take advantage of hotel offers, unique promotions, and exclusive online specials directly from Hilton Portfolio.",NZ,Hamilton,https://www.hilton.com/en/offers/?city=Hamilton&country=NZ&utm_source=mealdeals_scraper,2026-08-07T20:58:08.493254+00:00
Hilton Hotels,+1-855-672-1138,,https://www.hilton.com/,"Take advantage of hotel offers, unique promotions, and exclusive online specials directly from Hilton Portfolio.",NZ,Napier,https://www.hilton.com/en/offers/?city=Napier&country=NZ&utm_source=mealdeals_scraper,2026-08-07T20:58:08.623765+00:00
Hilton Hotels,+1-855-672-1138,,https://www.hilton.com/,"Take advantage of hotel offers, unique promotions, and exclusive online specials directly from Hilton Portfolio.",NZ,Nelson,https://www.hilton.com/en/offers/?city=Nelson&country=NZ&utm_source=mealdeals_scraper,2026-08-07T20:58:08.649774+00:00
Hilton Hotels,+1-855-672-1138,,https://www.hilton.com/,"Take advantage of hotel offers, unique promotions, and exclusive online specials directly from Hilton Portfolio.",NZ,Christchurch,https://www.hilton.com/en/offers/?city=Christchurch&country=NZ&utm_source=mealdeals_scraper,2026-08-07T20:58:08.467027+00:00
Hilton Hotels,+1-855-672-1138,,https://www.hilton.com/,"Take advantage of hotel offers, unique promotions, and exclusive online specials directly from Hilton Portfolio.",NZ,Auckland,https://www.hilton.com/en/offers/?city=Auckland&country=NZ&utm_source=mealdeals_scraper,2026-08-07T20:58:08.414793+00:00
Hilton Hotels,+1-855-672-1138,,https://www.hilton.com/,"Take advantage of hotel offers, unique promotions, and exclusive online specials directly from Hilton Portfolio.",NZ,Wellington,https://www.hilton.com/en/offers/?city=Wellington&country=NZ&utm_source=mealdeals_scraper,2026-08-07T20:58:08.441217+00:00
Hilton Hotels,+1-855-672-1138,,https://www.hilton.com/,"Take advantage of hotel offers, unique promotions, and exclusive online specials directly from Hilton Portfolio.",NZ,Queenstown,https://www.hilton.com/en/offers/?city=Queenstown&country=NZ&utm_source=mealdeals_scraper,2026-08-07T20:58:08.571844+00:00
Hilton Hotels,+1-855-672-1138,,https://www.hilton.com/,"Take advantage of hotel offers, unique promotions, and exclusive online specials directly from Hilton Portfolio.",NZ,Dunedin,https://www.hilton.com/en/offers/?city=Dunedin&country=NZ&utm_source=mealdeals_scraper,2026-08-07T20:58:08.545972+00:00
Hilton Hotels,+1-855-672-1138,,https://www.hilton.com/,"Take advantage of hotel offers, unique promotions, and exclusive online specials directly from Hilton Portfolio.",NZ,Palmerston North,https://www.hilton.com/en/offers/?city=Palmerston+North&country=NZ&utm_source=mealdeals_scraper,2026-08-07T20:58:08.597861+00:00
Mission Estate Winery,+6468459354,,https://www.missionestate.co.nz,About us,NZ,Wellington,https://www.missionestate.co.nz/?city=Wellington&country=NZ&utm_source=mealdeals_scraper,2026-08-07T20:58:08.443332+00:00
Mission Estate Winery,+6468459354,,https://www.missionestate.co.nz,About us,NZ,Christchurch,https://www.missionestate.co.nz/?city=Christchurch&country=NZ&utm_source=mealdeals_scraper,2026-08-07T20:58:08.469266+00:00
Mission Estate Winery,+6468459354,,https://www.missionestate.co.nz,About us,NZ,Hamilton,https://www.missionestate.co.nz/?city=Hamilton&country=NZ&utm_source=mealdeals_scraper,2026-08-07T20:58:08.495924+00:00
Mission Estate Winery,+6468459354,,https://www.missionestate.co.nz,About us,NZ,Tauranga,https://www.missionestate.co.nz/?city=Tauranga&country=NZ&utm_source=mealdeals_scraper,2026-08-07T20:58:08.522042+00:00
Mission Estate Winery,+6468459354,,https://www.missionestate.co.nz,About us,NZ,Dunedin,https://www.missionestate.co.nz/?city=Dunedin&country=NZ&utm_source=mealdeals_scraper,2026-08-07T20:58:08.548253+00:00
Mission Estate Winery,+6468459354,,https://www.missionestate.co.nz,About us,NZ,Queenstown,https://www.missionestate.co.nz/?city=Queenstown&country=NZ&utm_source=mealdeals_scraper,2026-08-07T20:58:08.574557+00:00
Mission Estate Winery,+6468459354,,https://www.missionestate.co.nz,About us,NZ,Palmerston North,https://www.missionestate.co.nz/?city=Palmerston+North&country=NZ&utm_source=mealdeals_scraper,2026-08-07T20:58:08.600041+00:00
Mission Estate Winery,+6468459354,,https://www.missionestate.co.nz,About us,NZ,Napier,https://www.missionestate.co.nz/?city=Napier&country=NZ&utm_source=mealdeals_scraper,2026-08-07T20:58:08.626312+00:00
Mission Estate Winery,+6468459354,,https://www.missionestate.co.nz,About us,NZ,Nelson,https://www.missionestate.co.nz/?city=Nelson&country=NZ&utm_source=mealdeals_scraper,2026-08-07T20:58:08.652136+00:00
Mission Estate Winery,+6468459354,,https://www.missionestate.co.nz,About us,NZ,Auckland,https://www.missionestate.co.nz/?city=Auckland&country=NZ&utm_source=mealdeals_scraper,2026-08-07T20:58:08.417230+00:00
New World,,,https://www.newworld.co.nz/,"Plan your shop with our online mailer. Find this week's specials and promotions and what's new in store. There’s always a way to save every day at New World, so look for big discounts with Super Saver, special discounts for Clubcard members with Club Deals, plus Everyday Low…",NZ,Palmerston North,https://www.newworld.co.nz/specials?city=Palmerston+North&country=NZ&utm_source=mealdeals_scraper,2026-08-07T20:58:08.596833+00:00
New World,,,https://www.newworld.co.nz/,"Plan your shop with our online mailer. Find this week's specials and promotions and what's new in store. There’s always a way to save every day at New World, so look for big discounts with Super Saver, special discounts for Clubcard members with Club Deals, plus Everyday Low…",NZ,Napier,https://www.newworld.co.nz/specials?city=Napier&country=NZ&utm_source=mealdeals_scraper,2026-08-07T20:58:08.622611+00:00
New World,,,https://www.newworld.co.nz/,"Plan your shop with our online mailer. Find this week's specials and promotions and what's new in store. There’s always a way to save every day at New World, so look for big discounts with Super Saver, special discounts for Clubcard members with Club Deals, plus Everyday Low…",NZ,Queenstown,https://www.newworld.co.nz/specials?city=Queenstown&country=NZ&utm_source=mealdeals_scraper,2026-08-07T20:58:08.570700+00:00
New World,,,https://www.newworld.co.nz/,"Plan your shop with our online mailer. Find this week's specials and promotions and what's new in store. There’s always a way to save every day at New World, so look for big discounts with Super Saver, special discounts for Clubcard members with Club Deals, plus Everyday Low…",NZ,Nelson,https://www.newworld.co.nz/specials?city=Nelson&country=NZ&utm_source=mealdeals_scraper,2026-08-07T20:58:08.648836+00:00
New World,,,https://www.newworld.co.nz/,"Plan your shop with our online mailer. Find this week's specials and promotions and what's new in store. There’s always a way to save every day at New World, so look for big discounts with Super Saver, special discounts for Clubcard members with Club Deals, plus Everyday Low…",NZ,Hamilton,https://www.newworld.co.nz/specials?city=Hamilton&country=NZ&utm_source=mealdeals_scraper,2026-08-07T20:58:08.492040+00:00
New World,,,https://www.newworld.co.nz/,"Plan your shop with our online mailer. Find this week's specials and promotions and what's new in store. There’s always a way to save every day at New World, so look for big discounts with Super Saver, special discounts for Clubcard members with Club Deals, plus Everyday Low…",NZ,Auckland,https://www.newworld.co.nz/specials?city=Auckland&country=NZ&utm_source=mealdeals_scraper,2026-08-07T20:58:08.413607+00:00
New World,,,https://www.newworld.co.nz/,"Plan your shop with our online mailer. Find this week's specials and promotions and what's new in store. There’s always a way to save every day at New World, so look for big discounts with Super Saver, special discounts for Clubcard members with Club Deals, plus Everyday Low…",NZ,Christchurch,https://www.newworld.co.nz/specials?city=Christchurch&country=NZ&utm_source=mealdeals_scraper,2026-08-07T20:58:08.465896+00:00
New World,,,https://www.newworld.co.nz/,"Plan your shop with our online mailer. Find this week's specials and promotions and what's new in store. There’s always a way to save every day at New World, so look for big discounts with Super Saver, special discounts for Clubcard members with Club Deals, plus Everyday Low…",NZ,Wellington,https://www.newworld.co.nz/specials?city=Wellington&country=NZ&utm_source=mealdeals_scraper,2026-08-07T20:58:08.440260+00:00
New World,,,https://www.newworld.co.nz/,"Plan your shop with our online mailer. Find this week's specials and promotions and what's new in store. There’s always a way to save every day at New World, so look for big discounts with Super Saver, special discounts for Clubcard members with Club Deals, plus Everyday Low…",NZ,Dunedin,https://www.newworld.co.nz/specials?city=Dunedin&country=NZ&utm_source=mealdeals_scraper,2026-08-07T20:58:08.544730+00:00
New World,,,https://www.newworld.co.nz/,"Plan your shop with our online mailer. Find this week's specials and promotions and what's new in store. There’s always a way to save every day at New World, so look for big discounts with Super Saver, special discounts for Clubcard members with Club Deals, plus Everyday Low…",NZ,Tauranga,https://www.newworld.co.nz/specials?city=Tauranga&country=NZ&utm_source=mealdeals_scraper,2026-08-07T20:58:08.518685+00:00
Starbucks Coffee,,,https://www.starbucks.co.nz/,,NZ,Christchurch,https://www.starbucks.co.nz/?city=Christchurch&country=NZ&utm_source=mealdeals_scraper,2026-08-07T20:58:08.468013+00:00
Starbucks Coffee,,,https://www.starbucks.co.nz/,,NZ,Tauranga,https://www.starbucks.co.nz/?city=Tauranga&country=NZ&utm_source=mealdeals_scraper,2026-08-07T20:58:08.520764+00:00
Starbucks Coffee,,,https://www.starbucks.co.nz/,,NZ,Hamilton,https://www.starbucks.co.nz/?city=Hamilton&country=NZ&utm_source=mealdeals_scraper,2026-08-07T20:58:08.494394+00:00
Starbucks Coffee,,,https://www.starbucks.co.nz/,,NZ,Dunedin,https://www.starbucks.co.nz/?city=Dunedin&country=NZ&utm_source=mealdeals_scraper,2026-08-07T20:58:08.546924+00:00
Starbucks Coffee,,,https://www.starbucks.co.nz/,,NZ,Nelson,https://www.starbucks.co.nz/?city=Nelson&country=NZ&utm_source=mealdeals_scraper,2026-08-07T20:58:08.650620+00:00
Starbucks Coffee,,,https://www.starbucks.co.nz/,,NZ,Queenstown,https://www.starbucks.co.nz/?city=Queenstown&country=NZ&utm_source=mealdeals_scraper,2026-08-07T20:58:08.572952+00:00
Starbucks Coffee,,,https://www.starbucks.co.nz/,,NZ,Auckland,https://www.starbucks.co.nz/?city=Auckland&country=NZ&utm_source=mealdeals_scraper,2026-08-07T20:58:08.415901+00:00
Starbucks Coffee,,,https://www.starbucks.co.nz/,,NZ,Napier,https://www.starbucks.co.nz/?city=Napier&country=NZ&utm_source=mealdeals_scraper,2026-08-07T20:58:08.624893+00:00
Starbucks Coffee,,,https://www.starbucks.co.nz/,,NZ,Palmerston North,https://www.starbucks.co.nz/?city=Palmerston+North&country=NZ&utm_source=mealdeals_scraper,2026-08-07T20:58:08.598785+00:00
Starbucks Coffee,,,https://www.starbucks.co.nz/,,NZ,Wellington,https://www.starbucks.co.nz/?city=Wellington&country=NZ&utm_source=mealdeals_scraper,2026-08-07T20:58:08.442111+00:00
Villa Maria Winery,,,https://www.villamaria.co.nz/,About Us Our History Sustainability Visit Us Contact Us Careers Indevin Group News,NZ,Palmerston North,https://www.villamaria.co.nz/?city=Palmerston+North&country=NZ&utm_source=mealdeals_scraper,2026-08-07T20:58:08.600436+00:00
Villa Maria Winery,,,https://www.villamaria.co.nz/,About Us Our History Sustainability Visit Us Contact Us Careers Indevin Group News,NZ,Wellington,https://www.villamaria.co.nz/?city=Wellington&country=NZ&utm_source=mealdeals_scraper,2026-08-07T20:58:08.443794+00:00
Villa Maria Winery,,,https://www.villamaria.co.nz/,About Us Our History Sustainability Visit Us Contact Us Careers Indevin Group News,NZ,Christchurch,https://www.villamaria.co.nz/?city=Christchurch&country=NZ&utm_source=mealdeals_scraper,2026-08-07T20:58:08.469654+00:00
Villa Maria Winery,,,https://www.villamaria.co.nz/,About Us Our History Sustainability Visit Us Contact Us Careers Indevin Group News,NZ,Hamilton,https://www.villamaria.co.nz/?city=Hamilton&country=NZ&utm_source=mealdeals_scraper,2026-08-07T20:58:08.496344+00:00
Villa Maria Winery,,,https://www.villamaria.co.nz/,About Us Our History Sustainability Visit Us Contact Us Careers Indevin Group News,NZ,Tauranga,https://www.villamaria.co.nz/?city=Tauranga&country=NZ&utm_source=mealdeals_scraper,2026-08-07T20:58:08.522437+00:00
Villa Maria Winery,,,https://www.villamaria.co.nz/,About Us Our History Sustainability Visit Us Contact Us Careers Indevin Group News,NZ,Dunedin,https://www.villamaria.co.nz/?city=Dunedin&country=NZ&utm_source=mealdeals_scraper,2026-08-07T20:58:08.548649+00:00
Villa Maria Winery,,,https://www.villamaria.co.nz/,About Us Our History Sustainability Visit Us Contact Us Careers Indevin Group News,NZ,Napier,https://www.villamaria.co.nz/?city=Napier&country=NZ&utm_source=mealdeals_scraper,2026-08-07T20:58:08.626744+00:00
Villa Maria Winery,,,https://www.villamaria.co.nz/,About Us Our History Sustainability Visit Us Contact Us Careers Indevin Group News,NZ,Auckland,https://www.villamaria.co.nz/?city=Auckland&country=NZ&utm_source=mealdeals_scraper,2026-08-07T20:58:08.417650+00:00
Villa Maria Winery,,,https://www.villamaria.co.nz/,About Us Our History Sustainability Visit Us Contact Us Careers Indevin Group News,NZ,Queenstown,https://www.villamaria.co.nz/?city=Queenstown&country=NZ&utm_source=mealdeals_scraper,2026-08-07T20:58:08.575027+00:00
Villa Maria Winery,,,https://www.villamaria.co.nz/,About Us Our History Sustainability Visit Us Contact Us Careers Indevin Group News,NZ,Nelson,https://www.villamaria.co.nz/?city=Nelson&country=NZ&utm_source=mealdeals_scraper,2026-08-07T20:58:08.652575+00:00
Accor Hotels,,,https://all.accor.com/,"Discover exclusive hotel offers, bonus Reward Points, unforgettable experiences and member benefits that elevate every journey with ALL Accor.",PG,Port Moresby,https://all.accor.com/a/en/offers.html?city=Port+Moresby&country=PG&utm_source=mealdeals_scraper,2026-08-07T20:58:13.882245+00:00
Accor Hotels,,,https://all.accor.com/,"Discover exclusive hotel offers, bonus Reward Points, unforgettable experiences and member benefits that elevate every journey with ALL Accor.",PG,Lae,https://all.accor.com/a/en/offers.html?city=Lae&country=PG&utm_source=mealdeals_scraper,2026-08-07T20:58:13.906149+00:00
Hilton Hotels,+1-855-672-1138,,https://www.hilton.com/,"Take advantage of hotel offers, unique promotions, and exclusive online specials directly from Hilton Portfolio.",PG,Lae,https://www.hilton.com/en/offers/?city=Lae&country=PG&utm_source=mealdeals_scraper,2026-08-07T20:58:13.904450+00:00
Hilton Hotels,+1-855-672-1138,,https://www.hilton.com/,"Take advantage of hotel offers, unique promotions, and exclusive online specials directly from Hilton Portfolio.",PG,Port Moresby,https://www.hilton.com/en/offers/?city=Port+Moresby&country=PG&utm_source=mealdeals_scraper,2026-08-07T20:58:13.880417+00:00
Ibis Hotel,,,https://all.accor.com/hotel/ibis/index.en.shtml,,PG,Lae,https://all.accor.com/hotel/ibis/index.en.shtml?city=Lae&country=PG&utm_source=mealdeals_scraper,2026-08-07T20:58:13.904887+00:00
Ibis Hotel,,,https://all.accor.com/hotel/ibis/index.en.shtml,,PG,Port Moresby,https://all.accor.com/hotel/ibis/index.en.shtml?city=Port+Moresby&country=PG&utm_source=mealdeals_scraper,2026-08-07T20:58:13.880872+00:00
Local Pub & Grill,,,https://www.tripadvisor.com/Restaurants,,PG,Lae,https://www.tripadvisor.com/Restaurants?city=Lae&country=PG&utm_source=mealdeals_scraper,2026-08-07T20:58:13.905712+00:00
Local Pub & Grill,,,https://www.tripadvisor.com/Restaurants,,PG,Port Moresby,https://www.tripadvisor.com/Restaurants?city=Port+Moresby&country=PG&utm_source=mealdeals_scraper,2026-08-07T20:58:13.881763+00:00
Marriott Hotels,,,https://www.marriott.com/,Make the most of your next stay with hotel deals and promotional travel discounts from Marriott Bonvoy.,PG,Lae,https://www.marriott.com/offers.mi?city=Lae&country=PG&utm_source=mealdeals_scraper,2026-08-07T20:58:13.904010+00:00
Marriott Hotels,,,https://www.marriott.com/,Make the most of your next stay with hotel deals and promotional travel discounts from Marriott Bonvoy.,PG,Port Moresby,https://www.marriott.com/offers.mi?city=Port+Moresby&country=PG&utm_source=mealdeals_scraper,2026-08-07T20:58:13.879945+00:00
RH Hypermarket,,,https://www.rhtrading.com.pg/,,PG,Lae,https://www.rhtrading.com.pg/?city=Lae&country=PG&utm_source=mealdeals_scraper,2026-08-07T20:58:13.903542+00:00
RH Hypermarket,,,https://www.rhtrading.com.pg/,,PG,Port Moresby,https://www.rhtrading.com.pg/?city=Port+Moresby&country=PG&utm_source=mealdeals_scraper,2026-08-07T20:58:13.879330+00:00
Starbucks Coffee,,,https://www.starbucks.com/,,PG,Lae,https://www.starbucks.com/menu?city=Lae&country=PG&utm_source=mealdeals_scraper,2026-08-07T20:58:13.905303+00:00
Starbucks Coffee,,,https://www.starbucks.com/,,PG,Port Moresby,https://www.starbucks.com/menu?city=Port+Moresby&country=PG&utm_source=mealdeals_scraper,2026-08-07T20:58:13.881294+00:00
Stop N Shop PNG,,,https://www.stopnshop.com.pg/,,PG,Port Moresby,https://www.stopnshop.com.pg/?city=Port+Moresby&country=PG&utm_source=mealdeals_scraper,2026-08-07T20:58:13.878721+00:00
Stop N Shop PNG,,,https://www.stopnshop.com.pg/,,PG,Lae,https://www.stopnshop.com.pg/?city=Lae&country=PG&utm_source=mealdeals_scraper,2026-08-07T20:58:13.902971+00:00
The Coffee Club Cafe,,,https://www.coffeeclub.com.au/,ABOUT US,PG,Lae,https://www.coffeeclub.com.au/?city=Lae&country=PG&utm_source=mealdeals_scraper,2026-08-07T20:58:13.906552+00:00
The Coffee Club Cafe,,,https://www.coffeeclub.com.au/,ABOUT US,PG,Port Moresby,https://www.coffeeclub.com.au/?city=Port+Moresby&country=PG&utm_source=mealdeals_scraper,2026-08-07T20:58:13.882671+00:00
Coffee Bean Tea Leaf,,,https://www.coffeebean.com.ph/,Discover how The Coffee Bean & Tea Leaf makes an impact from seed to cup—sourcing the finest coffee & tea and supporting communities through our Caring Cup program.,PH,Iloilo,https://www.coffeebean.com.ph/?city=Iloilo&country=PH&utm_source=mealdeals_scraper,2026-08-07T20:58:08.819891+00:00
Coffee Bean Tea Leaf,,,https://www.coffeebean.com.ph/,Discover how The Coffee Bean & Tea Leaf makes an impact from seed to cup—sourcing the finest coffee & tea and supporting communities through our Caring Cup program.,PH,Cagayan De Oro,https://www.coffeebean.com.ph/?city=Cagayan+De+Oro&country=PH&utm_source=mealdeals_scraper,2026-08-07T20:58:08.840324+00:00
Coffee Bean Tea Leaf,,,https://www.coffeebean.com.ph/,Discover how The Coffee Bean & Tea Leaf makes an impact from seed to cup—sourcing the finest coffee & tea and supporting communities through our Caring Cup program.,PH,Baguio,https://www.coffeebean.com.ph/?city=Baguio&country=PH&utm_source=mealdeals_scraper,2026-08-07T20:58:08.882672+00:00
Coffee Bean Tea Leaf,,,https://www.coffeebean.com.ph/,Discover how The Coffee Bean & Tea Leaf makes an impact from seed to cup—sourcing the finest coffee & tea and supporting communities through our Caring Cup program.,PH,Manila,https://www.coffeebean.com.ph/?city=Manila&country=PH&utm_source=mealdeals_scraper,2026-08-07T20:58:08.673642+00:00
Coffee Bean Tea Leaf,,,https://www.coffeebean.com.ph/,Discover how The Coffee Bean & Tea Leaf makes an impact from seed to cup—sourcing the finest coffee & tea and supporting communities through our Caring Cup program.,PH,Davao,https://www.coffeebean.com.ph/?city=Davao&country=PH&utm_source=mealdeals_scraper,2026-08-07T20:58:08.736647+00:00
Coffee Bean Tea Leaf,,,https://www.coffeebean.com.ph/,Discover how The Coffee Bean & Tea Leaf makes an impact from seed to cup—sourcing the finest coffee & tea and supporting communities through our Caring Cup program.,PH,Quezon City,https://www.coffeebean.com.ph/?city=Quezon+City&country=PH&utm_source=mealdeals_scraper,2026-08-07T20:58:08.694192+00:00
Coffee Bean Tea Leaf,,,https://www.coffeebean.com.ph/,Discover how The Coffee Bean & Tea Leaf makes an impact from seed to cup—sourcing the finest coffee & tea and supporting communities through our Caring Cup program.,PH,Cebu,https://www.coffeebean.com.ph/?city=Cebu&country=PH&utm_source=mealdeals_scraper,2026-08-07T20:58:08.715613+00:00
Coffee Bean Tea Leaf,,,https://www.coffeebean.com.ph/,Discover how The Coffee Bean & Tea Leaf makes an impact from seed to cup—sourcing the finest coffee & tea and supporting communities through our Caring Cup program.,PH,Makati,https://www.coffeebean.com.ph/?city=Makati&country=PH&utm_source=mealdeals_scraper,2026-08-07T20:58:08.757069+00:00
Coffee Bean Tea Leaf,,,https://www.coffeebean.com.ph/,Discover how The Coffee Bean & Tea Leaf makes an impact from seed to cup—sourcing the finest coffee & tea and supporting communities through our Caring Cup program.,PH,Pasig,https://www.coffeebean.com.ph/?city=Pasig&country=PH&utm_source=mealdeals_scraper,2026-08-07T20:58:08.777410+00:00
Coffee Bean Tea Leaf,,,https://www.coffeebean.com.ph/,Discover how The Coffee Bean & Tea Leaf makes an impact from seed to cup—sourcing the finest coffee & tea and supporting communities through our Caring Cup program.,PH,Bacolod,https://www.coffeebean.com.ph/?city=Bacolod&country=PH&utm_source=mealdeals_scraper,2026-08-07T20:58:08.862504+00:00
Coffee Bean Tea Leaf,,,https://www.coffeebean.com.ph/,Discover how The Coffee Bean & Tea Leaf makes an impact from seed to cup—sourcing the finest coffee & tea and supporting communities through our Caring Cup program.,PH,Taguig,https://www.coffeebean.com.ph/?city=Taguig&country=PH&utm_source=mealdeals_scraper,2026-08-07T20:58:08.798179+00:00
Coffee Bean Tea Leaf,,,https://www.coffeebean.com.ph/,Discover how The Coffee Bean & Tea Leaf makes an impact from seed to cup—sourcing the finest coffee & tea and supporting communities through our Caring Cup program.,PH,Angeles,https://www.coffeebean.com.ph/?city=Angeles&country=PH&utm_source=mealdeals_scraper,2026-08-07T20:58:08.904672+00:00
Hilton Hotels,+1-855-672-1138,,https://www.hilton.com/,"Take advantage of hotel offers, unique promotions, and exclusive online specials directly from Hilton Portfolio.",PH,Taguig,https://www.hilton.com/en/offers/?city=Taguig&country=PH&utm_source=mealdeals_scraper,2026-08-07T20:58:08.797060+00:00
Hilton Hotels,+1-855-672-1138,,https://www.hilton.com/,"Take advantage of hotel offers, unique promotions, and exclusive online specials directly from Hilton Portfolio.",PH,Bacolod,https://www.hilton.com/en/offers/?city=Bacolod&country=PH&utm_source=mealdeals_scraper,2026-08-07T20:58:08.861653+00:00
Hilton Hotels,+1-855-672-1138,,https://www.hilton.com/,"Take advantage of hotel offers, unique promotions, and exclusive online specials directly from Hilton Portfolio.",PH,Cagayan De Oro,https://www.hilton.com/en/offers/?city=Cagayan+De+Oro&country=PH&utm_source=mealdeals_scraper,2026-08-07T20:58:08.839487+00:00
Hilton Hotels,+1-855-672-1138,,https://www.hilton.com/,"Take advantage of hotel offers, unique promotions, and exclusive online specials directly from Hilton Portfolio.",PH,Baguio,https://www.hilton.com/en/offers/?city=Baguio&country=PH&utm_source=mealdeals_scraper,2026-08-07T20:58:08.881815+00:00
Hilton Hotels,+1-855-672-1138,,https://www.hilton.com/,"Take advantage of hotel offers, unique promotions, and exclusive online specials directly from Hilton Portfolio.",PH,Quezon City,https://www.hilton.com/en/offers/?city=Quezon+City&country=PH&utm_source=mealdeals_scraper,2026-08-07T20:58:08.693355+00:00
Hilton Hotels,+1-855-672-1138,,https://www.hilton.com/,"Take advantage of hotel offers, unique promotions, and exclusive online specials directly from Hilton Portfolio.",PH,Cebu,https://www.hilton.com/en/offers/?city=Cebu&country=PH&utm_source=mealdeals_scraper,2026-08-07T20:58:08.714535+00:00
Hilton Hotels,+1-855-672-1138,,https://www.hilton.com/,"Take advantage of hotel offers, unique promotions, and exclusive online specials directly from Hilton Portfolio.",PH,Angeles,https://www.hilton.com/en/offers/?city=Angeles&country=PH&utm_source=mealdeals_scraper,2026-08-07T20:58:08.903589+00:00
Hilton Hotels,+1-855-672-1138,,https://www.hilton.com/,"Take advantage of hotel offers, unique promotions, and exclusive online specials directly from Hilton Portfolio.",PH,Makati,https://www.hilton.com/en/offers/?city=Makati&country=PH&utm_source=mealdeals_scraper,2026-08-07T20:58:08.756247+00:00
Hilton Hotels,+1-855-672-1138,,https://www.hilton.com/,"Take advantage of hotel offers, unique promotions, and exclusive online specials directly from Hilton Portfolio.",PH,Davao,https://www.hilton.com/en/offers/?city=Davao&country=PH&utm_source=mealdeals_scraper,2026-08-07T20:58:08.735789+00:00
Hilton Hotels,+1-855-672-1138,,https://www.hilton.com/,"Take advantage of hotel offers, unique promotions, and exclusive online specials directly from Hilton Portfolio.",PH,Manila,https://www.hilton.com/en/offers/?city=Manila&country=PH&utm_source=mealdeals_scraper,2026-08-07T20:58:08.672805+00:00
Hilton Hotels,+1-855-672-1138,,https://www.hilton.com/,"Take advantage of hotel offers, unique promotions, and exclusive online specials directly from Hilton Portfolio.",PH,Pasig,https://www.hilton.com/en/offers/?city=Pasig&country=PH&utm_source=mealdeals_scraper,2026-08-07T20:58:08.776597+00:00
Hilton Hotels,+1-855-672-1138,,https://www.hilton.com/,"Take advantage of hotel offers, unique promotions, and exclusive online specials directly from Hilton Portfolio.",PH,Iloilo,https://www.hilton.com/en/offers/?city=Iloilo&country=PH&utm_source=mealdeals_scraper,2026-08-07T20:58:08.819043+00:00
Jollibee,,,https://www.jollibee.com.ph/,About Jollibee,PH,Bacolod,https://www.jollibee.com.ph/?city=Bacolod&country=PH&utm_source=mealdeals_scraper,2026-08-07T20:58:08.859257+00:00
Jollibee,,,https://www.jollibee.com.ph/,About Jollibee,PH,Cagayan De Oro,https://www.jollibee.com.ph/?city=Cagayan+De+Oro&country=PH&utm_source=mealdeals_scraper,2026-08-07T20:58:08.837532+00:00
Jollibee,,,https://www.jollibee.com.ph/,About Jollibee,PH,Manila,https://www.jollibee.com.ph/?city=Manila&country=PH&utm_source=mealdeals_scraper,2026-08-07T20:58:08.670636+00:00
Jollibee,,,https://www.jollibee.com.ph/,About Jollibee,PH,Davao,https://www.jollibee.com.ph/?city=Davao&country=PH&utm_source=mealdeals_scraper,2026-08-07T20:58:08.733505+00:00
Jollibee,,,https://www.jollibee.com.ph/,About Jollibee,PH,Makati,https://www.jollibee.com.ph/?city=Makati&country=PH&utm_source=mealdeals_scraper,2026-08-07T20:58:08.754344+00:00
Jollibee,,,https://www.jollibee.com.ph/,About Jollibee,PH,Angeles,https://www.jollibee.com.ph/?city=Angeles&country=PH&utm_source=mealdeals_scraper,2026-08-07T20:58:08.901303+00:00
Jollibee,,,https://www.jollibee.com.ph/,About Jollibee,PH,Pasig,https://www.jollibee.com.ph/?city=Pasig&country=PH&utm_source=mealdeals_scraper,2026-08-07T20:58:08.774793+00:00
Jollibee,,,https://www.jollibee.com.ph/,About Jollibee,PH,Iloilo,https://www.jollibee.com.ph/?city=Iloilo&country=PH&utm_source=mealdeals_scraper,2026-08-07T20:58:08.816970+00:00
Jollibee,,,https://www.jollibee.com.ph/,About Jollibee,PH,Taguig,https://www.jollibee.com.ph/?city=Taguig&country=PH&utm_source=mealdeals_scraper,2026-08-07T20:58:08.794716+00:00
Jollibee,,,https://www.jollibee.com.ph/,About Jollibee,PH,Cebu,https://www.jollibee.com.ph/?city=Cebu&country=PH&utm_source=mealdeals_scraper,2026-08-07T20:58:08.712204+00:00
Jollibee,,,https://www.jollibee.com.ph/,About Jollibee,PH,Baguio,https://www.jollibee.com.ph/?city=Baguio&country=PH&utm_source=mealdeals_scraper,2026-08-07T20:58:08.879594+00:00
Jollibee,,,https://www.jollibee.com.ph/,About Jollibee,PH,Quezon City,https://www.jollibee.com.ph/?city=Quezon+City&country=PH&utm_source=mealdeals_scraper,2026-08-07T20:58:08.691470+00:00
Mang Inasal,,,https://www.manginasal.com.ph/,,PH,Bacolod,https://www.manginasal.com.ph/?city=Bacolod&country=PH&utm_source=mealdeals_scraper,2026-08-07T20:58:08.859880+00:00
Mang Inasal,,,https://www.manginasal.com.ph/,,PH,Baguio,https://www.manginasal.com.ph/?city=Baguio&country=PH&utm_source=mealdeals_scraper,2026-08-07T20:58:08.880209+00:00
Mang Inasal,,,https://www.manginasal.com.ph/,,PH,Angeles,https://www.manginasal.com.ph/?city=Angeles&country=PH&utm_source=mealdeals_scraper,2026-08-07T20:58:08.901921+00:00
Mang Inasal,,,https://www.manginasal.com.ph/,,PH,Cebu,https://www.manginasal.com.ph/?city=Cebu&country=PH&utm_source=mealdeals_scraper,2026-08-07T20:58:08.712834+00:00
Mang Inasal,,,https://www.manginasal.com.ph/,,PH,Cagayan De Oro,https://www.manginasal.com.ph/?city=Cagayan+De+Oro&country=PH&utm_source=mealdeals_scraper,2026-08-07T20:58:08.838110+00:00
Mang Inasal,,,https://www.manginasal.com.ph/,,PH,Makati,https://www.manginasal.com.ph/?city=Makati&country=PH&utm_source=mealdeals_scraper,2026-08-07T20:58:08.754922+00:00
Mang Inasal,,,https://www.manginasal.com.ph/,,PH,Manila,https://www.manginasal.com.ph/?city=Manila&country=PH&utm_source=mealdeals_scraper,2026-08-07T20:58:08.671273+00:00
Mang Inasal,,,https://www.manginasal.com.ph/,,PH,Pasig,https://www.manginasal.com.ph/?city=Pasig&country=PH&utm_source=mealdeals_scraper,2026-08-07T20:58:08.775304+00:00
Mang Inasal,,,https://www.manginasal.com.ph/,,PH,Taguig,https://www.manginasal.com.ph/?city=Taguig&country=PH&utm_source=mealdeals_scraper,2026-08-07T20:58:08.795311+00:00
Mang Inasal,,,https://www.manginasal.com.ph/,,PH,Davao,https://www.manginasal.com.ph/?city=Davao&country=PH&utm_source=mealdeals_scraper,2026-08-07T20:58:08.734134+00:00
Mang Inasal,,,https://www.manginasal.com.ph/,,PH,Quezon City,https://www.manginasal.com.ph/?city=Quezon+City&country=PH&utm_source=mealdeals_scraper,2026-08-07T20:58:08.692049+00:00
Mang Inasal,,,https://www.manginasal.com.ph/,,PH,Iloilo,https://www.manginasal.com.ph/?city=Iloilo&country=PH&utm_source=mealdeals_scraper,2026-08-07T20:58:08.817569+00:00
Marriott Hotels,,,https://www.marriott.com/en-us/hotels/mnlmc-manila-marriott-hotel/overview/,,PH,Angeles,https://www.marriott.com/en-us/hotels/mnlmc-manila-marriott-hotel/overview/?city=Angeles&country=PH&utm_source=mealdeals_scraper,2026-08-07T20:58:08.903036+00:00
Marriott Hotels,,,https://www.marriott.com/en-us/hotels/mnlmc-manila-marriott-hotel/overview/,,PH,Iloilo,https://www.marriott.com/en-us/hotels/mnlmc-manila-marriott-hotel/overview/?city=Iloilo&country=PH&utm_source=mealdeals_scraper,2026-08-07T20:58:08.818577+00:00
Marriott Hotels,,,https://www.marriott.com/en-us/hotels/mnlmc-manila-marriott-hotel/overview/,,PH,Cebu,https://www.marriott.com/en-us/hotels/mnlmc-manila-marriott-hotel/overview/?city=Cebu&country=PH&utm_source=mealdeals_scraper,2026-08-07T20:58:08.713975+00:00
Marriott Hotels,,,https://www.marriott.com/en-us/hotels/mnlmc-manila-marriott-hotel/overview/,,PH,Makati,https://www.marriott.com/en-us/hotels/mnlmc-manila-marriott-hotel/overview/?city=Makati&country=PH&utm_source=mealdeals_scraper,2026-08-07T20:58:08.755830+00:00
Marriott Hotels,,,https://www.marriott.com/en-us/hotels/mnlmc-manila-marriott-hotel/overview/,,PH,Taguig,https://www.marriott.com/en-us/hotels/mnlmc-manila-marriott-hotel/overview/?city=Taguig&country=PH&utm_source=mealdeals_scraper,2026-08-07T20:58:08.796480+00:00
Marriott Hotels,,,https://www.marriott.com/en-us/hotels/mnlmc-manila-marriott-hotel/overview/,,PH,Cagayan De Oro,https://www.marriott.com/en-us/hotels/mnlmc-manila-marriott-hotel/overview/?city=Cagayan+De+Oro&country=PH&utm_source=mealdeals_scraper,2026-08-07T20:58:08.839054+00:00
Marriott Hotels,,,https://www.marriott.com/en-us/hotels/mnlmc-manila-marriott-hotel/overview/,,PH,Quezon City,https://www.marriott.com/en-us/hotels/mnlmc-manila-marriott-hotel/overview/?city=Quezon+City&country=PH&utm_source=mealdeals_scraper,2026-08-07T20:58:08.692935+00:00
Marriott Hotels,,,https://www.marriott.com/en-us/hotels/mnlmc-manila-marriott-hotel/overview/,,PH,Bacolod,https://www.marriott.com/en-us/hotels/mnlmc-manila-marriott-hotel/overview/?city=Bacolod&country=PH&utm_source=mealdeals_scraper,2026-08-07T20:58:08.861114+00:00
Marriott Hotels,,,https://www.marriott.com/en-us/hotels/mnlmc-manila-marriott-hotel/overview/,,PH,Manila,https://www.marriott.com/en-us/hotels/mnlmc-manila-marriott-hotel/overview/?city=Manila&country=PH&utm_source=mealdeals_scraper,2026-08-07T20:58:08.672353+00:00
Marriott Hotels,,,https://www.marriott.com/en-us/hotels/mnlmc-manila-marriott-hotel/overview/,,PH,Baguio,https://www.marriott.com/en-us/hotels/mnlmc-manila-marriott-hotel/overview/?city=Baguio&country=PH&utm_source=mealdeals_scraper,2026-08-07T20:58:08.881346+00:00
Marriott Hotels,,,https://www.marriott.com/en-us/hotels/mnlmc-manila-marriott-hotel/overview/,,PH,Pasig,https://www.marriott.com/en-us/hotels/mnlmc-manila-marriott-hotel/overview/?city=Pasig&country=PH&utm_source=mealdeals_scraper,2026-08-07T20:58:08.776189+00:00
Marriott Hotels,,,https://www.marriott.com/en-us/hotels/mnlmc-manila-marriott-hotel/overview/,,PH,Davao,https://www.marriott.com/en-us/hotels/mnlmc-manila-marriott-hotel/overview/?city=Davao&country=PH&utm_source=mealdeals_scraper,2026-08-07T20:58:08.735301+00:00
Max's Restaurant,,,https://maxschicken.com/,,PH,Iloilo,https://maxschicken.com/?city=Iloilo&country=PH&utm_source=mealdeals_scraper,2026-08-07T20:58:08.819465+00:00
Max's Restaurant,,,https://maxschicken.com/,,PH,Bacolod,https://maxschicken.com/?city=Bacolod&country=PH&utm_source=mealdeals_scraper,2026-08-07T20:58:08.862096+00:00
Max's Restaurant,,,https://maxschicken.com/,,PH,Pasig,https://maxschicken.com/?city=Pasig&country=PH&utm_source=mealdeals_scraper,2026-08-07T20:58:08.777016+00:00
Max's Restaurant,,,https://maxschicken.com/,,PH,Cagayan De Oro,https://maxschicken.com/?city=Cagayan+De+Oro&country=PH&utm_source=mealdeals_scraper,2026-08-07T20:58:08.839923+00:00
Max's Restaurant,,,https://maxschicken.com/,,PH,Quezon City,https://maxschicken.com/?city=Quezon+City&country=PH&utm_source=mealdeals_scraper,2026-08-07T20:58:08.693786+00:00
Max's Restaurant,,,https://maxschicken.com/,,PH,Makati,https://maxschicken.com/?city=Makati&country=PH&utm_source=mealdeals_scraper,2026-08-07T20:58:08.756654+00:00
Max's Restaurant,,,https://maxschicken.com/,,PH,Angeles,https://maxschicken.com/?city=Angeles&country=PH&utm_source=mealdeals_scraper,2026-08-07T20:58:08.904132+00:00
Max's Restaurant,,,https://maxschicken.com/,,PH,Cebu,https://maxschicken.com/?city=Cebu&country=PH&utm_source=mealdeals_scraper,2026-08-07T20:58:08.715107+00:00
Max's Restaurant,,,https://maxschicken.com/,,PH,Baguio,https://maxschicken.com/?city=Baguio&country=PH&utm_source=mealdeals_scraper,2026-08-07T20:58:08.882253+00:00
Max's Restaurant,,,https://maxschicken.com/,,PH,Davao,https://maxschicken.com/?city=Davao&country=PH&utm_source=mealdeals_scraper,2026-08-07T20:58:08.736230+00:00
Max's Restaurant,,,https://maxschicken.com/,,PH,Taguig,https://maxschicken.com/?city=Taguig&country=PH&utm_source=mealdeals_scraper,2026-08-07T20:58:08.797617+00:00
Max's Restaurant,,,https://maxschicken.com/,,PH,Manila,https://maxschicken.com/?city=Manila&country=PH&utm_source=mealdeals_scraper,2026-08-07T20:58:08.673234+00:00
SM Supermarket,,,https://www.smsupermarket.com/,,PH,Iloilo,https://www.smsupermarket.com/?city=Iloilo&country=PH&utm_source=mealdeals_scraper,2026-08-07T20:58:08.818126+00:00
SM Supermarket,,,https://www.smsupermarket.com/,,PH,Bacolod,https://www.smsupermarket.com/?city=Bacolod&country=PH&utm_source=mealdeals_scraper,2026-08-07T20:58:08.860483+00:00
SM Supermarket,,,https://www.smsupermarket.com/,,PH,Cebu,https://www.smsupermarket.com/?city=Cebu&country=PH&utm_source=mealdeals_scraper,2026-08-07T20:58:08.713405+00:00
SM Supermarket,,,https://www.smsupermarket.com/,,PH,Cagayan De Oro,https://www.smsupermarket.com/?city=Cagayan+De+Oro&country=PH&utm_source=mealdeals_scraper,2026-08-07T20:58:08.838568+00:00
SM Supermarket,,,https://www.smsupermarket.com/,,PH,Taguig,https://www.smsupermarket.com/?city=Taguig&country=PH&utm_source=mealdeals_scraper,2026-08-07T20:58:08.795894+00:00
SM Supermarket,,,https://www.smsupermarket.com/,,PH,Makati,https://www.smsupermarket.com/?city=Makati&country=PH&utm_source=mealdeals_scraper,2026-08-07T20:58:08.755386+00:00
SM Supermarket,,,https://www.smsupermarket.com/,,PH,Davao,https://www.smsupermarket.com/?city=Davao&country=PH&utm_source=mealdeals_scraper,2026-08-07T20:58:08.734721+00:00
SM Supermarket,,,https://www.smsupermarket.com/,,PH,Baguio,https://www.smsupermarket.com/?city=Baguio&country=PH&utm_source=mealdeals_scraper,2026-08-07T20:58:08.880786+00:00
SM Supermarket,,,https://www.smsupermarket.com/,,PH,Angeles,https://www.smsupermarket.com/?city=Angeles&country=PH&utm_source=mealdeals_scraper,2026-08-07T20:58:08.902483+00:00
SM Supermarket,,,https://www.smsupermarket.com/,,PH,Quezon City,https://www.smsupermarket.com/?city=Quezon+City&country=PH&utm_source=mealdeals_scraper,2026-08-07T20:58:08.692497+00:00
SM Supermarket,,,https://www.smsupermarket.com/,,PH,Manila,https://www.smsupermarket.com/?city=Manila&country=PH&utm_source=mealdeals_scraper,2026-08-07T20:58:08.671842+00:00
SM Supermarket,,,https://www.smsupermarket.com/,,PH,Pasig,https://www.smsupermarket.com/?city=Pasig&country=PH&utm_source=mealdeals_scraper,2026-08-07T20:58:08.775759+00:00
The Alley Bar,,,https://www.thealley.com.ph/,,PH,Iloilo,https://www.thealley.com.ph/?city=Iloilo&country=PH&utm_source=mealdeals_scraper,2026-08-07T20:58:08.820309+00:00
The Alley Bar,,,https://www.thealley.com.ph/,,PH,Taguig,https://www.thealley.com.ph/?city=Taguig&country=PH&utm_source=mealdeals_scraper,2026-08-07T20:58:08.798722+00:00
The Alley Bar,,,https://www.thealley.com.ph/,,PH,Baguio,https://www.thealley.com.ph/?city=Baguio&country=PH&utm_source=mealdeals_scraper,2026-08-07T20:58:08.883085+00:00
The Alley Bar,,,https://www.thealley.com.ph/,,PH,Bacolod,https://www.thealley.com.ph/?city=Bacolod&country=PH&utm_source=mealdeals_scraper,2026-08-07T20:58:08.862921+00:00
The Alley Bar,,,https://www.thealley.com.ph/,,PH,Makati,https://www.thealley.com.ph/?city=Makati&country=PH&utm_source=mealdeals_scraper,2026-08-07T20:58:08.757465+00:00
The Alley Bar,,,https://www.thealley.com.ph/,,PH,Pasig,https://www.thealley.com.ph/?city=Pasig&country=PH&utm_source=mealdeals_scraper,2026-08-07T20:58:08.777817+00:00
The Alley Bar,,,https://www.thealley.com.ph/,,PH,Manila,https://www.thealley.com.ph/?city=Manila&country=PH&utm_source=mealdeals_scraper,2026-08-07T20:58:08.674076+00:00
The Alley Bar,,,https://www.thealley.com.ph/,,PH,Cebu,https://www.thealley.com.ph/?city=Cebu&country=PH&utm_source=mealdeals_scraper,2026-08-07T20:58:08.716057+00:00
The Alley Bar,,,https://www.thealley.com.ph/,,PH,Quezon City,https://www.thealley.com.ph/?city=Quezon+City&country=PH&utm_source=mealdeals_scraper,2026-08-07T20:58:08.694580+00:00
The Alley Bar,,,https://www.thealley.com.ph/,,PH,Davao,https://www.thealley.com.ph/?city=Davao&country=PH&utm_source=mealdeals_scraper,2026-08-07T20:58:08.737079+00:00
The Alley Bar,,,https://www.thealley.com.ph/,,PH,Angeles,https://www.thealley.com.ph/?city=Angeles&country=PH&utm_source=mealdeals_scraper,2026-08-07T20:58:08.905130+00:00
The Alley Bar,,,https://www.thealley.com.ph/,,PH,Cagayan De Oro,https://www.thealley.com.ph/?city=Cagayan+De+Oro&country=PH&utm_source=mealdeals_scraper,2026-08-07T20:58:08.840754+00:00
Accor Hotels,,,https://all.accor.com/,"Discover exclusive hotel offers, bonus Reward Points, unforgettable experiences and member benefits that elevate every journey with ALL Accor.",PK,Karachi,https://all.accor.com/a/en/offers.html?city=Karachi&country=PK&utm_source=mealdeals_scraper,2026-08-07T20:58:13.929516+00:00
Accor Hotels,,,https://all.accor.com/,"Discover exclusive hotel offers, bonus Reward Points, unforgettable experiences and member benefits that elevate every journey with ALL Accor.",PK,Rawalpindi,https://all.accor.com/a/en/offers.html?city=Rawalpindi&country=PK&utm_source=mealdeals_scraper,2026-08-07T20:58:14.007217+00:00
Accor Hotels,,,https://all.accor.com/,"Discover exclusive hotel offers, bonus Reward Points, unforgettable experiences and member benefits that elevate every journey with ALL Accor.",PK,Lahore,https://all.accor.com/a/en/offers.html?city=Lahore&country=PK&utm_source=mealdeals_scraper,2026-08-07T20:58:13.957420+00:00
Accor Hotels,,,https://all.accor.com/,"Discover exclusive hotel offers, bonus Reward Points, unforgettable experiences and member benefits that elevate every journey with ALL Accor.",PK,Islamabad,https://all.accor.com/a/en/offers.html?city=Islamabad&country=PK&utm_source=mealdeals_scraper,2026-08-07T20:58:13.981632+00:00
Foodpanda Pakistan,,,https://www.foodpanda.pk/,Fast and easy food & groceries delivery from the best restaurants nearby and shops near you ✔ Large variety of dishes and products ✔ Safe & easy payment options,PK,Karachi,https://www.foodpanda.pk/?city=Karachi&country=PK&utm_source=mealdeals_scraper,2026-08-07T20:58:13.926883+00:00
Foodpanda Pakistan,,,https://www.foodpanda.pk/,Fast and easy food & groceries delivery from the best restaurants nearby and shops near you ✔ Large variety of dishes and products ✔ Safe & easy payment options,PK,Lahore,https://www.foodpanda.pk/?city=Lahore&country=PK&utm_source=mealdeals_scraper,2026-08-07T20:58:13.954499+00:00
Foodpanda Pakistan,,,https://www.foodpanda.pk/,Fast and easy food & groceries delivery from the best restaurants nearby and shops near you ✔ Large variety of dishes and products ✔ Safe & easy payment options,PK,Islamabad,https://www.foodpanda.pk/?city=Islamabad&country=PK&utm_source=mealdeals_scraper,2026-08-07T20:58:13.978911+00:00
Foodpanda Pakistan,,,https://www.foodpanda.pk/,Fast and easy food & groceries delivery from the best restaurants nearby and shops near you ✔ Large variety of dishes and products ✔ Safe & easy payment options,PK,Rawalpindi,https://www.foodpanda.pk/?city=Rawalpindi&country=PK&utm_source=mealdeals_scraper,2026-08-07T20:58:14.004184+00:00
Hilton Hotels,+1-855-672-1138,,https://www.hilton.com/,"Take advantage of hotel offers, unique promotions, and exclusive online specials directly from Hilton Portfolio.",PK,Karachi,https://www.hilton.com/en/offers/?city=Karachi&country=PK&utm_source=mealdeals_scraper,2026-08-07T20:58:13.927876+00:00
Hilton Hotels,+1-855-672-1138,,https://www.hilton.com/,"Take advantage of hotel offers, unique promotions, and exclusive online specials directly from Hilton Portfolio.",PK,Rawalpindi,https://www.hilton.com/en/offers/?city=Rawalpindi&country=PK&utm_source=mealdeals_scraper,2026-08-07T20:58:14.005368+00:00
Hilton Hotels,+1-855-672-1138,,https://www.hilton.com/,"Take advantage of hotel offers, unique promotions, and exclusive online specials directly from Hilton Portfolio.",PK,Islamabad,https://www.hilton.com/en/offers/?city=Islamabad&country=PK&utm_source=mealdeals_scraper,2026-08-07T20:58:13.979821+00:00
Hilton Hotels,+1-855-672-1138,,https://www.hilton.com/,"Take advantage of hotel offers, unique promotions, and exclusive online specials directly from Hilton Portfolio.",PK,Lahore,https://www.hilton.com/en/offers/?city=Lahore&country=PK&utm_source=mealdeals_scraper,2026-08-07T20:58:13.955612+00:00
Ibis Hotel,,,https://all.accor.com/hotel/ibis/index.en.shtml,,PK,Rawalpindi,https://all.accor.com/hotel/ibis/index.en.shtml?city=Rawalpindi&country=PK&utm_source=mealdeals_scraper,2026-08-07T20:58:14.005915+00:00
Ibis Hotel,,,https://all.accor.com/hotel/ibis/index.en.shtml,,PK,Karachi,https://all.accor.com/hotel/ibis/index.en.shtml?city=Karachi&country=PK&utm_source=mealdeals_scraper,2026-08-07T20:58:13.928293+00:00
Ibis Hotel,,,https://all.accor.com/hotel/ibis/index.en.shtml,,PK,Islamabad,https://all.accor.com/hotel/ibis/index.en.shtml?city=Islamabad&country=PK&utm_source=mealdeals_scraper,2026-08-07T20:58:13.980234+00:00
Ibis Hotel,,,https://all.accor.com/hotel/ibis/index.en.shtml,,PK,Lahore,https://all.accor.com/hotel/ibis/index.en.shtml?city=Lahore&country=PK&utm_source=mealdeals_scraper,2026-08-07T20:58:13.956099+00:00
Imtiaz Super Market,021111468429,hello@imtiaz.com.pk,https://www.imtiaz.com.pk/,"About Us Imtiaz is the pioneer in the retail industry of Pakistan, providing an ultimate shopping experience to its consumers. Read More Our Vision To be recognized as the best value provider ever Our Mission We will make our unmatched services available to all major cities of…",PK,Karachi,https://www.imtiaz.com.pk/?city=Rawalpindi&country=PK&utm_source=mealdeals_scraper,2026-08-07T20:58:14.003514+00:00
Local Pub & Grill,,,https://www.tripadvisor.com/Restaurants,,PK,Rawalpindi,https://www.tripadvisor.com/Restaurants?city=Rawalpindi&country=PK&utm_source=mealdeals_scraper,2026-08-07T20:58:14.006796+00:00
Local Pub & Grill,,,https://www.tripadvisor.com/Restaurants,,PK,Lahore,https://www.tripadvisor.com/Restaurants?city=Lahore&country=PK&utm_source=mealdeals_scraper,2026-08-07T20:58:13.956997+00:00
Local Pub & Grill,,,https://www.tripadvisor.com/Restaurants,,PK,Karachi,https://www.tripadvisor.com/Restaurants?city=Karachi&country=PK&utm_source=mealdeals_scraper,2026-08-07T20:58:13.929126+00:00
Local Pub & Grill,,,https://www.tripadvisor.com/Restaurants,,PK,Islamabad,https://www.tripadvisor.com/Restaurants?city=Islamabad&country=PK&utm_source=mealdeals_scraper,2026-08-07T20:58:13.981074+00:00
Marriott Hotels,,,https://www.marriott.com/,Make the most of your next stay with hotel deals and promotional travel discounts from Marriott Bonvoy.,PK,Lahore,https://www.marriott.com/offers.mi?city=Lahore&country=PK&utm_source=mealdeals_scraper,2026-08-07T20:58:13.955003+00:00
Marriott Hotels,,,https://www.marriott.com/,Make the most of your next stay with hotel deals and promotional travel discounts from Marriott Bonvoy.,PK,Islamabad,https://www.marriott.com/offers.mi?city=Islamabad&country=PK&utm_source=mealdeals_scraper,2026-08-07T20:58:13.979374+00:00
Marriott Hotels,,,https://www.marriott.com/,Make the most of your next stay with hotel deals and promotional travel discounts from Marriott Bonvoy.,PK,Karachi,https://www.marriott.com/offers.mi?city=Karachi&country=PK&utm_source=mealdeals_scraper,2026-08-07T20:58:13.927433+00:00
Marriott Hotels,,,https://www.marriott.com/,Make the most of your next stay with hotel deals and promotional travel discounts from Marriott Bonvoy.,PK,Rawalpindi,https://www.marriott.com/offers.mi?city=Rawalpindi&country=PK&utm_source=mealdeals_scraper,2026-08-07T20:58:14.004769+00:00
Starbucks Coffee,,,https://www.starbucks.com/,,PK,Karachi,https://www.starbucks.com/menu?city=Karachi&country=PK&utm_source=mealdeals_scraper,2026-08-07T20:58:13.928708+00:00
Starbucks Coffee,,,https://www.starbucks.com/,,PK,Lahore,https://www.starbucks.com/menu?city=Lahore&country=PK&utm_source=mealdeals_scraper,2026-08-07T20:58:13.956540+00:00
Starbucks Coffee,,,https://www.starbucks.com/,,PK,Rawalpindi,https://www.starbucks.com/menu?city=Rawalpindi&country=PK&utm_source=mealdeals_scraper,2026-08-07T20:58:14.006360+00:00
Starbucks Coffee,,,https://www.starbucks.com/,,PK,Islamabad,https://www.starbucks.com/menu?city=Islamabad&country=PK&utm_source=mealdeals_scraper,2026-08-07T20:58:13.980672+00:00
Toast Box Cafe,+6598280614,,https://www.toastbox.com.sg/,,PK,Rawalpindi,https://www.toastbox.com.sg/?city=Rawalpindi&country=PK&utm_source=mealdeals_scraper,2026-08-07T20:58:14.007708+00:00
Toast Box Cafe,+6598280614,,https://www.toastbox.com.sg/,,PK,Lahore,https://www.toastbox.com.sg/?city=Lahore&country=PK&utm_source=mealdeals_scraper,2026-08-07T20:58:13.957943+00:00
Toast Box Cafe,+6598280614,,https://www.toastbox.com.sg/,,PK,Karachi,https://www.toastbox.com.sg/?city=Karachi&country=PK&utm_source=mealdeals_scraper,2026-08-07T20:58:13.929941+00:00
Toast Box Cafe,+6598280614,,https://www.toastbox.com.sg/,,PK,Islamabad,https://www.toastbox.com.sg/?city=Islamabad&country=PK&utm_source=mealdeals_scraper,2026-08-07T20:58:13.982124+00:00
Accor Hotels,,,https://all.accor.com/,"Discover exclusive hotel offers, bonus Reward Points, unforgettable experiences and member benefits that elevate every journey with ALL Accor.",PL,Gdansk,https://all.accor.com/a/en/offers.html?city=Gdansk&country=PL&utm_source=mealdeals_scraper,2026-08-07T20:58:14.078277+00:00
Accor Hotels,,,https://all.accor.com/,"Discover exclusive hotel offers, bonus Reward Points, unforgettable experiences and member benefits that elevate every journey with ALL Accor.",PL,Krakow,https://all.accor.com/a/en/offers.html?city=Krakow&country=PL&utm_source=mealdeals_scraper,2026-08-07T20:58:14.055398+00:00
Accor Hotels,,,https://all.accor.com/,"Discover exclusive hotel offers, bonus Reward Points, unforgettable experiences and member benefits that elevate every journey with ALL Accor.",PL,Wroclaw,https://all.accor.com/a/en/offers.html?city=Wroclaw&country=PL&utm_source=mealdeals_scraper,2026-08-07T20:58:14.105935+00:00
Accor Hotels,,,https://all.accor.com/,"Discover exclusive hotel offers, bonus Reward Points, unforgettable experiences and member benefits that elevate every journey with ALL Accor.",PL,Warsaw,https://all.accor.com/a/en/offers.html?city=Warsaw&country=PL&utm_source=mealdeals_scraper,2026-08-07T20:58:14.030901+00:00
Biedronka,,,https://www.biedronka.pl/,Oficjalna strona sieci sklepów Biedronka. Codziennie niskie ceny – sprawdź!,PL,Gdansk,https://www.biedronka.pl/?city=Gdansk&country=PL&utm_source=mealdeals_scraper,2026-08-07T20:58:14.074698+00:00
Biedronka,,,https://www.biedronka.pl/,Oficjalna strona sieci sklepów Biedronka. Codziennie niskie ceny – sprawdź!,PL,Krakow,https://www.biedronka.pl/?city=Krakow&country=PL&utm_source=mealdeals_scraper,2026-08-07T20:58:14.051829+00:00
Biedronka,,,https://www.biedronka.pl/,Oficjalna strona sieci sklepów Biedronka. Codziennie niskie ceny – sprawdź!,PL,Warsaw,https://www.biedronka.pl/?city=Warsaw&country=PL&utm_source=mealdeals_scraper,2026-08-07T20:58:14.027367+00:00
Biedronka,,,https://www.biedronka.pl/,Oficjalna strona sieci sklepów Biedronka. Codziennie niskie ceny – sprawdź!,PL,Wroclaw,https://www.biedronka.pl/?city=Wroclaw&country=PL&utm_source=mealdeals_scraper,2026-08-07T20:58:14.101836+00:00
Hard Rock Cafe,+1-800-201-1949,,https://cafe.hardrock.com/,"Welcome to Hard Rock Cafe, our music themed restaurant, serving up Legendary burgers and more.",PL,Warsaw,https://www.hardrockcafe.com/?city=Warsaw&country=PL&utm_source=mealdeals_scraper,2026-08-07T20:58:14.031303+00:00
Hard Rock Cafe,+1-800-201-1949,,https://cafe.hardrock.com/,"Welcome to Hard Rock Cafe, our music themed restaurant, serving up Legendary burgers and more.",PL,Wroclaw,https://www.hardrockcafe.com/?city=Wroclaw&country=PL&utm_source=mealdeals_scraper,2026-08-07T20:58:14.106366+00:00
Hard Rock Cafe,+1-800-201-1949,,https://cafe.hardrock.com/,"Welcome to Hard Rock Cafe, our music themed restaurant, serving up Legendary burgers and more.",PL,Gdansk,https://www.hardrockcafe.com/?city=Gdansk&country=PL&utm_source=mealdeals_scraper,2026-08-07T20:58:14.078687+00:00
Hard Rock Cafe,+1-800-201-1949,,https://cafe.hardrock.com/,"Welcome to Hard Rock Cafe, our music themed restaurant, serving up Legendary burgers and more.",PL,Krakow,https://www.hardrockcafe.com/?city=Krakow&country=PL&utm_source=mealdeals_scraper,2026-08-07T20:58:14.055819+00:00
Hilton Hotels,+1-855-672-1138,,https://www.hilton.com/,"Take advantage of hotel offers, unique promotions, and exclusive online specials directly from Hilton Portfolio.",PL,Wroclaw,https://www.hilton.com/en/offers/?city=Wroclaw&country=PL&utm_source=mealdeals_scraper,2026-08-07T20:58:14.103907+00:00
Hilton Hotels,+1-855-672-1138,,https://www.hilton.com/,"Take advantage of hotel offers, unique promotions, and exclusive online specials directly from Hilton Portfolio.",PL,Gdansk,https://www.hilton.com/en/offers/?city=Gdansk&country=PL&utm_source=mealdeals_scraper,2026-08-07T20:58:14.076467+00:00
Hilton Hotels,+1-855-672-1138,,https://www.hilton.com/,"Take advantage of hotel offers, unique promotions, and exclusive online specials directly from Hilton Portfolio.",PL,Krakow,https://www.hilton.com/en/offers/?city=Krakow&country=PL&utm_source=mealdeals_scraper,2026-08-07T20:58:14.053642+00:00
Hilton Hotels,+1-855-672-1138,,https://www.hilton.com/,"Take advantage of hotel offers, unique promotions, and exclusive online specials directly from Hilton Portfolio.",PL,Warsaw,https://www.hilton.com/en/offers/?city=Warsaw&country=PL&utm_source=mealdeals_scraper,2026-08-07T20:58:14.029183+00:00
Ibis Hotel,,,https://all.accor.com/hotel/ibis/index.en.shtml,,PL,Krakow,https://all.accor.com/hotel/ibis/index.en.shtml?city=Krakow&country=PL&utm_source=mealdeals_scraper,2026-08-07T20:58:14.054103+00:00
Ibis Hotel,,,https://all.accor.com/hotel/ibis/index.en.shtml,,PL,Gdansk,https://all.accor.com/hotel/ibis/index.en.shtml?city=Gdansk&country=PL&utm_source=mealdeals_scraper,2026-08-07T20:58:14.076970+00:00
Ibis Hotel,,,https://all.accor.com/hotel/ibis/index.en.shtml,,PL,Warsaw,https://all.accor.com/hotel/ibis/index.en.shtml?city=Warsaw&country=PL&utm_source=mealdeals_scraper,2026-08-07T20:58:14.029643+00:00
Ibis Hotel,,,https://all.accor.com/hotel/ibis/index.en.shtml,,PL,Wroclaw,https://all.accor.com/hotel/ibis/index.en.shtml?city=Wroclaw&country=PL&utm_source=mealdeals_scraper,2026-08-07T20:58:14.104469+00:00
Local Pub & Grill,,,https://www.tripadvisor.com/Restaurants,,PL,Wroclaw,https://www.tripadvisor.com/Restaurants?city=Wroclaw&country=PL&utm_source=mealdeals_scraper,2026-08-07T20:58:14.105451+00:00
Local Pub & Grill,,,https://www.tripadvisor.com/Restaurants,,PL,Gdansk,https://www.tripadvisor.com/Restaurants?city=Gdansk&country=PL&utm_source=mealdeals_scraper,2026-08-07T20:58:14.077819+00:00
Local Pub & Grill,,,https://www.tripadvisor.com/Restaurants,,PL,Warsaw,https://www.tripadvisor.com/Restaurants?city=Warsaw&country=PL&utm_source=mealdeals_scraper,2026-08-07T20:58:14.030493+00:00
Local Pub & Grill,,,https://www.tripadvisor.com/Restaurants,,PL,Krakow,https://www.tripadvisor.com/Restaurants?city=Krakow&country=PL&utm_source=mealdeals_scraper,2026-08-07T20:58:14.054968+00:00
Marriott Hotels,,,https://www.marriott.com/,Make the most of your next stay with hotel deals and promotional travel discounts from Marriott Bonvoy.,PL,Warsaw,https://www.marriott.com/offers.mi?city=Warsaw&country=PL&utm_source=mealdeals_scraper,2026-08-07T20:58:14.028584+00:00
Marriott Hotels,,,https://www.marriott.com/,Make the most of your next stay with hotel deals and promotional travel discounts from Marriott Bonvoy.,PL,Gdansk,https://www.marriott.com/offers.mi?city=Gdansk&country=PL&utm_source=mealdeals_scraper,2026-08-07T20:58:14.075905+00:00
Marriott Hotels,,,https://www.marriott.com/,Make the most of your next stay with hotel deals and promotional travel discounts from Marriott Bonvoy.,PL,Krakow,https://www.marriott.com/offers.mi?city=Krakow&country=PL&utm_source=mealdeals_scraper,2026-08-07T20:58:14.053130+00:00
Marriott Hotels,,,https://www.marriott.com/,Make the most of your next stay with hotel deals and promotional travel discounts from Marriott Bonvoy.,PL,Wroclaw,https://www.marriott.com/offers.mi?city=Wroclaw&country=PL&utm_source=mealdeals_scraper,2026-08-07T20:58:14.103245+00:00
Starbucks Coffee,,,https://www.starbucks.com/,,PL,Wroclaw,https://www.starbucks.com/menu?city=Wroclaw&country=PL&utm_source=mealdeals_scraper,2026-08-07T20:58:14.104958+00:00
Starbucks Coffee,,,https://www.starbucks.com/,,PL,Krakow,https://www.starbucks.com/menu?city=Krakow&country=PL&utm_source=mealdeals_scraper,2026-08-07T20:58:14.054533+00:00
Starbucks Coffee,,,https://www.starbucks.com/,,PL,Warsaw,https://www.starbucks.com/menu?city=Warsaw&country=PL&utm_source=mealdeals_scraper,2026-08-07T20:58:14.030083+00:00
Starbucks Coffee,,,https://www.starbucks.com/,,PL,Gdansk,https://www.starbucks.com/menu?city=Gdansk&country=PL&utm_source=mealdeals_scraper,2026-08-07T20:58:14.077398+00:00
Zabka,,,https://www.zabka.pl/,Żabka Polska to sieć sklepów typu modern convenience. Sprawdź najnowsze promocje i informacje. Wygodne usługi. Franczyza. Marki Własne.,PL,Gdansk,https://www.zabka.pl/?city=Gdansk&country=PL&utm_source=mealdeals_scraper,2026-08-07T20:58:14.075319+00:00
Zabka,,,https://www.zabka.pl/,Żabka Polska to sieć sklepów typu modern convenience. Sprawdź najnowsze promocje i informacje. Wygodne usługi. Franczyza. Marki Własne.,PL,Krakow,https://www.zabka.pl/?city=Krakow&country=PL&utm_source=mealdeals_scraper,2026-08-07T20:58:14.052509+00:00
Zabka,,,https://www.zabka.pl/,Żabka Polska to sieć sklepów typu modern convenience. Sprawdź najnowsze promocje i informacje. Wygodne usługi. Franczyza. Marki Własne.,PL,Warsaw,https://www.zabka.pl/?city=Warsaw&country=PL&utm_source=mealdeals_scraper,2026-08-07T20:58:14.027990+00:00
Zabka,,,https://www.zabka.pl/,Żabka Polska to sieć sklepów typu modern convenience. Sprawdź najnowsze promocje i informacje. Wygodne usługi. Franczyza. Marki Własne.,PL,Wroclaw,https://www.zabka.pl/?city=Wroclaw&country=PL&utm_source=mealdeals_scraper,2026-08-07T20:58:14.102574+00:00
Accor Hotels,,,https://all.accor.com/,"Discover exclusive hotel offers, bonus Reward Points, unforgettable experiences and member benefits that elevate every journey with ALL Accor.",PT,Lisbon,https://all.accor.com/a/en/offers.html?city=Lisbon&country=PT&utm_source=mealdeals_scraper,2026-08-07T20:58:14.138994+00:00
Accor Hotels,,,https://all.accor.com/,"Discover exclusive hotel offers, bonus Reward Points, unforgettable experiences and member benefits that elevate every journey with ALL Accor.",PT,Faro,https://all.accor.com/a/en/offers.html?city=Faro&country=PT&utm_source=mealdeals_scraper,2026-08-07T20:58:14.213020+00:00
Accor Hotels,,,https://all.accor.com/,"Discover exclusive hotel offers, bonus Reward Points, unforgettable experiences and member benefits that elevate every journey with ALL Accor.",PT,Porto,https://all.accor.com/a/en/offers.html?city=Porto&country=PT&utm_source=mealdeals_scraper,2026-08-07T20:58:14.179141+00:00
Continente,,,https://www.continente.pt/,"O hipermercado onde encontra todas as promoções, campanhas e produtos aos preços mais baixos. Consulte toda a informação e faça compras facilmente sem sair de casa.",PT,Lisbon,https://www.continente.pt/?city=Lisbon&country=PT&utm_source=mealdeals_scraper,2026-08-07T20:58:14.134040+00:00
Continente,,,https://www.continente.pt/,"O hipermercado onde encontra todas as promoções, campanhas e produtos aos preços mais baixos. Consulte toda a informação e faça compras facilmente sem sair de casa.",PT,Faro,https://www.continente.pt/?city=Faro&country=PT&utm_source=mealdeals_scraper,2026-08-07T20:58:14.209233+00:00
Continente,,,https://www.continente.pt/,"O hipermercado onde encontra todas as promoções, campanhas e produtos aos preços mais baixos. Consulte toda a informação e faça compras facilmente sem sair de casa.",PT,Porto,https://www.continente.pt/?city=Porto&country=PT&utm_source=mealdeals_scraper,2026-08-07T20:58:14.175520+00:00
Hard Rock Cafe,+1-800-201-1949,,https://cafe.hardrock.com/,"Welcome to Hard Rock Cafe, our music themed restaurant, serving up Legendary burgers and more.",PT,Lisbon,https://www.hardrockcafe.com/?city=Lisbon&country=PT&utm_source=mealdeals_scraper,2026-08-07T20:58:14.139478+00:00
Hard Rock Cafe,+1-800-201-1949,,https://cafe.hardrock.com/,"Welcome to Hard Rock Cafe, our music themed restaurant, serving up Legendary burgers and more.",PT,Porto,https://www.hardrockcafe.com/?city=Porto&country=PT&utm_source=mealdeals_scraper,2026-08-07T20:58:14.179611+00:00
Hard Rock Cafe,+1-800-201-1949,,https://cafe.hardrock.com/,"Welcome to Hard Rock Cafe, our music themed restaurant, serving up Legendary burgers and more.",PT,Faro,https://www.hardrockcafe.com/?city=Faro&country=PT&utm_source=mealdeals_scraper,2026-08-07T20:58:14.213425+00:00
Hilton Hotels,+1-855-672-1138,,https://www.hilton.com/,"Take advantage of hotel offers, unique promotions, and exclusive online specials directly from Hilton Portfolio.",PT,Faro,https://www.hilton.com/en/offers/?city=Faro&country=PT&utm_source=mealdeals_scraper,2026-08-07T20:58:14.211200+00:00
Hilton Hotels,+1-855-672-1138,,https://www.hilton.com/,"Take advantage of hotel offers, unique promotions, and exclusive online specials directly from Hilton Portfolio.",PT,Lisbon,https://www.hilton.com/en/offers/?city=Lisbon&country=PT&utm_source=mealdeals_scraper,2026-08-07T20:58:14.136850+00:00
Hilton Hotels,+1-855-672-1138,,https://www.hilton.com/,"Take advantage of hotel offers, unique promotions, and exclusive online specials directly from Hilton Portfolio.",PT,Porto,https://www.hilton.com/en/offers/?city=Porto&country=PT&utm_source=mealdeals_scraper,2026-08-07T20:58:14.177036+00:00
Ibis Hotel,,,https://all.accor.com/hotel/ibis/index.en.shtml,,PT,Lisbon,https://all.accor.com/hotel/ibis/index.en.shtml?city=Lisbon&country=PT&utm_source=mealdeals_scraper,2026-08-07T20:58:14.137365+00:00
Ibis Hotel,,,https://all.accor.com/hotel/ibis/index.en.shtml,,PT,Faro,https://all.accor.com/hotel/ibis/index.en.shtml?city=Faro&country=PT&utm_source=mealdeals_scraper,2026-08-07T20:58:14.211685+00:00
Ibis Hotel,,,https://all.accor.com/hotel/ibis/index.en.shtml,,PT,Porto,https://all.accor.com/hotel/ibis/index.en.shtml?city=Porto&country=PT&utm_source=mealdeals_scraper,2026-08-07T20:58:14.177459+00:00
Local Pub & Grill,,,https://www.tripadvisor.com/Restaurants,,PT,Faro,https://www.tripadvisor.com/Restaurants?city=Faro&country=PT&utm_source=mealdeals_scraper,2026-08-07T20:58:14.212550+00:00
Local Pub & Grill,,,https://www.tripadvisor.com/Restaurants,,PT,Porto,https://www.tripadvisor.com/Restaurants?city=Porto&country=PT&utm_source=mealdeals_scraper,2026-08-07T20:58:14.178459+00:00
Local Pub & Grill,,,https://www.tripadvisor.com/Restaurants,,PT,Lisbon,https://www.tripadvisor.com/Restaurants?city=Lisbon&country=PT&utm_source=mealdeals_scraper,2026-08-07T20:58:14.138370+00:00
Marriott Hotels,,,https://www.marriott.com/,Make the most of your next stay with hotel deals and promotional travel discounts from Marriott Bonvoy.,PT,Faro,https://www.marriott.com/offers.mi?city=Faro&country=PT&utm_source=mealdeals_scraper,2026-08-07T20:58:14.210563+00:00
Marriott Hotels,,,https://www.marriott.com/,Make the most of your next stay with hotel deals and promotional travel discounts from Marriott Bonvoy.,PT,Porto,https://www.marriott.com/offers.mi?city=Porto&country=PT&utm_source=mealdeals_scraper,2026-08-07T20:58:14.176565+00:00
Marriott Hotels,,,https://www.marriott.com/,Make the most of your next stay with hotel deals and promotional travel discounts from Marriott Bonvoy.,PT,Lisbon,https://www.marriott.com/offers.mi?city=Lisbon&country=PT&utm_source=mealdeals_scraper,2026-08-07T20:58:14.136246+00:00
Pingo Doce,,,https://www.pingodoce.pt/,"No Pingo Doce, trabalhamos todos os dias para lhe oferecer qualidade e poupança. Descubra-o nas nossas lojas ou online.",PT,Faro,https://www.pingodoce.pt/?city=Faro&country=PT&utm_source=mealdeals_scraper,2026-08-07T20:58:14.209942+00:00
Pingo Doce,,,https://www.pingodoce.pt/,"No Pingo Doce, trabalhamos todos os dias para lhe oferecer qualidade e poupança. Descubra-o nas nossas lojas ou online.",PT,Lisbon,https://www.pingodoce.pt/?city=Lisbon&country=PT&utm_source=mealdeals_scraper,2026-08-07T20:58:14.135520+00:00
Pingo Doce,,,https://www.pingodoce.pt/,"No Pingo Doce, trabalhamos todos os dias para lhe oferecer qualidade e poupança. Descubra-o nas nossas lojas ou online.",PT,Porto,https://www.pingodoce.pt/?city=Porto&country=PT&utm_source=mealdeals_scraper,2026-08-07T20:58:14.176108+00:00
Quinta da Pacheca Wine Estate,,,https://www.quintadapacheca.com/,"At Pacheca, we celebrate Portuguese authenticity, crafting wines that reflect the terroirs and the essence of each region, while providing unique hospitality and gastronomic experiences from north to south of Portugal.",PT,Lisbon,https://www.quintadapacheca.com/?city=Lisbon&country=PT&utm_source=mealdeals_scraper,2026-08-07T20:58:14.140414+00:00
Quinta da Pacheca Wine Estate,,,https://www.quintadapacheca.com/,"At Pacheca, we celebrate Portuguese authenticity, crafting wines that reflect the terroirs and the essence of each region, while providing unique hospitality and gastronomic experiences from north to south of Portugal.",PT,Faro,https://www.quintadapacheca.com/?city=Faro&country=PT&utm_source=mealdeals_scraper,2026-08-07T20:58:14.214548+00:00
Quinta da Pacheca Wine Estate,,,https://www.quintadapacheca.com/,"At Pacheca, we celebrate Portuguese authenticity, crafting wines that reflect the terroirs and the essence of each region, while providing unique hospitality and gastronomic experiences from north to south of Portugal.",PT,Porto,https://www.quintadapacheca.com/?city=Porto&country=PT&utm_source=mealdeals_scraper,2026-08-07T20:58:14.180466+00:00
Quinta do Crasto Wine Estate,,,https://www.quintadocrasto.pt/,"Quinta do Crasto — Quinta do Crasto — Nós criamos Vinhos do Douro, Vinhos do Porto & Azeites",PT,Porto,https://www.quintadocrasto.pt/?city=Porto&country=PT&utm_source=mealdeals_scraper,2026-08-07T20:58:14.180057+00:00
Quinta do Crasto Wine Estate,,,https://www.quintadocrasto.pt/,"Quinta do Crasto — Quinta do Crasto — Nós criamos Vinhos do Douro, Vinhos do Porto & Azeites",PT,Faro,https://www.quintadocrasto.pt/?city=Faro&country=PT&utm_source=mealdeals_scraper,2026-08-07T20:58:14.213968+00:00
Quinta do Crasto Wine Estate,,,https://www.quintadocrasto.pt/,"Quinta do Crasto — Quinta do Crasto — Nós criamos Vinhos do Douro, Vinhos do Porto & Azeites",PT,Lisbon,https://www.quintadocrasto.pt/?city=Lisbon&country=PT&utm_source=mealdeals_scraper,2026-08-07T20:58:14.139981+00:00
Starbucks Coffee,,,https://www.starbucks.com/,,PT,Porto,https://www.starbucks.com/menu?city=Porto&country=PT&utm_source=mealdeals_scraper,2026-08-07T20:58:14.177910+00:00
Starbucks Coffee,,,https://www.starbucks.com/,,PT,Faro,https://www.starbucks.com/menu?city=Faro&country=PT&utm_source=mealdeals_scraper,2026-08-07T20:58:14.212116+00:00
Starbucks Coffee,,,https://www.starbucks.com/,,PT,Lisbon,https://www.starbucks.com/menu?city=Lisbon&country=PT&utm_source=mealdeals_scraper,2026-08-07T20:58:14.137867+00:00
Symington Port Wine Estate,,,https://www.symington.com/,The world's leading producer of premium ports and one of the top Portuguese wine producers,PT,Lisbon,https://www.symington.com/?city=Lisbon&country=PT&utm_source=mealdeals_scraper,2026-08-07T20:58:14.140973+00:00
Symington Port Wine Estate,,,https://www.symington.com/,The world's leading producer of premium ports and one of the top Portuguese wine producers,PT,Porto,https://www.symington.com/?city=Porto&country=PT&utm_source=mealdeals_scraper,2026-08-07T20:58:14.180900+00:00
Symington Port Wine Estate,,,https://www.symington.com/,The world's leading producer of premium ports and one of the top Portuguese wine producers,PT,Faro,https://www.symington.com/?city=Faro&country=PT&utm_source=mealdeals_scraper,2026-08-07T20:58:14.215113+00:00
Accor Hotels,,,https://all.accor.com/,"Discover exclusive hotel offers, bonus Reward Points, unforgettable experiences and member benefits that elevate every journey with ALL Accor.",PW,Koror,https://all.accor.com/a/en/offers.html?city=Koror&country=PW&utm_source=mealdeals_scraper,2026-08-07T20:58:14.263387+00:00
Accor Hotels,,,https://all.accor.com/,"Discover exclusive hotel offers, bonus Reward Points, unforgettable experiences and member benefits that elevate every journey with ALL Accor.",PW,Ngerulmud,https://all.accor.com/a/en/offers.html?city=Ngerulmud&country=PW&utm_source=mealdeals_scraper,2026-08-07T20:58:14.239795+00:00
Hilton Hotels,+1-855-672-1138,,https://www.hilton.com/,"Take advantage of hotel offers, unique promotions, and exclusive online specials directly from Hilton Portfolio.",PW,Ngerulmud,https://www.hilton.com/en/offers/?city=Ngerulmud&country=PW&utm_source=mealdeals_scraper,2026-08-07T20:58:14.237979+00:00
Hilton Hotels,+1-855-672-1138,,https://www.hilton.com/,"Take advantage of hotel offers, unique promotions, and exclusive online specials directly from Hilton Portfolio.",PW,Koror,https://www.hilton.com/en/offers/?city=Koror&country=PW&utm_source=mealdeals_scraper,2026-08-07T20:58:14.261481+00:00
Ibis Hotel,,,https://all.accor.com/hotel/ibis/index.en.shtml,,PW,Koror,https://all.accor.com/hotel/ibis/index.en.shtml?city=Koror&country=PW&utm_source=mealdeals_scraper,2026-08-07T20:58:14.262049+00:00
Ibis Hotel,,,https://all.accor.com/hotel/ibis/index.en.shtml,,PW,Ngerulmud,https://all.accor.com/hotel/ibis/index.en.shtml?city=Ngerulmud&country=PW&utm_source=mealdeals_scraper,2026-08-07T20:58:14.238497+00:00
Local Pub & Grill,,,https://www.tripadvisor.com/Restaurants,,PW,Ngerulmud,https://www.tripadvisor.com/Restaurants?city=Ngerulmud&country=PW&utm_source=mealdeals_scraper,2026-08-07T20:58:14.239370+00:00
Local Pub & Grill,,,https://www.tripadvisor.com/Restaurants,,PW,Koror,https://www.tripadvisor.com/Restaurants?city=Koror&country=PW&utm_source=mealdeals_scraper,2026-08-07T20:58:14.262964+00:00
Marriott Hotels,,,https://www.marriott.com/,Make the most of your next stay with hotel deals and promotional travel discounts from Marriott Bonvoy.,PW,Ngerulmud,https://www.marriott.com/offers.mi?city=Ngerulmud&country=PW&utm_source=mealdeals_scraper,2026-08-07T20:58:14.237377+00:00
Marriott Hotels,,,https://www.marriott.com/,Make the most of your next stay with hotel deals and promotional travel discounts from Marriott Bonvoy.,PW,Koror,https://www.marriott.com/offers.mi?city=Koror&country=PW&utm_source=mealdeals_scraper,2026-08-07T20:58:14.260910+00:00
Starbucks Coffee,,,https://www.starbucks.com/,,PW,Koror,https://www.starbucks.com/menu?city=Koror&country=PW&utm_source=mealdeals_scraper,2026-08-07T20:58:14.262517+00:00
Starbucks Coffee,,,https://www.starbucks.com/,,PW,Ngerulmud,https://www.starbucks.com/menu?city=Ngerulmud&country=PW&utm_source=mealdeals_scraper,2026-08-07T20:58:14.238957+00:00
Surangel's,,,https://www.surangels.com/,SURANGEL & SONS CO.,PW,Ngerulmud,https://www.surangels.com/?city=Ngerulmud&country=PW&utm_source=mealdeals_scraper,2026-08-07T20:58:14.236094+00:00
Surangel's,,,https://www.surangels.com/,SURANGEL & SONS CO.,PW,Koror,https://www.surangels.com/?city=Koror&country=PW&utm_source=mealdeals_scraper,2026-08-07T20:58:14.259690+00:00
The Coffee Club Cafe,,,https://www.coffeeclub.com.au/,ABOUT US,PW,Koror,https://www.coffeeclub.com.au/?city=Koror&country=PW&utm_source=mealdeals_scraper,2026-08-07T20:58:14.263829+00:00
The Coffee Club Cafe,,,https://www.coffeeclub.com.au/,ABOUT US,PW,Ngerulmud,https://www.coffeeclub.com.au/?city=Ngerulmud&country=PW&utm_source=mealdeals_scraper,2026-08-07T20:58:14.240205+00:00
WCTC Shopping,,,https://www.wctc.com.pw/,,PW,Ngerulmud,https://www.wctc.com.pw/?city=Ngerulmud&country=PW&utm_source=mealdeals_scraper,2026-08-07T20:58:14.236763+00:00
WCTC Shopping,,,https://www.wctc.com.pw/,,PW,Koror,https://www.wctc.com.pw/?city=Koror&country=PW&utm_source=mealdeals_scraper,2026-08-07T20:58:14.260319+00:00
Accor Hotels,,,https://all.accor.com/,"Discover exclusive hotel offers, bonus Reward Points, unforgettable experiences and member benefits that elevate every journey with ALL Accor.",QA,Doha,https://all.accor.com/a/en/offers.html?city=Doha&country=QA&utm_source=mealdeals_scraper,2026-08-07T20:58:14.287114+00:00
Accor Hotels,,,https://all.accor.com/,"Discover exclusive hotel offers, bonus Reward Points, unforgettable experiences and member benefits that elevate every journey with ALL Accor.",QA,Al Rayyan,https://all.accor.com/a/en/offers.html?city=Al+Rayyan&country=QA&utm_source=mealdeals_scraper,2026-08-07T20:58:14.311210+00:00
Carrefour Qatar,,,https://www.carrefourqatar.com/,,QA,Doha,https://www.carrefourqatar.com/?city=Doha&country=QA&utm_source=mealdeals_scraper,2026-08-07T20:58:14.284231+00:00
Carrefour Qatar,,,https://www.carrefourqatar.com/,,QA,Al Rayyan,https://www.carrefourqatar.com/?city=Al+Rayyan&country=QA&utm_source=mealdeals_scraper,2026-08-07T20:58:14.308325+00:00
Hilton Hotels,+1-855-672-1138,,https://www.hilton.com/,"Take advantage of hotel offers, unique promotions, and exclusive online specials directly from Hilton Portfolio.",QA,Doha,https://www.hilton.com/en/offers/?city=Doha&country=QA&utm_source=mealdeals_scraper,2026-08-07T20:58:14.285360+00:00
Hilton Hotels,+1-855-672-1138,,https://www.hilton.com/,"Take advantage of hotel offers, unique promotions, and exclusive online specials directly from Hilton Portfolio.",QA,Al Rayyan,https://www.hilton.com/en/offers/?city=Al+Rayyan&country=QA&utm_source=mealdeals_scraper,2026-08-07T20:58:14.309469+00:00
Ibis Hotel,,,https://all.accor.com/hotel/ibis/index.en.shtml,,QA,Doha,https://all.accor.com/hotel/ibis/index.en.shtml?city=Doha&country=QA&utm_source=mealdeals_scraper,2026-08-07T20:58:14.285863+00:00
Ibis Hotel,,,https://all.accor.com/hotel/ibis/index.en.shtml,,QA,Al Rayyan,https://all.accor.com/hotel/ibis/index.en.shtml?city=Al+Rayyan&country=QA&utm_source=mealdeals_scraper,2026-08-07T20:58:14.309945+00:00
Local Pub & Grill,,,https://www.tripadvisor.com/Restaurants,,QA,Doha,https://www.tripadvisor.com/Restaurants?city=Doha&country=QA&utm_source=mealdeals_scraper,2026-08-07T20:58:14.286699+00:00
Local Pub & Grill,,,https://www.tripadvisor.com/Restaurants,,QA,Al Rayyan,https://www.tripadvisor.com/Restaurants?city=Al+Rayyan&country=QA&utm_source=mealdeals_scraper,2026-08-07T20:58:14.310797+00:00
Lulu Qatar,+97440191666,,https://www.luluhypermarket.com/,"The best online grocery store in Qatar, LuLu Hypermarket provides the best grocery shopping experience for your daily needs, Online grocery shopping now made easy with a wide range of groceries and home needs with free delivery",QA,Doha,https://www.luluhypermarket.com/en-qa?city=Doha&country=QA&utm_source=mealdeals_scraper,2026-08-07T20:58:14.283591+00:00
Lulu Qatar,+97440191666,,https://www.luluhypermarket.com/,"The best online grocery store in Qatar, LuLu Hypermarket provides the best grocery shopping experience for your daily needs, Online grocery shopping now made easy with a wide range of groceries and home needs with free delivery",QA,Al Rayyan,https://www.luluhypermarket.com/en-qa?city=Al+Rayyan&country=QA&utm_source=mealdeals_scraper,2026-08-07T20:58:14.307699+00:00
Marriott Hotels,,,https://www.marriott.com/,Make the most of your next stay with hotel deals and promotional travel discounts from Marriott Bonvoy.,QA,Al Rayyan,https://www.marriott.com/offers.mi?city=Al+Rayyan&country=QA&utm_source=mealdeals_scraper,2026-08-07T20:58:14.308931+00:00
Marriott Hotels,,,https://www.marriott.com/,Make the most of your next stay with hotel deals and promotional travel discounts from Marriott Bonvoy.,QA,Doha,https://www.marriott.com/offers.mi?city=Doha&country=QA&utm_source=mealdeals_scraper,2026-08-07T20:58:14.284809+00:00
Starbucks Coffee,,,https://www.starbucks.com/,,QA,Al Rayyan,https://www.starbucks.com/menu?city=Al+Rayyan&country=QA&utm_source=mealdeals_scraper,2026-08-07T20:58:14.310368+00:00
Starbucks Coffee,,,https://www.starbucks.com/,,QA,Doha,https://www.starbucks.com/menu?city=Doha&country=QA&utm_source=mealdeals_scraper,2026-08-07T20:58:14.286286+00:00
Toast Box Cafe,+6598280614,,https://www.toastbox.com.sg/,,QA,Al Rayyan,https://www.toastbox.com.sg/?city=Al+Rayyan&country=QA&utm_source=mealdeals_scraper,2026-08-07T20:58:14.311611+00:00
Toast Box Cafe,+6598280614,,https://www.toastbox.com.sg/,,QA,Doha,https://www.toastbox.com.sg/?city=Doha&country=QA&utm_source=mealdeals_scraper,2026-08-07T20:58:14.287514+00:00
Bourbon Coffee,,,https://www.bourboncoffee.rw/,"We are more than a coffee shop. A space to connect, unwind and relax. Because when you come to Bourbon Coffee Shop, you are coming home.",RW,Kigali,https://www.bourboncoffee.rw/?city=Kigali&country=RW&utm_source=mealdeals_scraper,2026-08-07T20:58:14.332812+00:00
Bourbon Coffee,,,https://www.bourboncoffee.rw/,"We are more than a coffee shop. A space to connect, unwind and relax. Because when you come to Bourbon Coffee Shop, you are coming home.",RW,Butare,https://www.bourboncoffee.rw/?city=Butare&country=RW&utm_source=mealdeals_scraper,2026-08-07T20:58:14.357647+00:00
City Lodge Hotel,,,https://www.clhg.com/,"Discover modern comfort at City Lodge Hotels – offering stylish accommodations, prime urban locations, and exceptional service for business and leisure travelers. Book your stay today!",RW,Butare,https://www.clhg.com/?city=Butare&country=RW&utm_source=mealdeals_scraper,2026-08-07T20:58:14.360877+00:00
City Lodge Hotel,,,https://www.clhg.com/,"Discover modern comfort at City Lodge Hotels – offering stylish accommodations, prime urban locations, and exceptional service for business and leisure travelers. Book your stay today!",RW,Kigali,https://www.clhg.com/?city=Kigali&country=RW&utm_source=mealdeals_scraper,2026-08-07T20:58:14.335463+00:00
Debonairs Pizza Restaurant,,,https://www.debonairspizza.co.za/,"Discover bold flavours, epic pizzas and unbeatable value at Debonairs Pizza. Order your favourites online now and enjoy fast delivery or easy pickup today.",RW,Butare,https://www.debonairspizza.co.za/?city=Butare&country=RW&utm_source=mealdeals_scraper,2026-08-07T20:58:14.361283+00:00
Debonairs Pizza Restaurant,,,https://www.debonairspizza.co.za/,"Discover bold flavours, epic pizzas and unbeatable value at Debonairs Pizza. Order your favourites online now and enjoy fast delivery or easy pickup today.",RW,Kigali,https://www.debonairspizza.co.za/?city=Kigali&country=RW&utm_source=mealdeals_scraper,2026-08-07T20:58:14.335883+00:00
Hilton Hotels,+1-855-672-1138,,https://www.hilton.com/,"Take advantage of hotel offers, unique promotions, and exclusive online specials directly from Hilton Portfolio.",RW,Butare,https://www.hilton.com/en/offers/?city=Butare&country=RW&utm_source=mealdeals_scraper,2026-08-07T20:58:14.358822+00:00
Hilton Hotels,+1-855-672-1138,,https://www.hilton.com/,"Take advantage of hotel offers, unique promotions, and exclusive online specials directly from Hilton Portfolio.",RW,Kigali,https://www.hilton.com/en/offers/?city=Kigali&country=RW&utm_source=mealdeals_scraper,2026-08-07T20:58:14.333756+00:00
Ibis Hotel,,,https://all.accor.com/hotel/ibis/index.en.shtml,,RW,Butare,https://all.accor.com/hotel/ibis/index.en.shtml?city=Butare&country=RW&utm_source=mealdeals_scraper,2026-08-07T20:58:14.359378+00:00
Ibis Hotel,,,https://all.accor.com/hotel/ibis/index.en.shtml,,RW,Kigali,https://all.accor.com/hotel/ibis/index.en.shtml?city=Kigali&country=RW&utm_source=mealdeals_scraper,2026-08-07T20:58:14.334197+00:00
Local Pub & Grill,,,https://www.tripadvisor.com/Restaurants,,RW,Kigali,https://www.tripadvisor.com/Restaurants?city=Kigali&country=RW&utm_source=mealdeals_scraper,2026-08-07T20:58:14.335055+00:00
Local Pub & Grill,,,https://www.tripadvisor.com/Restaurants,,RW,Butare,https://www.tripadvisor.com/Restaurants?city=Butare&country=RW&utm_source=mealdeals_scraper,2026-08-07T20:58:14.360431+00:00
Marriott Hotels,,,https://www.marriott.com/,Make the most of your next stay with hotel deals and promotional travel discounts from Marriott Bonvoy.,RW,Butare,https://www.marriott.com/offers.mi?city=Butare&country=RW&utm_source=mealdeals_scraper,2026-08-07T20:58:14.358238+00:00
Marriott Hotels,,,https://www.marriott.com/,Make the most of your next stay with hotel deals and promotional travel discounts from Marriott Bonvoy.,RW,Kigali,https://www.marriott.com/offers.mi?city=Kigali&country=RW&utm_source=mealdeals_scraper,2026-08-07T20:58:14.333287+00:00
Simba Supermarket,,,https://www.simbasupermarket.rw/,,RW,Kigali,https://www.simbasupermarket.rw/?city=Kigali&country=RW&utm_source=mealdeals_scraper,2026-08-07T20:58:14.332195+00:00
Simba Supermarket,,,https://www.simbasupermarket.rw/,,RW,Butare,https://www.simbasupermarket.rw/?city=Butare&country=RW&utm_source=mealdeals_scraper,2026-08-07T20:58:14.357016+00:00
Starbucks Coffee,,,https://www.starbucks.com/,,RW,Butare,https://www.starbucks.com/menu?city=Butare&country=RW&utm_source=mealdeals_scraper,2026-08-07T20:58:14.359971+00:00
Starbucks Coffee,,,https://www.starbucks.com/,,RW,Kigali,https://www.starbucks.com/menu?city=Kigali&country=RW&utm_source=mealdeals_scraper,2026-08-07T20:58:14.334611+00:00
Accor Hotels,,,https://all.accor.com/,"Discover exclusive hotel offers, bonus Reward Points, unforgettable experiences and member benefits that elevate every journey with ALL Accor.",SB,Honiara,https://all.accor.com/a/en/offers.html?city=Honiara&country=SB&utm_source=mealdeals_scraper,2026-08-07T20:58:14.388446+00:00
Hilton Hotels,+1-855-672-1138,,https://www.hilton.com/,"Take advantage of hotel offers, unique promotions, and exclusive online specials directly from Hilton Portfolio.",SB,Honiara,https://www.hilton.com/en/offers/?city=Honiara&country=SB&utm_source=mealdeals_scraper,2026-08-07T20:58:14.386331+00:00
Honiara Central Market,,,https://www.honiaramarket.com/,,SB,Honiara,https://www.honiaramarket.com/?city=Honiara&country=SB&utm_source=mealdeals_scraper,2026-08-07T20:58:14.384468+00:00
Ibis Hotel,,,https://all.accor.com/hotel/ibis/index.en.shtml,,SB,Honiara,https://all.accor.com/hotel/ibis/index.en.shtml?city=Honiara&country=SB&utm_source=mealdeals_scraper,2026-08-07T20:58:14.386954+00:00
Island Enterprises,,,https://www.islandenterprises.com.sb/,,SB,Honiara,https://www.islandenterprises.com.sb/?city=Honiara&country=SB&utm_source=mealdeals_scraper,2026-08-07T20:58:14.385131+00:00
Local Pub & Grill,,,https://www.tripadvisor.com/Restaurants,,SB,Honiara,https://www.tripadvisor.com/Restaurants?city=Honiara&country=SB&utm_source=mealdeals_scraper,2026-08-07T20:58:14.388027+00:00
Marriott Hotels,,,https://www.marriott.com/,Make the most of your next stay with hotel deals and promotional travel discounts from Marriott Bonvoy.,SB,Honiara,https://www.marriott.com/offers.mi?city=Honiara&country=SB&utm_source=mealdeals_scraper,2026-08-07T20:58:14.385747+00:00
Starbucks Coffee,,,https://www.starbucks.com/,,SB,Honiara,https://www.starbucks.com/menu?city=Honiara&country=SB&utm_source=mealdeals_scraper,2026-08-07T20:58:14.387538+00:00
The Coffee Club Cafe,,,https://www.coffeeclub.com.au/,ABOUT US,SB,Honiara,https://www.coffeeclub.com.au/?city=Honiara&country=SB&utm_source=mealdeals_scraper,2026-08-07T20:58:14.388877+00:00
Accor Hotels,,,https://all.accor.com/,"Discover exclusive hotel offers, bonus Reward Points, unforgettable experiences and member benefits that elevate every journey with ALL Accor.",SE,Gothenburg,https://all.accor.com/a/en/offers.html?city=Gothenburg&country=SE&utm_source=mealdeals_scraper,2026-08-07T20:58:14.437650+00:00
Accor Hotels,,,https://all.accor.com/,"Discover exclusive hotel offers, bonus Reward Points, unforgettable experiences and member benefits that elevate every journey with ALL Accor.",SE,Stockholm,https://all.accor.com/a/en/offers.html?city=Stockholm&country=SE&utm_source=mealdeals_scraper,2026-08-07T20:58:14.412410+00:00
Accor Hotels,,,https://all.accor.com/,"Discover exclusive hotel offers, bonus Reward Points, unforgettable experiences and member benefits that elevate every journey with ALL Accor.",SE,Malmo,https://all.accor.com/a/en/offers.html?city=Malmo&country=SE&utm_source=mealdeals_scraper,2026-08-07T20:58:14.466140+00:00
Hard Rock Cafe,+1-800-201-1949,,https://cafe.hardrock.com/,"Welcome to Hard Rock Cafe, our music themed restaurant, serving up Legendary burgers and more.",SE,Malmo,https://www.hardrockcafe.com/?city=Malmo&country=SE&utm_source=mealdeals_scraper,2026-08-07T20:58:14.466707+00:00
Hard Rock Cafe,+1-800-201-1949,,https://cafe.hardrock.com/,"Welcome to Hard Rock Cafe, our music themed restaurant, serving up Legendary burgers and more.",SE,Stockholm,https://www.hardrockcafe.com/?city=Stockholm&country=SE&utm_source=mealdeals_scraper,2026-08-07T20:58:14.412864+00:00
Hard Rock Cafe,+1-800-201-1949,,https://cafe.hardrock.com/,"Welcome to Hard Rock Cafe, our music themed restaurant, serving up Legendary burgers and more.",SE,Gothenburg,https://www.hardrockcafe.com/?city=Gothenburg&country=SE&utm_source=mealdeals_scraper,2026-08-07T20:58:14.438155+00:00
Hilton Hotels,+1-855-672-1138,,https://www.hilton.com/,"Take advantage of hotel offers, unique promotions, and exclusive online specials directly from Hilton Portfolio.",SE,Gothenburg,https://www.hilton.com/en/offers/?city=Gothenburg&country=SE&utm_source=mealdeals_scraper,2026-08-07T20:58:14.435633+00:00
Hilton Hotels,+1-855-672-1138,,https://www.hilton.com/,"Take advantage of hotel offers, unique promotions, and exclusive online specials directly from Hilton Portfolio.",SE,Malmo,https://www.hilton.com/en/offers/?city=Malmo&country=SE&utm_source=mealdeals_scraper,2026-08-07T20:58:14.464442+00:00
Hilton Hotels,+1-855-672-1138,,https://www.hilton.com/,"Take advantage of hotel offers, unique promotions, and exclusive online specials directly from Hilton Portfolio.",SE,Stockholm,https://www.hilton.com/en/offers/?city=Stockholm&country=SE&utm_source=mealdeals_scraper,2026-08-07T20:58:14.410394+00:00
Ibis Hotel,,,https://all.accor.com/hotel/ibis/index.en.shtml,,SE,Gothenburg,https://all.accor.com/hotel/ibis/index.en.shtml?city=Gothenburg&country=SE&utm_source=mealdeals_scraper,2026-08-07T20:58:14.436249+00:00
Ibis Hotel,,,https://all.accor.com/hotel/ibis/index.en.shtml,,SE,Stockholm,https://all.accor.com/hotel/ibis/index.en.shtml?city=Stockholm&country=SE&utm_source=mealdeals_scraper,2026-08-07T20:58:14.410959+00:00
Ibis Hotel,,,https://all.accor.com/hotel/ibis/index.en.shtml,,SE,Malmo,https://all.accor.com/hotel/ibis/index.en.shtml?city=Malmo&country=SE&utm_source=mealdeals_scraper,2026-08-07T20:58:14.464890+00:00
ICA,,,https://www.ica.se/,"Hitta din butik, handla mat online, se erbjudanden och inspireras massor av goda recept. Välkommen till ica.se - Sveriges bästa matsite!",SE,Stockholm,https://www.ica.se/?city=Stockholm&country=SE&utm_source=mealdeals_scraper,2026-08-07T20:58:14.408552+00:00
ICA,,,https://www.ica.se/,"Hitta din butik, handla mat online, se erbjudanden och inspireras massor av goda recept. Välkommen till ica.se - Sveriges bästa matsite!",SE,Gothenburg,https://www.ica.se/?city=Gothenburg&country=SE&utm_source=mealdeals_scraper,2026-08-07T20:58:14.433615+00:00
ICA,,,https://www.ica.se/,"Hitta din butik, handla mat online, se erbjudanden och inspireras massor av goda recept. Välkommen till ica.se - Sveriges bästa matsite!",SE,Malmo,https://www.ica.se/?city=Malmo&country=SE&utm_source=mealdeals_scraper,2026-08-07T20:58:14.462986+00:00
Local Pub & Grill,,,https://www.tripadvisor.com/Restaurants,,SE,Malmo,https://www.tripadvisor.com/Restaurants?city=Malmo&country=SE&utm_source=mealdeals_scraper,2026-08-07T20:58:14.465708+00:00
Local Pub & Grill,,,https://www.tripadvisor.com/Restaurants,,SE,Gothenburg,https://www.tripadvisor.com/Restaurants?city=Gothenburg&country=SE&utm_source=mealdeals_scraper,2026-08-07T20:58:14.437217+00:00
Local Pub & Grill,,,https://www.tripadvisor.com/Restaurants,,SE,Stockholm,https://www.tripadvisor.com/Restaurants?city=Stockholm&country=SE&utm_source=mealdeals_scraper,2026-08-07T20:58:14.411959+00:00
Marriott Hotels,,,https://www.marriott.com/,Make the most of your next stay with hotel deals and promotional travel discounts from Marriott Bonvoy.,SE,Gothenburg,https://www.marriott.com/offers.mi?city=Gothenburg&country=SE&utm_source=mealdeals_scraper,2026-08-07T20:58:14.434882+00:00
Marriott Hotels,,,https://www.marriott.com/,Make the most of your next stay with hotel deals and promotional travel discounts from Marriott Bonvoy.,SE,Stockholm,https://www.marriott.com/offers.mi?city=Stockholm&country=SE&utm_source=mealdeals_scraper,2026-08-07T20:58:14.409827+00:00
Marriott Hotels,,,https://www.marriott.com/,Make the most of your next stay with hotel deals and promotional travel discounts from Marriott Bonvoy.,SE,Malmo,https://www.marriott.com/offers.mi?city=Malmo&country=SE&utm_source=mealdeals_scraper,2026-08-07T20:58:14.464014+00:00
Pressbyran,,,https://www.pressbyran.se/,"Pressbyrån är det snabba och enkla alternativet, alltid tillgängliga vid knutpunkter där många människor är i farten. Välkommen in!",SE,Gothenburg,https://www.pressbyran.se/?city=Gothenburg&country=SE&utm_source=mealdeals_scraper,2026-08-07T20:58:14.434276+00:00
Pressbyran,,,https://www.pressbyran.se/,"Pressbyrån är det snabba och enkla alternativet, alltid tillgängliga vid knutpunkter där många människor är i farten. Välkommen in!",SE,Stockholm,https://www.pressbyran.se/?city=Stockholm&country=SE&utm_source=mealdeals_scraper,2026-08-07T20:58:14.409234+00:00
Pressbyran,,,https://www.pressbyran.se/,"Pressbyrån är det snabba och enkla alternativet, alltid tillgängliga vid knutpunkter där många människor är i farten. Välkommen in!",SE,Malmo,https://www.pressbyran.se/?city=Malmo&country=SE&utm_source=mealdeals_scraper,2026-08-07T20:58:14.463550+00:00
Starbucks Coffee,,,https://www.starbucks.com/,,SE,Stockholm,https://www.starbucks.com/menu?city=Stockholm&country=SE&utm_source=mealdeals_scraper,2026-08-07T20:58:14.411477+00:00
Starbucks Coffee,,,https://www.starbucks.com/,,SE,Gothenburg,https://www.starbucks.com/menu?city=Gothenburg&country=SE&utm_source=mealdeals_scraper,2026-08-07T20:58:14.436757+00:00
Starbucks Coffee,,,https://www.starbucks.com/,,SE,Malmo,https://www.starbucks.com/menu?city=Malmo&country=SE&utm_source=mealdeals_scraper,2026-08-07T20:58:14.465300+00:00
Brewerkz Bar,,,https://brewerkz.com,Brewerkz Singapore,SG,Singapore,https://www.brewerkz.com/?city=Singapore&country=SG&utm_source=mealdeals_scraper,2026-08-07T20:58:14.488739+00:00
FairPrice,,,https://www.fairprice.com.sg/,"Wide range of groceries at great deals! Save now on your favorite brands. Price match, online and in-store.",SG,Singapore,https://www.fairprice.com.sg/promotions?city=Singapore&country=SG&utm_source=mealdeals_scraper,2026-08-07T20:58:14.485871+00:00
Hawker Centre Deals,,,https://www.visitsingapore.com/,"Uncover the beauty of a city in nature from must-visit places and attractions to off-the-beaten spots, neighbourhoods, and festive events. Visit Singapore now!",SG,Singapore,https://www.visitsingapore.com/?city=Singapore&country=SG&utm_source=mealdeals_scraper,2026-08-07T20:58:14.486497+00:00
Hilton Hotels,+1-855-672-1138,,https://www.hilton.com/,"Take advantage of hotel offers, unique promotions, and exclusive online specials directly from Hilton Portfolio.",SG,Singapore,https://www.hilton.com/en/offers/?city=Singapore&country=SG&utm_source=mealdeals_scraper,2026-08-07T20:58:14.487894+00:00
Marina Bay Sands Hotel,,,https://www.marinabaysands.com/offers.html,,SG,Singapore,https://www.marinabaysands.com/offers.html?city=Singapore&country=SG&utm_source=mealdeals_scraper,2026-08-07T20:58:14.487432+00:00
Starbucks Coffee,,,https://www.starbucks.com.sg/,,SG,Singapore,https://www.starbucks.com.sg/?city=Singapore&country=SG&utm_source=mealdeals_scraper,2026-08-07T20:58:14.489156+00:00
Toast Box,+6598280614,,https://www.toastbox.com.sg/,,SG,Singapore,https://www.toastbox.com.sg/?city=Singapore&country=SG&utm_source=mealdeals_scraper,2026-08-07T20:58:14.486985+00:00
Ya Kun Cafe,,,https://yakun.com/,Ya Kun Kaya Toast,SG,Singapore,https://yakun.com/?city=Singapore&country=SG&utm_source=mealdeals_scraper,2026-08-07T20:58:14.488317+00:00
Accor Hotels,,,https://all.accor.com/,"Discover exclusive hotel offers, bonus Reward Points, unforgettable experiences and member benefits that elevate every journey with ALL Accor.",SI,Ljubljana,https://all.accor.com/a/en/offers.html?city=Ljubljana&country=SI&utm_source=mealdeals_scraper,2026-08-07T20:58:14.516687+00:00
Accor Hotels,,,https://all.accor.com/,"Discover exclusive hotel offers, bonus Reward Points, unforgettable experiences and member benefits that elevate every journey with ALL Accor.",SI,Maribor,https://all.accor.com/a/en/offers.html?city=Maribor&country=SI&utm_source=mealdeals_scraper,2026-08-07T20:58:14.541048+00:00
Hard Rock Cafe,+1-800-201-1949,,https://cafe.hardrock.com/,"Welcome to Hard Rock Cafe, our music themed restaurant, serving up Legendary burgers and more.",SI,Maribor,https://www.hardrockcafe.com/?city=Maribor&country=SI&utm_source=mealdeals_scraper,2026-08-07T20:58:14.541453+00:00
Hard Rock Cafe,+1-800-201-1949,,https://cafe.hardrock.com/,"Welcome to Hard Rock Cafe, our music themed restaurant, serving up Legendary burgers and more.",SI,Ljubljana,https://www.hardrockcafe.com/?city=Ljubljana&country=SI&utm_source=mealdeals_scraper,2026-08-07T20:58:14.517175+00:00
Hilton Hotels,+1-855-672-1138,,https://www.hilton.com/,"Take advantage of hotel offers, unique promotions, and exclusive online specials directly from Hilton Portfolio.",SI,Maribor,https://www.hilton.com/en/offers/?city=Maribor&country=SI&utm_source=mealdeals_scraper,2026-08-07T20:58:14.539369+00:00
Hilton Hotels,+1-855-672-1138,,https://www.hilton.com/,"Take advantage of hotel offers, unique promotions, and exclusive online specials directly from Hilton Portfolio.",SI,Ljubljana,https://www.hilton.com/en/offers/?city=Ljubljana&country=SI&utm_source=mealdeals_scraper,2026-08-07T20:58:14.514618+00:00
Ibis Hotel,,,https://all.accor.com/hotel/ibis/index.en.shtml,,SI,Ljubljana,https://all.accor.com/hotel/ibis/index.en.shtml?city=Ljubljana&country=SI&utm_source=mealdeals_scraper,2026-08-07T20:58:14.515088+00:00
Ibis Hotel,,,https://all.accor.com/hotel/ibis/index.en.shtml,,SI,Maribor,https://all.accor.com/hotel/ibis/index.en.shtml?city=Maribor&country=SI&utm_source=mealdeals_scraper,2026-08-07T20:58:14.539799+00:00
Local Pub & Grill,,,https://www.tripadvisor.com/Restaurants,,SI,Maribor,https://www.tripadvisor.com/Restaurants?city=Maribor&country=SI&utm_source=mealdeals_scraper,2026-08-07T20:58:14.540627+00:00
Local Pub & Grill,,,https://www.tripadvisor.com/Restaurants,,SI,Ljubljana,https://www.tripadvisor.com/Restaurants?city=Ljubljana&country=SI&utm_source=mealdeals_scraper,2026-08-07T20:58:14.516160+00:00
Marriott Hotels,,,https://www.marriott.com/,Make the most of your next stay with hotel deals and promotional travel discounts from Marriott Bonvoy.,SI,Ljubljana,https://www.marriott.com/offers.mi?city=Ljubljana&country=SI&utm_source=mealdeals_scraper,2026-08-07T20:58:14.514125+00:00
Marriott Hotels,,,https://www.marriott.com/,Make the most of your next stay with hotel deals and promotional travel discounts from Marriott Bonvoy.,SI,Maribor,https://www.marriott.com/offers.mi?city=Maribor&country=SI&utm_source=mealdeals_scraper,2026-08-07T20:58:14.538948+00:00
Mercator,+386802080,,https://www.mercator.si/,"Najboljši sosed: prodajna mesta, akcije, ugodnosti, novice, dogodki, recepti in mnogo več.",SI,Ljubljana,https://www.mercator.si/?city=Ljubljana&country=SI&utm_source=mealdeals_scraper,2026-08-07T20:58:14.512436+00:00
Mercator,+386802080,,https://www.mercator.si/,"Najboljši sosed: prodajna mesta, akcije, ugodnosti, novice, dogodki, recepti in mnogo več.",SI,Maribor,https://www.mercator.si/?city=Maribor&country=SI&utm_source=mealdeals_scraper,2026-08-07T20:58:14.537966+00:00
Spar Slovenia,,,https://www.spar.si/,"Že 35 let nam je mar za nizke cene, kakovostne izdelke in prijetno nakupovalno izkušnjo.",SI,Ljubljana,https://www.spar.si/?city=Ljubljana&country=SI&utm_source=mealdeals_scraper,2026-08-07T20:58:14.513426+00:00
Spar Slovenia,,,https://www.spar.si/,"Že 35 let nam je mar za nizke cene, kakovostne izdelke in prijetno nakupovalno izkušnjo.",SI,Maribor,https://www.spar.si/?city=Maribor&country=SI&utm_source=mealdeals_scraper,2026-08-07T20:58:14.538481+00:00
Starbucks Coffee,,,https://www.starbucks.com/,,SI,Maribor,https://www.starbucks.com/menu?city=Maribor&country=SI&utm_source=mealdeals_scraper,2026-08-07T20:58:14.540227+00:00
Starbucks Coffee,,,https://www.starbucks.com/,,SI,Ljubljana,https://www.starbucks.com/menu?city=Ljubljana&country=SI&utm_source=mealdeals_scraper,2026-08-07T20:58:14.515528+00:00
Accor Hotels,,,https://all.accor.com/,"Discover exclusive hotel offers, bonus Reward Points, unforgettable experiences and member benefits that elevate every journey with ALL Accor.",SK,Kosice,https://all.accor.com/a/en/offers.html?city=Kosice&country=SK&utm_source=mealdeals_scraper,2026-08-07T20:58:14.595700+00:00
Accor Hotels,,,https://all.accor.com/,"Discover exclusive hotel offers, bonus Reward Points, unforgettable experiences and member benefits that elevate every journey with ALL Accor.",SK,Bratislava,https://all.accor.com/a/en/offers.html?city=Bratislava&country=SK&utm_source=mealdeals_scraper,2026-08-07T20:58:14.565034+00:00
Billa Slovakia,,,https://www.billa.sk/,Objavte široký výber čerstvých potravín a kvalitných produktov v BILLA. Užite si pohodlný nákup s domácim doručením alebo osobný odber.,SK,Kosice,https://www.billa.sk/?city=Kosice&country=SK&utm_source=mealdeals_scraper,2026-08-07T20:58:14.592645+00:00
Billa Slovakia,,,https://www.billa.sk/,Objavte široký výber čerstvých potravín a kvalitných produktov v BILLA. Užite si pohodlný nákup s domácim doručením alebo osobný odber.,SK,Bratislava,https://www.billa.sk/?city=Bratislava&country=SK&utm_source=mealdeals_scraper,2026-08-07T20:58:14.562277+00:00
Hard Rock Cafe,+1-800-201-1949,,https://cafe.hardrock.com/,"Welcome to Hard Rock Cafe, our music themed restaurant, serving up Legendary burgers and more.",SK,Kosice,https://www.hardrockcafe.com/?city=Kosice&country=SK&utm_source=mealdeals_scraper,2026-08-07T20:58:14.596359+00:00
Hard Rock Cafe,+1-800-201-1949,,https://cafe.hardrock.com/,"Welcome to Hard Rock Cafe, our music themed restaurant, serving up Legendary burgers and more.",SK,Bratislava,https://www.hardrockcafe.com/?city=Bratislava&country=SK&utm_source=mealdeals_scraper,2026-08-07T20:58:14.565627+00:00
Hilton Hotels,+1-855-672-1138,,https://www.hilton.com/,"Take advantage of hotel offers, unique promotions, and exclusive online specials directly from Hilton Portfolio.",SK,Bratislava,https://www.hilton.com/en/offers/?city=Bratislava&country=SK&utm_source=mealdeals_scraper,2026-08-07T20:58:14.563310+00:00
Hilton Hotels,+1-855-672-1138,,https://www.hilton.com/,"Take advantage of hotel offers, unique promotions, and exclusive online specials directly from Hilton Portfolio.",SK,Kosice,https://www.hilton.com/en/offers/?city=Kosice&country=SK&utm_source=mealdeals_scraper,2026-08-07T20:58:14.593695+00:00
Ibis Hotel,,,https://all.accor.com/hotel/ibis/index.en.shtml,,SK,Kosice,https://all.accor.com/hotel/ibis/index.en.shtml?city=Kosice&country=SK&utm_source=mealdeals_scraper,2026-08-07T20:58:14.594180+00:00
Ibis Hotel,,,https://all.accor.com/hotel/ibis/index.en.shtml,,SK,Bratislava,https://all.accor.com/hotel/ibis/index.en.shtml?city=Bratislava&country=SK&utm_source=mealdeals_scraper,2026-08-07T20:58:14.563771+00:00
Local Pub & Grill,,,https://www.tripadvisor.com/Restaurants,,SK,Kosice,https://www.tripadvisor.com/Restaurants?city=Kosice&country=SK&utm_source=mealdeals_scraper,2026-08-07T20:58:14.595112+00:00
Local Pub & Grill,,,https://www.tripadvisor.com/Restaurants,,SK,Bratislava,https://www.tripadvisor.com/Restaurants?city=Bratislava&country=SK&utm_source=mealdeals_scraper,2026-08-07T20:58:14.564611+00:00
Marriott Hotels,,,https://www.marriott.com/,Make the most of your next stay with hotel deals and promotional travel discounts from Marriott Bonvoy.,SK,Bratislava,https://www.marriott.com/offers.mi?city=Bratislava&country=SK&utm_source=mealdeals_scraper,2026-08-07T20:58:14.562820+00:00
Marriott Hotels,,,https://www.marriott.com/,Make the most of your next stay with hotel deals and promotional travel discounts from Marriott Bonvoy.,SK,Kosice,https://www.marriott.com/offers.mi?city=Kosice&country=SK&utm_source=mealdeals_scraper,2026-08-07T20:58:14.593214+00:00
Starbucks Coffee,,,https://www.starbucks.com/,,SK,Kosice,https://www.starbucks.com/menu?city=Kosice&country=SK&utm_source=mealdeals_scraper,2026-08-07T20:58:14.594603+00:00
Starbucks Coffee,,,https://www.starbucks.com/,,SK,Bratislava,https://www.starbucks.com/menu?city=Bratislava&country=SK&utm_source=mealdeals_scraper,2026-08-07T20:58:14.564206+00:00
Tesco Slovakia,,,https://www.tesco.sk/,,SK,Kosice,https://www.tesco.sk/?city=Kosice&country=SK&utm_source=mealdeals_scraper,2026-08-07T20:58:14.591960+00:00
Tesco Slovakia,,,https://www.tesco.sk/,,SK,Bratislava,https://www.tesco.sk/?city=Bratislava&country=SK&utm_source=mealdeals_scraper,2026-08-07T20:58:14.561685+00:00
Choithrams SL,,,https://www.choithramssl.com/,,SL,Freetown,https://www.choithramssl.com/?city=Freetown&country=SL&utm_source=mealdeals_scraper,2026-08-07T20:58:14.617930+00:00
City Lodge Hotel,,,https://www.clhg.com/,"Discover modern comfort at City Lodge Hotels – offering stylish accommodations, prime urban locations, and exceptional service for business and leisure travelers. Book your stay today!",SL,Freetown,https://www.clhg.com/?city=Freetown&country=SL&utm_source=mealdeals_scraper,2026-08-07T20:58:14.621849+00:00
Debonairs Pizza Restaurant,,,https://www.debonairspizza.co.za/,"Discover bold flavours, epic pizzas and unbeatable value at Debonairs Pizza. Order your favourites online now and enjoy fast delivery or easy pickup today.",SL,Freetown,https://www.debonairspizza.co.za/?city=Freetown&country=SL&utm_source=mealdeals_scraper,2026-08-07T20:58:14.622278+00:00
Hilton Hotels,+1-855-672-1138,,https://www.hilton.com/,"Take advantage of hotel offers, unique promotions, and exclusive online specials directly from Hilton Portfolio.",SL,Freetown,https://www.hilton.com/en/offers/?city=Freetown&country=SL&utm_source=mealdeals_scraper,2026-08-07T20:58:14.619756+00:00
Ibis Hotel,,,https://all.accor.com/hotel/ibis/index.en.shtml,,SL,Freetown,https://all.accor.com/hotel/ibis/index.en.shtml?city=Freetown&country=SL&utm_source=mealdeals_scraper,2026-08-07T20:58:14.620315+00:00
Local Pub & Grill,,,https://www.tripadvisor.com/Restaurants,,SL,Freetown,https://www.tripadvisor.com/Restaurants?city=Freetown&country=SL&utm_source=mealdeals_scraper,2026-08-07T20:58:14.621386+00:00
Marriott Hotels,,,https://www.marriott.com/,Make the most of your next stay with hotel deals and promotional travel discounts from Marriott Bonvoy.,SL,Freetown,https://www.marriott.com/offers.mi?city=Freetown&country=SL&utm_source=mealdeals_scraper,2026-08-07T20:58:14.619179+00:00
Starbucks Coffee,,,https://www.starbucks.com/,,SL,Freetown,https://www.starbucks.com/menu?city=Freetown&country=SL&utm_source=mealdeals_scraper,2026-08-07T20:58:14.620888+00:00
Supermarket SL,,,https://www.supermarket.sl/,,SL,Freetown,https://www.supermarket.sl/?city=Freetown&country=SL&utm_source=mealdeals_scraper,2026-08-07T20:58:14.618576+00:00
City Lodge Hotel,,,https://www.clhg.com/,"Discover modern comfort at City Lodge Hotels – offering stylish accommodations, prime urban locations, and exceptional service for business and leisure travelers. Book your stay today!",SS,Juba,https://www.clhg.com/?city=Juba&country=SS&utm_source=mealdeals_scraper,2026-08-07T20:58:14.646949+00:00
Debonairs Pizza Restaurant,,,https://www.debonairspizza.co.za/,"Discover bold flavours, epic pizzas and unbeatable value at Debonairs Pizza. Order your favourites online now and enjoy fast delivery or easy pickup today.",SS,Juba,https://www.debonairspizza.co.za/?city=Juba&country=SS&utm_source=mealdeals_scraper,2026-08-07T20:58:14.647346+00:00
Hilton Hotels,+1-855-672-1138,,https://www.hilton.com/,"Take advantage of hotel offers, unique promotions, and exclusive online specials directly from Hilton Portfolio.",SS,Juba,https://www.hilton.com/en/offers/?city=Juba&country=SS&utm_source=mealdeals_scraper,2026-08-07T20:58:14.645291+00:00
Ibis Hotel,,,https://all.accor.com/hotel/ibis/index.en.shtml,,SS,Juba,https://all.accor.com/hotel/ibis/index.en.shtml?city=Juba&country=SS&utm_source=mealdeals_scraper,2026-08-07T20:58:14.645703+00:00
Juba Market,,,https://www.jubamarket.com/,,SS,Juba,https://www.jubamarket.com/?city=Juba&country=SS&utm_source=mealdeals_scraper,2026-08-07T20:58:14.643832+00:00
Konyo Konyo,,,https://www.konyokonyo.com/,,SS,Juba,https://www.konyokonyo.com/?city=Juba&country=SS&utm_source=mealdeals_scraper,2026-08-07T20:58:14.644391+00:00
Local Pub & Grill,,,https://www.tripadvisor.com/Restaurants,,SS,Juba,https://www.tripadvisor.com/Restaurants?city=Juba&country=SS&utm_source=mealdeals_scraper,2026-08-07T20:58:14.646534+00:00
Marriott Hotels,,,https://www.marriott.com/,Make the most of your next stay with hotel deals and promotional travel discounts from Marriott Bonvoy.,SS,Juba,https://www.marriott.com/offers.mi?city=Juba&country=SS&utm_source=mealdeals_scraper,2026-08-07T20:58:14.644863+00:00
Starbucks Coffee,,,https://www.starbucks.com/,,SS,Juba,https://www.starbucks.com/menu?city=Juba&country=SS&utm_source=mealdeals_scraper,2026-08-07T20:58:14.646130+00:00
City Lodge Hotel,,,https://www.clhg.com/,"Discover modern comfort at City Lodge Hotels – offering stylish accommodations, prime urban locations, and exceptional service for business and leisure travelers. Book your stay today!",SZ,Manzini,https://www.clhg.com/?city=Manzini&country=SZ&utm_source=mealdeals_scraper,2026-08-07T20:58:14.698554+00:00
City Lodge Hotel,,,https://www.clhg.com/,"Discover modern comfort at City Lodge Hotels – offering stylish accommodations, prime urban locations, and exceptional service for business and leisure travelers. Book your stay today!",SZ,Mbabane,https://www.clhg.com/?city=Mbabane&country=SZ&utm_source=mealdeals_scraper,2026-08-07T20:58:14.671197+00:00
Debonairs Pizza Restaurant,,,https://www.debonairspizza.co.za/,"Discover bold flavours, epic pizzas and unbeatable value at Debonairs Pizza. Order your favourites online now and enjoy fast delivery or easy pickup today.",SZ,Mbabane,https://www.debonairspizza.co.za/?city=Mbabane&country=SZ&utm_source=mealdeals_scraper,2026-08-07T20:58:14.671627+00:00
Debonairs Pizza Restaurant,,,https://www.debonairspizza.co.za/,"Discover bold flavours, epic pizzas and unbeatable value at Debonairs Pizza. Order your favourites online now and enjoy fast delivery or easy pickup today.",SZ,Manzini,https://www.debonairspizza.co.za/?city=Manzini&country=SZ&utm_source=mealdeals_scraper,2026-08-07T20:58:14.698986+00:00
Hilton Hotels,+1-855-672-1138,,https://www.hilton.com/,"Take advantage of hotel offers, unique promotions, and exclusive online specials directly from Hilton Portfolio.",SZ,Mbabane,https://www.hilton.com/en/offers/?city=Mbabane&country=SZ&utm_source=mealdeals_scraper,2026-08-07T20:58:14.669238+00:00
Hilton Hotels,+1-855-672-1138,,https://www.hilton.com/,"Take advantage of hotel offers, unique promotions, and exclusive online specials directly from Hilton Portfolio.",SZ,Manzini,https://www.hilton.com/en/offers/?city=Manzini&country=SZ&utm_source=mealdeals_scraper,2026-08-07T20:58:14.696876+00:00
Ibis Hotel,,,https://all.accor.com/hotel/ibis/index.en.shtml,,SZ,Mbabane,https://all.accor.com/hotel/ibis/index.en.shtml?city=Mbabane&country=SZ&utm_source=mealdeals_scraper,2026-08-07T20:58:14.669910+00:00
Ibis Hotel,,,https://all.accor.com/hotel/ibis/index.en.shtml,,SZ,Manzini,https://all.accor.com/hotel/ibis/index.en.shtml?city=Manzini&country=SZ&utm_source=mealdeals_scraper,2026-08-07T20:58:14.697312+00:00
Local Pub & Grill,,,https://www.tripadvisor.com/Restaurants,,SZ,Manzini,https://www.tripadvisor.com/Restaurants?city=Manzini&country=SZ&utm_source=mealdeals_scraper,2026-08-07T20:58:14.698161+00:00
Local Pub & Grill,,,https://www.tripadvisor.com/Restaurants,,SZ,Mbabane,https://www.tripadvisor.com/Restaurants?city=Mbabane&country=SZ&utm_source=mealdeals_scraper,2026-08-07T20:58:14.670787+00:00
Marriott Hotels,,,https://www.marriott.com/,Make the most of your next stay with hotel deals and promotional travel discounts from Marriott Bonvoy.,SZ,Mbabane,https://www.marriott.com/offers.mi?city=Mbabane&country=SZ&utm_source=mealdeals_scraper,2026-08-07T20:58:14.668768+00:00
Marriott Hotels,,,https://www.marriott.com/,Make the most of your next stay with hotel deals and promotional travel discounts from Marriott Bonvoy.,SZ,Manzini,https://www.marriott.com/offers.mi?city=Manzini&country=SZ&utm_source=mealdeals_scraper,2026-08-07T20:58:14.696423+00:00
Shoprite Eswatini,,,https://www.shoprite.co.sz/,,SZ,Manzini,https://www.shoprite.co.sz/?city=Manzini&country=SZ&utm_source=mealdeals_scraper,2026-08-07T20:58:14.695433+00:00
Shoprite Eswatini,,,https://www.shoprite.co.sz/,,SZ,Mbabane,https://www.shoprite.co.sz/?city=Mbabane&country=SZ&utm_source=mealdeals_scraper,2026-08-07T20:58:14.667777+00:00
Spar Eswatini,,,https://www.spar.co.sz/,,SZ,Mbabane,https://www.spar.co.sz/?city=Mbabane&country=SZ&utm_source=mealdeals_scraper,2026-08-07T20:58:14.668298+00:00
Spar Eswatini,,,https://www.spar.co.sz/,,SZ,Manzini,https://www.spar.co.sz/?city=Manzini&country=SZ&utm_source=mealdeals_scraper,2026-08-07T20:58:14.695981+00:00
Starbucks Coffee,,,https://www.starbucks.com/,,SZ,Mbabane,https://www.starbucks.com/menu?city=Mbabane&country=SZ&utm_source=mealdeals_scraper,2026-08-07T20:58:14.670362+00:00
Starbucks Coffee,,,https://www.starbucks.com/,,SZ,Manzini,https://www.starbucks.com/menu?city=Manzini&country=SZ&utm_source=mealdeals_scraper,2026-08-07T20:58:14.697738+00:00
7-Eleven Thailand,028267744,,https://www.7eleven.co.th/,พบสินค้าและโปรโมชั่นจากเซเว่น อีเลฟเว่น พร้อมข่าวสารและกิจกรรมมากมาย อัพเดตก่อนใครทุกเดือน! www.7eleven.co.th,TH,Udon Thani,https://www.7eleven.co.th/?city=Udon+Thani&country=TH&utm_source=mealdeals_scraper,2026-08-07T20:58:09.128478+00:00
7-Eleven Thailand,028267744,,https://www.7eleven.co.th/,พบสินค้าและโปรโมชั่นจากเซเว่น อีเลฟเว่น พร้อมข่าวสารและกิจกรรมมากมาย อัพเดตก่อนใครทุกเดือน! www.7eleven.co.th,TH,Phuket,https://www.7eleven.co.th/?city=Phuket&country=TH&utm_source=mealdeals_scraper,2026-08-07T20:58:08.964489+00:00
7-Eleven Thailand,028267744,,https://www.7eleven.co.th/,พบสินค้าและโปรโมชั่นจากเซเว่น อีเลฟเว่น พร้อมข่าวสารและกิจกรรมมากมาย อัพเดตก่อนใครทุกเดือน! www.7eleven.co.th,TH,Krabi,https://www.7eleven.co.th/?city=Krabi&country=TH&utm_source=mealdeals_scraper,2026-08-07T20:58:09.098360+00:00
7-Eleven Thailand,028267744,,https://www.7eleven.co.th/,พบสินค้าและโปรโมชั่นจากเซเว่น อีเลฟเว่น พร้อมข่าวสารและกิจกรรมมากมาย อัพเดตก่อนใครทุกเดือน! www.7eleven.co.th,TH,Hat Yai,https://www.7eleven.co.th/?city=Hat+Yai&country=TH&utm_source=mealdeals_scraper,2026-08-07T20:58:09.026048+00:00
7-Eleven Thailand,028267744,,https://www.7eleven.co.th/,พบสินค้าและโปรโมชั่นจากเซเว่น อีเลฟเว่น พร้อมข่าวสารและกิจกรรมมากมาย อัพเดตก่อนใครทุกเดือน! www.7eleven.co.th,TH,Hua Hin,https://www.7eleven.co.th/?city=Hua+Hin&country=TH&utm_source=mealdeals_scraper,2026-08-07T20:58:09.071144+00:00
7-Eleven Thailand,028267744,,https://www.7eleven.co.th/,พบสินค้าและโปรโมชั่นจากเซเว่น อีเลฟเว่น พร้อมข่าวสารและกิจกรรมมากมาย อัพเดตก่อนใครทุกเดือน! www.7eleven.co.th,TH,Khon Kaen,https://www.7eleven.co.th/?city=Khon+Kaen&country=TH&utm_source=mealdeals_scraper,2026-08-07T20:58:09.046144+00:00
7-Eleven Thailand,028267744,,https://www.7eleven.co.th/,พบสินค้าและโปรโมชั่นจากเซเว่น อีเลฟเว่น พร้อมข่าวสารและกิจกรรมมากมาย อัพเดตก่อนใครทุกเดือน! www.7eleven.co.th,TH,Chiang Mai,https://www.7eleven.co.th/?city=Chiang+Mai&country=TH&utm_source=mealdeals_scraper,2026-08-07T20:58:08.943912+00:00
7-Eleven Thailand,028267744,,https://www.7eleven.co.th/,พบสินค้าและโปรโมชั่นจากเซเว่น อีเลฟเว่น พร้อมข่าวสารและกิจกรรมมากมาย อัพเดตก่อนใครทุกเดือน! www.7eleven.co.th,TH,Bangkok,https://www.7eleven.co.th/?city=Bangkok&country=TH&utm_source=mealdeals_scraper,2026-08-07T20:58:08.922723+00:00
7-Eleven Thailand,028267744,,https://www.7eleven.co.th/,พบสินค้าและโปรโมชั่นจากเซเว่น อีเลฟเว่น พร้อมข่าวสารและกิจกรรมมากมาย อัพเดตก่อนใครทุกเดือน! www.7eleven.co.th,TH,Chiang Rai,https://www.7eleven.co.th/?city=Chiang+Rai&country=TH&utm_source=mealdeals_scraper,2026-08-07T20:58:09.004883+00:00
7-Eleven Thailand,028267744,,https://www.7eleven.co.th/,พบสินค้าและโปรโมชั่นจากเซเว่น อีเลฟเว่น พร้อมข่าวสารและกิจกรรมมากมาย อัพเดตก่อนใครทุกเดือน! www.7eleven.co.th,TH,Pattaya,https://www.7eleven.co.th/?city=Pattaya&country=TH&utm_source=mealdeals_scraper,2026-08-07T20:58:08.983999+00:00
Accor Hotels,,,https://all.accor.com/,"Discover exclusive hotel offers, bonus Reward Points, unforgettable experiences and member benefits that elevate every journey with ALL Accor.",TH,Hat Yai,https://all.accor.com/a/en/offers.html?city=Hat+Yai&country=TH&utm_source=mealdeals_scraper,2026-08-07T20:58:09.028088+00:00
Accor Hotels,,,https://all.accor.com/,"Discover exclusive hotel offers, bonus Reward Points, unforgettable experiences and member benefits that elevate every journey with ALL Accor.",TH,Bangkok,https://all.accor.com/a/en/offers.html?city=Bangkok&country=TH&utm_source=mealdeals_scraper,2026-08-07T20:58:08.925035+00:00
Accor Hotels,,,https://all.accor.com/,"Discover exclusive hotel offers, bonus Reward Points, unforgettable experiences and member benefits that elevate every journey with ALL Accor.",TH,Pattaya,https://all.accor.com/a/en/offers.html?city=Pattaya&country=TH&utm_source=mealdeals_scraper,2026-08-07T20:58:08.986379+00:00
Accor Hotels,,,https://all.accor.com/,"Discover exclusive hotel offers, bonus Reward Points, unforgettable experiences and member benefits that elevate every journey with ALL Accor.",TH,Phuket,https://all.accor.com/a/en/offers.html?city=Phuket&country=TH&utm_source=mealdeals_scraper,2026-08-07T20:58:08.966628+00:00
Accor Hotels,,,https://all.accor.com/,"Discover exclusive hotel offers, bonus Reward Points, unforgettable experiences and member benefits that elevate every journey with ALL Accor.",TH,Udon Thani,https://all.accor.com/a/en/offers.html?city=Udon+Thani&country=TH&utm_source=mealdeals_scraper,2026-08-07T20:58:09.130700+00:00
Accor Hotels,,,https://all.accor.com/,"Discover exclusive hotel offers, bonus Reward Points, unforgettable experiences and member benefits that elevate every journey with ALL Accor.",TH,Chiang Rai,https://all.accor.com/a/en/offers.html?city=Chiang+Rai&country=TH&utm_source=mealdeals_scraper,2026-08-07T20:58:09.007231+00:00
Accor Hotels,,,https://all.accor.com/,"Discover exclusive hotel offers, bonus Reward Points, unforgettable experiences and member benefits that elevate every journey with ALL Accor.",TH,Hua Hin,https://all.accor.com/a/en/offers.html?city=Hua+Hin&country=TH&utm_source=mealdeals_scraper,2026-08-07T20:58:09.073657+00:00
Accor Hotels,,,https://all.accor.com/,"Discover exclusive hotel offers, bonus Reward Points, unforgettable experiences and member benefits that elevate every journey with ALL Accor.",TH,Khon Kaen,https://all.accor.com/a/en/offers.html?city=Khon+Kaen&country=TH&utm_source=mealdeals_scraper,2026-08-07T20:58:09.048157+00:00
Accor Hotels,,,https://all.accor.com/,"Discover exclusive hotel offers, bonus Reward Points, unforgettable experiences and member benefits that elevate every journey with ALL Accor.",TH,Krabi,https://all.accor.com/a/en/offers.html?city=Krabi&country=TH&utm_source=mealdeals_scraper,2026-08-07T20:58:09.103945+00:00
Accor Hotels,,,https://all.accor.com/,"Discover exclusive hotel offers, bonus Reward Points, unforgettable experiences and member benefits that elevate every journey with ALL Accor.",TH,Chiang Mai,https://all.accor.com/a/en/offers.html?city=Chiang+Mai&country=TH&utm_source=mealdeals_scraper,2026-08-07T20:58:08.945804+00:00
After You Cafe,,,https://www.afteryoudessertcafe.com/,,TH,Hat Yai,https://www.afteryoudessertcafe.com/?city=Hat+Yai&country=TH&utm_source=mealdeals_scraper,2026-08-07T20:58:09.028540+00:00
After You Cafe,,,https://www.afteryoudessertcafe.com/,,TH,Khon Kaen,https://www.afteryoudessertcafe.com/?city=Khon+Kaen&country=TH&utm_source=mealdeals_scraper,2026-08-07T20:58:09.048591+00:00
After You Cafe,,,https://www.afteryoudessertcafe.com/,,TH,Udon Thani,https://www.afteryoudessertcafe.com/?city=Udon+Thani&country=TH&utm_source=mealdeals_scraper,2026-08-07T20:58:09.131144+00:00
After You Cafe,,,https://www.afteryoudessertcafe.com/,,TH,Chiang Mai,https://www.afteryoudessertcafe.com/?city=Chiang+Mai&country=TH&utm_source=mealdeals_scraper,2026-08-07T20:58:08.946230+00:00
After You Cafe,,,https://www.afteryoudessertcafe.com/,,TH,Chiang Rai,https://www.afteryoudessertcafe.com/?city=Chiang+Rai&country=TH&utm_source=mealdeals_scraper,2026-08-07T20:58:09.007742+00:00
After You Cafe,,,https://www.afteryoudessertcafe.com/,,TH,Hua Hin,https://www.afteryoudessertcafe.com/?city=Hua+Hin&country=TH&utm_source=mealdeals_scraper,2026-08-07T20:58:09.074216+00:00
After You Cafe,,,https://www.afteryoudessertcafe.com/,,TH,Bangkok,https://www.afteryoudessertcafe.com/?city=Bangkok&country=TH&utm_source=mealdeals_scraper,2026-08-07T20:58:08.925471+00:00
After You Cafe,,,https://www.afteryoudessertcafe.com/,,TH,Pattaya,https://www.afteryoudessertcafe.com/?city=Pattaya&country=TH&utm_source=mealdeals_scraper,2026-08-07T20:58:08.986973+00:00
After You Cafe,,,https://www.afteryoudessertcafe.com/,,TH,Krabi,https://www.afteryoudessertcafe.com/?city=Krabi&country=TH&utm_source=mealdeals_scraper,2026-08-07T20:58:09.104828+00:00
After You Cafe,,,https://www.afteryoudessertcafe.com/,,TH,Phuket,https://www.afteryoudessertcafe.com/?city=Phuket&country=TH&utm_source=mealdeals_scraper,2026-08-07T20:58:08.967096+00:00
Big C,,,https://www.bigc.co.th/,,TH,Khon Kaen,https://www.bigc.co.th/?city=Khon+Kaen&country=TH&utm_source=mealdeals_scraper,2026-08-07T20:58:09.046756+00:00
Big C,,,https://www.bigc.co.th/,,TH,Hat Yai,https://www.bigc.co.th/?city=Hat+Yai&country=TH&utm_source=mealdeals_scraper,2026-08-07T20:58:09.026686+00:00
Big C,,,https://www.bigc.co.th/,,TH,Udon Thani,https://www.bigc.co.th/?city=Udon+Thani&country=TH&utm_source=mealdeals_scraper,2026-08-07T20:58:09.129216+00:00
Big C,,,https://www.bigc.co.th/,,TH,Phuket,https://www.bigc.co.th/?city=Phuket&country=TH&utm_source=mealdeals_scraper,2026-08-07T20:58:08.965071+00:00
Big C,,,https://www.bigc.co.th/,,TH,Chiang Mai,https://www.bigc.co.th/?city=Chiang+Mai&country=TH&utm_source=mealdeals_scraper,2026-08-07T20:58:08.944467+00:00
Big C,,,https://www.bigc.co.th/,,TH,Pattaya,https://www.bigc.co.th/?city=Pattaya&country=TH&utm_source=mealdeals_scraper,2026-08-07T20:58:08.984630+00:00
Big C,,,https://www.bigc.co.th/,,TH,Hua Hin,https://www.bigc.co.th/?city=Hua+Hin&country=TH&utm_source=mealdeals_scraper,2026-08-07T20:58:09.071840+00:00
Big C,,,https://www.bigc.co.th/,,TH,Chiang Rai,https://www.bigc.co.th/?city=Chiang+Rai&country=TH&utm_source=mealdeals_scraper,2026-08-07T20:58:09.005525+00:00
Big C,,,https://www.bigc.co.th/,,TH,Bangkok,https://www.bigc.co.th/?city=Bangkok&country=TH&utm_source=mealdeals_scraper,2026-08-07T20:58:08.923357+00:00
Big C,,,https://www.bigc.co.th/,,TH,Krabi,https://www.bigc.co.th/?city=Krabi&country=TH&utm_source=mealdeals_scraper,2026-08-07T20:58:09.099480+00:00
Foodland,,,https://www.foodland.co.th/,Think of food Think of foodland,TH,Udon Thani,https://www.foodland.co.th/?city=Udon+Thani&country=TH&utm_source=mealdeals_scraper,2026-08-07T20:58:09.129799+00:00
Foodland,,,https://www.foodland.co.th/,Think of food Think of foodland,TH,Bangkok,https://www.foodland.co.th/?city=Bangkok&country=TH&utm_source=mealdeals_scraper,2026-08-07T20:58:08.923936+00:00
Foodland,,,https://www.foodland.co.th/,Think of food Think of foodland,TH,Chiang Rai,https://www.foodland.co.th/?city=Chiang+Rai&country=TH&utm_source=mealdeals_scraper,2026-08-07T20:58:09.006113+00:00
Foodland,,,https://www.foodland.co.th/,Think of food Think of foodland,TH,Krabi,https://www.foodland.co.th/?city=Krabi&country=TH&utm_source=mealdeals_scraper,2026-08-07T20:58:09.100854+00:00
Foodland,,,https://www.foodland.co.th/,Think of food Think of foodland,TH,Hua Hin,https://www.foodland.co.th/?city=Hua+Hin&country=TH&utm_source=mealdeals_scraper,2026-08-07T20:58:09.072449+00:00
Foodland,,,https://www.foodland.co.th/,Think of food Think of foodland,TH,Hat Yai,https://www.foodland.co.th/?city=Hat+Yai&country=TH&utm_source=mealdeals_scraper,2026-08-07T20:58:09.027205+00:00
Foodland,,,https://www.foodland.co.th/,Think of food Think of foodland,TH,Chiang Mai,https://www.foodland.co.th/?city=Chiang+Mai&country=TH&utm_source=mealdeals_scraper,2026-08-07T20:58:08.944942+00:00
Foodland,,,https://www.foodland.co.th/,Think of food Think of foodland,TH,Pattaya,https://www.foodland.co.th/?city=Pattaya&country=TH&utm_source=mealdeals_scraper,2026-08-07T20:58:08.985216+00:00
Foodland,,,https://www.foodland.co.th/,Think of food Think of foodland,TH,Khon Kaen,https://www.foodland.co.th/?city=Khon+Kaen&country=TH&utm_source=mealdeals_scraper,2026-08-07T20:58:09.047219+00:00
Foodland,,,https://www.foodland.co.th/,Think of food Think of foodland,TH,Phuket,https://www.foodland.co.th/?city=Phuket&country=TH&utm_source=mealdeals_scraper,2026-08-07T20:58:08.965581+00:00
Marriott Hotels,,,https://www.marriott.com/,Make the most of your next stay with hotel deals and promotional travel discounts from Marriott Bonvoy.,TH,Udon Thani,https://www.marriott.com/en-us/offers.mi?city=Udon+Thani&country=TH&utm_source=mealdeals_scraper,2026-08-07T20:58:09.130252+00:00
Marriott Hotels,,,https://www.marriott.com/,Make the most of your next stay with hotel deals and promotional travel discounts from Marriott Bonvoy.,TH,Hat Yai,https://www.marriott.com/en-us/offers.mi?city=Hat+Yai&country=TH&utm_source=mealdeals_scraper,2026-08-07T20:58:09.027639+00:00
Marriott Hotels,,,https://www.marriott.com/,Make the most of your next stay with hotel deals and promotional travel discounts from Marriott Bonvoy.,TH,Bangkok,https://www.marriott.com/en-us/offers.mi?city=Bangkok&country=TH&utm_source=mealdeals_scraper,2026-08-07T20:58:08.924517+00:00
Marriott Hotels,,,https://www.marriott.com/,Make the most of your next stay with hotel deals and promotional travel discounts from Marriott Bonvoy.,TH,Hua Hin,https://www.marriott.com/en-us/offers.mi?city=Hua+Hin&country=TH&utm_source=mealdeals_scraper,2026-08-07T20:58:09.073064+00:00
Marriott Hotels,,,https://www.marriott.com/,Make the most of your next stay with hotel deals and promotional travel discounts from Marriott Bonvoy.,TH,Khon Kaen,https://www.marriott.com/en-us/offers.mi?city=Khon+Kaen&country=TH&utm_source=mealdeals_scraper,2026-08-07T20:58:09.047704+00:00
Marriott Hotels,,,https://www.marriott.com/,Make the most of your next stay with hotel deals and promotional travel discounts from Marriott Bonvoy.,TH,Krabi,https://www.marriott.com/en-us/offers.mi?city=Krabi&country=TH&utm_source=mealdeals_scraper,2026-08-07T20:58:09.102850+00:00
Marriott Hotels,,,https://www.marriott.com/,Make the most of your next stay with hotel deals and promotional travel discounts from Marriott Bonvoy.,TH,Chiang Mai,https://www.marriott.com/en-us/offers.mi?city=Chiang+Mai&country=TH&utm_source=mealdeals_scraper,2026-08-07T20:58:08.945366+00:00
Marriott Hotels,,,https://www.marriott.com/,Make the most of your next stay with hotel deals and promotional travel discounts from Marriott Bonvoy.,TH,Pattaya,https://www.marriott.com/en-us/offers.mi?city=Pattaya&country=TH&utm_source=mealdeals_scraper,2026-08-07T20:58:08.985798+00:00
Marriott Hotels,,,https://www.marriott.com/,Make the most of your next stay with hotel deals and promotional travel discounts from Marriott Bonvoy.,TH,Phuket,https://www.marriott.com/en-us/offers.mi?city=Phuket&country=TH&utm_source=mealdeals_scraper,2026-08-07T20:58:08.966150+00:00
Marriott Hotels,,,https://www.marriott.com/,Make the most of your next stay with hotel deals and promotional travel discounts from Marriott Bonvoy.,TH,Chiang Rai,https://www.marriott.com/en-us/offers.mi?city=Chiang+Rai&country=TH&utm_source=mealdeals_scraper,2026-08-07T20:58:09.006676+00:00
MK Restaurant,,,https://www.mkrestaurant.com/,สุดคุ้ม สุขลุ้น สั่งเลยทั้ง สุกี้ บะหมี่หยก เป็ดย่าง และอีกหลากหลายเมนู มีทั้งขนมจีบ ซาลาเปา อาหารจานเดียว ข้าวและบะหมี่หน้าต่างๆ ให้คุณเลือกสรรอีกเพียบ,TH,Khon Kaen,https://www.mkrestaurant.com/?city=Khon+Kaen&country=TH&utm_source=mealdeals_scraper,2026-08-07T20:58:09.048989+00:00
MK Restaurant,,,https://www.mkrestaurant.com/,สุดคุ้ม สุขลุ้น สั่งเลยทั้ง สุกี้ บะหมี่หยก เป็ดย่าง และอีกหลากหลายเมนู มีทั้งขนมจีบ ซาลาเปา อาหารจานเดียว ข้าวและบะหมี่หน้าต่างๆ ให้คุณเลือกสรรอีกเพียบ,TH,Hat Yai,https://www.mkrestaurant.com/?city=Hat+Yai&country=TH&utm_source=mealdeals_scraper,2026-08-07T20:58:09.028995+00:00
MK Restaurant,,,https://www.mkrestaurant.com/,สุดคุ้ม สุขลุ้น สั่งเลยทั้ง สุกี้ บะหมี่หยก เป็ดย่าง และอีกหลากหลายเมนู มีทั้งขนมจีบ ซาลาเปา อาหารจานเดียว ข้าวและบะหมี่หน้าต่างๆ ให้คุณเลือกสรรอีกเพียบ,TH,Pattaya,https://www.mkrestaurant.com/?city=Pattaya&country=TH&utm_source=mealdeals_scraper,2026-08-07T20:58:08.987514+00:00
MK Restaurant,,,https://www.mkrestaurant.com/,สุดคุ้ม สุขลุ้น สั่งเลยทั้ง สุกี้ บะหมี่หยก เป็ดย่าง และอีกหลากหลายเมนู มีทั้งขนมจีบ ซาลาเปา อาหารจานเดียว ข้าวและบะหมี่หน้าต่างๆ ให้คุณเลือกสรรอีกเพียบ,TH,Krabi,https://www.mkrestaurant.com/?city=Krabi&country=TH&utm_source=mealdeals_scraper,2026-08-07T20:58:09.106032+00:00
MK Restaurant,,,https://www.mkrestaurant.com/,สุดคุ้ม สุขลุ้น สั่งเลยทั้ง สุกี้ บะหมี่หยก เป็ดย่าง และอีกหลากหลายเมนู มีทั้งขนมจีบ ซาลาเปา อาหารจานเดียว ข้าวและบะหมี่หน้าต่างๆ ให้คุณเลือกสรรอีกเพียบ,TH,Udon Thani,https://www.mkrestaurant.com/?city=Udon+Thani&country=TH&utm_source=mealdeals_scraper,2026-08-07T20:58:09.131554+00:00
MK Restaurant,,,https://www.mkrestaurant.com/,สุดคุ้ม สุขลุ้น สั่งเลยทั้ง สุกี้ บะหมี่หยก เป็ดย่าง และอีกหลากหลายเมนู มีทั้งขนมจีบ ซาลาเปา อาหารจานเดียว ข้าวและบะหมี่หน้าต่างๆ ให้คุณเลือกสรรอีกเพียบ,TH,Hua Hin,https://www.mkrestaurant.com/?city=Hua+Hin&country=TH&utm_source=mealdeals_scraper,2026-08-07T20:58:09.074685+00:00
MK Restaurant,,,https://www.mkrestaurant.com/,สุดคุ้ม สุขลุ้น สั่งเลยทั้ง สุกี้ บะหมี่หยก เป็ดย่าง และอีกหลากหลายเมนู มีทั้งขนมจีบ ซาลาเปา อาหารจานเดียว ข้าวและบะหมี่หน้าต่างๆ ให้คุณเลือกสรรอีกเพียบ,TH,Chiang Rai,https://www.mkrestaurant.com/?city=Chiang+Rai&country=TH&utm_source=mealdeals_scraper,2026-08-07T20:58:09.008189+00:00
MK Restaurant,,,https://www.mkrestaurant.com/,สุดคุ้ม สุขลุ้น สั่งเลยทั้ง สุกี้ บะหมี่หยก เป็ดย่าง และอีกหลากหลายเมนู มีทั้งขนมจีบ ซาลาเปา อาหารจานเดียว ข้าวและบะหมี่หน้าต่างๆ ให้คุณเลือกสรรอีกเพียบ,TH,Phuket,https://www.mkrestaurant.com/?city=Phuket&country=TH&utm_source=mealdeals_scraper,2026-08-07T20:58:08.967519+00:00
MK Restaurant,,,https://www.mkrestaurant.com/,สุดคุ้ม สุขลุ้น สั่งเลยทั้ง สุกี้ บะหมี่หยก เป็ดย่าง และอีกหลากหลายเมนู มีทั้งขนมจีบ ซาลาเปา อาหารจานเดียว ข้าวและบะหมี่หน้าต่างๆ ให้คุณเลือกสรรอีกเพียบ,TH,Chiang Mai,https://www.mkrestaurant.com/?city=Chiang+Mai&country=TH&utm_source=mealdeals_scraper,2026-08-07T20:58:08.946630+00:00
MK Restaurant,,,https://www.mkrestaurant.com/,สุดคุ้ม สุขลุ้น สั่งเลยทั้ง สุกี้ บะหมี่หยก เป็ดย่าง และอีกหลากหลายเมนู มีทั้งขนมจีบ ซาลาเปา อาหารจานเดียว ข้าวและบะหมี่หน้าต่างๆ ให้คุณเลือกสรรอีกเพียบ,TH,Bangkok,https://www.mkrestaurant.com/?city=Bangkok&country=TH&utm_source=mealdeals_scraper,2026-08-07T20:58:08.925912+00:00
Singha Bar,,,https://www.singha.com/,"Welcome to the official website of Singha, the original Thai beer since 1933. Discover our story, products, upcoming events, or get in touch with us.",TH,Pattaya,https://www.singha.com/?city=Pattaya&country=TH&utm_source=mealdeals_scraper,2026-08-07T20:58:08.987969+00:00
Singha Bar,,,https://www.singha.com/,"Welcome to the official website of Singha, the original Thai beer since 1933. Discover our story, products, upcoming events, or get in touch with us.",TH,Hua Hin,https://www.singha.com/?city=Hua+Hin&country=TH&utm_source=mealdeals_scraper,2026-08-07T20:58:09.075190+00:00
Singha Bar,,,https://www.singha.com/,"Welcome to the official website of Singha, the original Thai beer since 1933. Discover our story, products, upcoming events, or get in touch with us.",TH,Phuket,https://www.singha.com/?city=Phuket&country=TH&utm_source=mealdeals_scraper,2026-08-07T20:58:08.967942+00:00
Singha Bar,,,https://www.singha.com/,"Welcome to the official website of Singha, the original Thai beer since 1933. Discover our story, products, upcoming events, or get in touch with us.",TH,Chiang Rai,https://www.singha.com/?city=Chiang+Rai&country=TH&utm_source=mealdeals_scraper,2026-08-07T20:58:09.008596+00:00
Singha Bar,,,https://www.singha.com/,"Welcome to the official website of Singha, the original Thai beer since 1933. Discover our story, products, upcoming events, or get in touch with us.",TH,Udon Thani,https://www.singha.com/?city=Udon+Thani&country=TH&utm_source=mealdeals_scraper,2026-08-07T20:58:09.131964+00:00
Singha Bar,,,https://www.singha.com/,"Welcome to the official website of Singha, the original Thai beer since 1933. Discover our story, products, upcoming events, or get in touch with us.",TH,Bangkok,https://www.singha.com/?city=Bangkok&country=TH&utm_source=mealdeals_scraper,2026-08-07T20:58:08.926371+00:00
Singha Bar,,,https://www.singha.com/,"Welcome to the official website of Singha, the original Thai beer since 1933. Discover our story, products, upcoming events, or get in touch with us.",TH,Krabi,https://www.singha.com/?city=Krabi&country=TH&utm_source=mealdeals_scraper,2026-08-07T20:58:09.107629+00:00
Singha Bar,,,https://www.singha.com/,"Welcome to the official website of Singha, the original Thai beer since 1933. Discover our story, products, upcoming events, or get in touch with us.",TH,Chiang Mai,https://www.singha.com/?city=Chiang+Mai&country=TH&utm_source=mealdeals_scraper,2026-08-07T20:58:08.947055+00:00
Singha Bar,,,https://www.singha.com/,"Welcome to the official website of Singha, the original Thai beer since 1933. Discover our story, products, upcoming events, or get in touch with us.",TH,Hat Yai,https://www.singha.com/?city=Hat+Yai&country=TH&utm_source=mealdeals_scraper,2026-08-07T20:58:09.029392+00:00
Singha Bar,,,https://www.singha.com/,"Welcome to the official website of Singha, the original Thai beer since 1933. Discover our story, products, upcoming events, or get in touch with us.",TH,Khon Kaen,https://www.singha.com/?city=Khon+Kaen&country=TH&utm_source=mealdeals_scraper,2026-08-07T20:58:09.049377+00:00
Carrefour Tunisia,,,https://www.carrefour.tn/,,TN,Tunis,https://www.carrefour.tn/?city=Tunis&country=TN&utm_source=mealdeals_scraper,2026-08-07T20:58:14.725870+00:00
Carrefour Tunisia,,,https://www.carrefour.tn/,,TN,Sousse,https://www.carrefour.tn/?city=Sousse&country=TN&utm_source=mealdeals_scraper,2026-08-07T20:58:14.777440+00:00
Carrefour Tunisia,,,https://www.carrefour.tn/,,TN,Sfax,https://www.carrefour.tn/?city=Sfax&country=TN&utm_source=mealdeals_scraper,2026-08-07T20:58:14.751442+00:00
City Lodge Hotel,,,https://www.clhg.com/,"Discover modern comfort at City Lodge Hotels – offering stylish accommodations, prime urban locations, and exceptional service for business and leisure travelers. Book your stay today!",TN,Tunis,https://www.clhg.com/?city=Tunis&country=TN&utm_source=mealdeals_scraper,2026-08-07T20:58:14.729277+00:00
City Lodge Hotel,,,https://www.clhg.com/,"Discover modern comfort at City Lodge Hotels – offering stylish accommodations, prime urban locations, and exceptional service for business and leisure travelers. Book your stay today!",TN,Sousse,https://www.clhg.com/?city=Sousse&country=TN&utm_source=mealdeals_scraper,2026-08-07T20:58:14.780958+00:00
City Lodge Hotel,,,https://www.clhg.com/,"Discover modern comfort at City Lodge Hotels – offering stylish accommodations, prime urban locations, and exceptional service for business and leisure travelers. Book your stay today!",TN,Sfax,https://www.clhg.com/?city=Sfax&country=TN&utm_source=mealdeals_scraper,2026-08-07T20:58:14.755231+00:00
Debonairs Pizza Restaurant,,,https://www.debonairspizza.co.za/,"Discover bold flavours, epic pizzas and unbeatable value at Debonairs Pizza. Order your favourites online now and enjoy fast delivery or easy pickup today.",TN,Sousse,https://www.debonairspizza.co.za/?city=Sousse&country=TN&utm_source=mealdeals_scraper,2026-08-07T20:58:14.781367+00:00
Debonairs Pizza Restaurant,,,https://www.debonairspizza.co.za/,"Discover bold flavours, epic pizzas and unbeatable value at Debonairs Pizza. Order your favourites online now and enjoy fast delivery or easy pickup today.",TN,Tunis,https://www.debonairspizza.co.za/?city=Tunis&country=TN&utm_source=mealdeals_scraper,2026-08-07T20:58:14.729932+00:00
Debonairs Pizza Restaurant,,,https://www.debonairspizza.co.za/,"Discover bold flavours, epic pizzas and unbeatable value at Debonairs Pizza. Order your favourites online now and enjoy fast delivery or easy pickup today.",TN,Sfax,https://www.debonairspizza.co.za/?city=Sfax&country=TN&utm_source=mealdeals_scraper,2026-08-07T20:58:14.755633+00:00
Hilton Hotels,+1-855-672-1138,,https://www.hilton.com/,"Take advantage of hotel offers, unique promotions, and exclusive online specials directly from Hilton Portfolio.",TN,Sfax,https://www.hilton.com/en/offers/?city=Sfax&country=TN&utm_source=mealdeals_scraper,2026-08-07T20:58:14.753317+00:00
Hilton Hotels,+1-855-672-1138,,https://www.hilton.com/,"Take advantage of hotel offers, unique promotions, and exclusive online specials directly from Hilton Portfolio.",TN,Sousse,https://www.hilton.com/en/offers/?city=Sousse&country=TN&utm_source=mealdeals_scraper,2026-08-07T20:58:14.779164+00:00
Hilton Hotels,+1-855-672-1138,,https://www.hilton.com/,"Take advantage of hotel offers, unique promotions, and exclusive online specials directly from Hilton Portfolio.",TN,Tunis,https://www.hilton.com/en/offers/?city=Tunis&country=TN&utm_source=mealdeals_scraper,2026-08-07T20:58:14.727462+00:00
Ibis Hotel,,,https://all.accor.com/hotel/ibis/index.en.shtml,,TN,Sfax,https://all.accor.com/hotel/ibis/index.en.shtml?city=Sfax&country=TN&utm_source=mealdeals_scraper,2026-08-07T20:58:14.753892+00:00
Ibis Hotel,,,https://all.accor.com/hotel/ibis/index.en.shtml,,TN,Tunis,https://all.accor.com/hotel/ibis/index.en.shtml?city=Tunis&country=TN&utm_source=mealdeals_scraper,2026-08-07T20:58:14.727915+00:00
Ibis Hotel,,,https://all.accor.com/hotel/ibis/index.en.shtml,,TN,Sousse,https://all.accor.com/hotel/ibis/index.en.shtml?city=Sousse&country=TN&utm_source=mealdeals_scraper,2026-08-07T20:58:14.779640+00:00
Local Pub & Grill,,,https://www.tripadvisor.com/Restaurants,,TN,Tunis,https://www.tripadvisor.com/Restaurants?city=Tunis&country=TN&utm_source=mealdeals_scraper,2026-08-07T20:58:14.728790+00:00
Local Pub & Grill,,,https://www.tripadvisor.com/Restaurants,,TN,Sfax,https://www.tripadvisor.com/Restaurants?city=Sfax&country=TN&utm_source=mealdeals_scraper,2026-08-07T20:58:14.754810+00:00
Local Pub & Grill,,,https://www.tripadvisor.com/Restaurants,,TN,Sousse,https://www.tripadvisor.com/Restaurants?city=Sousse&country=TN&utm_source=mealdeals_scraper,2026-08-07T20:58:14.780518+00:00
Marriott Hotels,,,https://www.marriott.com/,Make the most of your next stay with hotel deals and promotional travel discounts from Marriott Bonvoy.,TN,Sousse,https://www.marriott.com/offers.mi?city=Sousse&country=TN&utm_source=mealdeals_scraper,2026-08-07T20:58:14.778554+00:00
Marriott Hotels,,,https://www.marriott.com/,Make the most of your next stay with hotel deals and promotional travel discounts from Marriott Bonvoy.,TN,Tunis,https://www.marriott.com/offers.mi?city=Tunis&country=TN&utm_source=mealdeals_scraper,2026-08-07T20:58:14.727022+00:00
Marriott Hotels,,,https://www.marriott.com/,Make the most of your next stay with hotel deals and promotional travel discounts from Marriott Bonvoy.,TN,Sfax,https://www.marriott.com/offers.mi?city=Sfax&country=TN&utm_source=mealdeals_scraper,2026-08-07T20:58:14.752701+00:00
Monoprix Tunisia,,,https://www.monoprix.tn/,,TN,Sfax,https://www.monoprix.tn/?city=Sfax&country=TN&utm_source=mealdeals_scraper,2026-08-07T20:58:14.752099+00:00
Monoprix Tunisia,,,https://www.monoprix.tn/,,TN,Sousse,https://www.monoprix.tn/?city=Sousse&country=TN&utm_source=mealdeals_scraper,2026-08-07T20:58:14.778065+00:00
Monoprix Tunisia,,,https://www.monoprix.tn/,,TN,Tunis,https://www.monoprix.tn/?city=Tunis&country=TN&utm_source=mealdeals_scraper,2026-08-07T20:58:14.726504+00:00
Starbucks Coffee,,,https://www.starbucks.com/,,TN,Sfax,https://www.starbucks.com/menu?city=Sfax&country=TN&utm_source=mealdeals_scraper,2026-08-07T20:58:14.754374+00:00
Starbucks Coffee,,,https://www.starbucks.com/,,TN,Sousse,https://www.starbucks.com/menu?city=Sousse&country=TN&utm_source=mealdeals_scraper,2026-08-07T20:58:14.780096+00:00
Starbucks Coffee,,,https://www.starbucks.com/,,TN,Tunis,https://www.starbucks.com/menu?city=Tunis&country=TN&utm_source=mealdeals_scraper,2026-08-07T20:58:14.728336+00:00
Accor Hotels,,,https://all.accor.com/,"Discover exclusive hotel offers, bonus Reward Points, unforgettable experiences and member benefits that elevate every journey with ALL Accor.",TO,Nukualofa,https://all.accor.com/a/en/offers.html?city=Nukualofa&country=TO&utm_source=mealdeals_scraper,2026-08-07T20:58:14.806313+00:00
Friendly Islands Market,,,https://www.friendlyislands.to/,,TO,Nukualofa,https://www.friendlyislands.to/?city=Nukualofa&country=TO&utm_source=mealdeals_scraper,2026-08-07T20:58:14.802250+00:00
Hilton Hotels,+1-855-672-1138,,https://www.hilton.com/,"Take advantage of hotel offers, unique promotions, and exclusive online specials directly from Hilton Portfolio.",TO,Nukualofa,https://www.hilton.com/en/offers/?city=Nukualofa&country=TO&utm_source=mealdeals_scraper,2026-08-07T20:58:14.804118+00:00
Ibis Hotel,,,https://all.accor.com/hotel/ibis/index.en.shtml,,TO,Nukualofa,https://all.accor.com/hotel/ibis/index.en.shtml?city=Nukualofa&country=TO&utm_source=mealdeals_scraper,2026-08-07T20:58:14.804693+00:00
Local Pub & Grill,,,https://www.tripadvisor.com/Restaurants,,TO,Nukualofa,https://www.tripadvisor.com/Restaurants?city=Nukualofa&country=TO&utm_source=mealdeals_scraper,2026-08-07T20:58:14.805845+00:00
Marriott Hotels,,,https://www.marriott.com/,Make the most of your next stay with hotel deals and promotional travel discounts from Marriott Bonvoy.,TO,Nukualofa,https://www.marriott.com/offers.mi?city=Nukualofa&country=TO&utm_source=mealdeals_scraper,2026-08-07T20:58:14.803519+00:00
Starbucks Coffee,,,https://www.starbucks.com/,,TO,Nukualofa,https://www.starbucks.com/menu?city=Nukualofa&country=TO&utm_source=mealdeals_scraper,2026-08-07T20:58:14.805251+00:00
The Coffee Club Cafe,,,https://www.coffeeclub.com.au/,ABOUT US,TO,Nukualofa,https://www.coffeeclub.com.au/?city=Nukualofa&country=TO&utm_source=mealdeals_scraper,2026-08-07T20:58:14.806772+00:00
Tonga Co-op,,,https://www.tongacoop.to/,,TO,Nukualofa,https://www.tongacoop.to/?city=Nukualofa&country=TO&utm_source=mealdeals_scraper,2026-08-07T20:58:14.802915+00:00
A101,,,https://www.a101.com.tr/,,TR,Istanbul,https://www.a101.com.tr/?city=Istanbul&country=TR&utm_source=mealdeals_scraper,2026-08-07T20:58:14.826902+00:00
A101,,,https://www.a101.com.tr/,,TR,Antalya,https://www.a101.com.tr/?city=Antalya&country=TR&utm_source=mealdeals_scraper,2026-08-07T20:58:14.903824+00:00
A101,,,https://www.a101.com.tr/,,TR,Izmir,https://www.a101.com.tr/?city=Izmir&country=TR&utm_source=mealdeals_scraper,2026-08-07T20:58:14.880394+00:00
A101,,,https://www.a101.com.tr/,,TR,Ankara,https://www.a101.com.tr/?city=Ankara&country=TR&utm_source=mealdeals_scraper,2026-08-07T20:58:14.853513+00:00
Accor Hotels,,,https://all.accor.com/,"Discover exclusive hotel offers, bonus Reward Points, unforgettable experiences and member benefits that elevate every journey with ALL Accor.",TR,Ankara,https://all.accor.com/a/en/offers.html?city=Ankara&country=TR&utm_source=mealdeals_scraper,2026-08-07T20:58:14.856720+00:00
Accor Hotels,,,https://all.accor.com/,"Discover exclusive hotel offers, bonus Reward Points, unforgettable experiences and member benefits that elevate every journey with ALL Accor.",TR,Izmir,https://all.accor.com/a/en/offers.html?city=Izmir&country=TR&utm_source=mealdeals_scraper,2026-08-07T20:58:14.883053+00:00
Accor Hotels,,,https://all.accor.com/,"Discover exclusive hotel offers, bonus Reward Points, unforgettable experiences and member benefits that elevate every journey with ALL Accor.",TR,Antalya,https://all.accor.com/a/en/offers.html?city=Antalya&country=TR&utm_source=mealdeals_scraper,2026-08-07T20:58:14.906639+00:00
Accor Hotels,,,https://all.accor.com/,"Discover exclusive hotel offers, bonus Reward Points, unforgettable experiences and member benefits that elevate every journey with ALL Accor.",TR,Istanbul,https://all.accor.com/a/en/offers.html?city=Istanbul&country=TR&utm_source=mealdeals_scraper,2026-08-07T20:58:14.830042+00:00
Hard Rock Cafe,+1-800-201-1949,,https://cafe.hardrock.com/,"Welcome to Hard Rock Cafe, our music themed restaurant, serving up Legendary burgers and more.",TR,Ankara,https://www.hardrockcafe.com/?city=Ankara&country=TR&utm_source=mealdeals_scraper,2026-08-07T20:58:14.857300+00:00
Hard Rock Cafe,+1-800-201-1949,,https://cafe.hardrock.com/,"Welcome to Hard Rock Cafe, our music themed restaurant, serving up Legendary burgers and more.",TR,Antalya,https://www.hardrockcafe.com/?city=Antalya&country=TR&utm_source=mealdeals_scraper,2026-08-07T20:58:14.907062+00:00
Hard Rock Cafe,+1-800-201-1949,,https://cafe.hardrock.com/,"Welcome to Hard Rock Cafe, our music themed restaurant, serving up Legendary burgers and more.",TR,Izmir,https://www.hardrockcafe.com/?city=Izmir&country=TR&utm_source=mealdeals_scraper,2026-08-07T20:58:14.883461+00:00
Hard Rock Cafe,+1-800-201-1949,,https://cafe.hardrock.com/,"Welcome to Hard Rock Cafe, our music themed restaurant, serving up Legendary burgers and more.",TR,Istanbul,https://www.hardrockcafe.com/?city=Istanbul&country=TR&utm_source=mealdeals_scraper,2026-08-07T20:58:14.830492+00:00
Hilton Hotels,+1-855-672-1138,,https://www.hilton.com/,"Take advantage of hotel offers, unique promotions, and exclusive online specials directly from Hilton Portfolio.",TR,Antalya,https://www.hilton.com/en/offers/?city=Antalya&country=TR&utm_source=mealdeals_scraper,2026-08-07T20:58:14.904923+00:00
Hilton Hotels,+1-855-672-1138,,https://www.hilton.com/,"Take advantage of hotel offers, unique promotions, and exclusive online specials directly from Hilton Portfolio.",TR,Istanbul,https://www.hilton.com/en/offers/?city=Istanbul&country=TR&utm_source=mealdeals_scraper,2026-08-07T20:58:14.828104+00:00
Hilton Hotels,+1-855-672-1138,,https://www.hilton.com/,"Take advantage of hotel offers, unique promotions, and exclusive online specials directly from Hilton Portfolio.",TR,Ankara,https://www.hilton.com/en/offers/?city=Ankara&country=TR&utm_source=mealdeals_scraper,2026-08-07T20:58:14.854703+00:00
Hilton Hotels,+1-855-672-1138,,https://www.hilton.com/,"Take advantage of hotel offers, unique promotions, and exclusive online specials directly from Hilton Portfolio.",TR,Izmir,https://www.hilton.com/en/offers/?city=Izmir&country=TR&utm_source=mealdeals_scraper,2026-08-07T20:58:14.881325+00:00
Ibis Hotel,,,https://all.accor.com/hotel/ibis/index.en.shtml,,TR,Istanbul,https://all.accor.com/hotel/ibis/index.en.shtml?city=Istanbul&country=TR&utm_source=mealdeals_scraper,2026-08-07T20:58:14.828670+00:00
Ibis Hotel,,,https://all.accor.com/hotel/ibis/index.en.shtml,,TR,Izmir,https://all.accor.com/hotel/ibis/index.en.shtml?city=Izmir&country=TR&utm_source=mealdeals_scraper,2026-08-07T20:58:14.881767+00:00
Ibis Hotel,,,https://all.accor.com/hotel/ibis/index.en.shtml,,TR,Ankara,https://all.accor.com/hotel/ibis/index.en.shtml?city=Ankara&country=TR&utm_source=mealdeals_scraper,2026-08-07T20:58:14.855250+00:00
Ibis Hotel,,,https://all.accor.com/hotel/ibis/index.en.shtml,,TR,Antalya,https://all.accor.com/hotel/ibis/index.en.shtml?city=Antalya&country=TR&utm_source=mealdeals_scraper,2026-08-07T20:58:14.905385+00:00
Local Pub & Grill,,,https://www.tripadvisor.com/Restaurants,,TR,Izmir,https://www.tripadvisor.com/Restaurants?city=Izmir&country=TR&utm_source=mealdeals_scraper,2026-08-07T20:58:14.882617+00:00
Local Pub & Grill,,,https://www.tripadvisor.com/Restaurants,,TR,Ankara,https://www.tripadvisor.com/Restaurants?city=Ankara&country=TR&utm_source=mealdeals_scraper,2026-08-07T20:58:14.856135+00:00
Local Pub & Grill,,,https://www.tripadvisor.com/Restaurants,,TR,Istanbul,https://www.tripadvisor.com/Restaurants?city=Istanbul&country=TR&utm_source=mealdeals_scraper,2026-08-07T20:58:14.829604+00:00
Local Pub & Grill,,,https://www.tripadvisor.com/Restaurants,,TR,Antalya,https://www.tripadvisor.com/Restaurants?city=Antalya&country=TR&utm_source=mealdeals_scraper,2026-08-07T20:58:14.906245+00:00
Marriott Hotels,,,https://www.marriott.com/,Make the most of your next stay with hotel deals and promotional travel discounts from Marriott Bonvoy.,TR,Izmir,https://www.marriott.com/offers.mi?city=Izmir&country=TR&utm_source=mealdeals_scraper,2026-08-07T20:58:14.880894+00:00
Marriott Hotels,,,https://www.marriott.com/,Make the most of your next stay with hotel deals and promotional travel discounts from Marriott Bonvoy.,TR,Antalya,https://www.marriott.com/offers.mi?city=Antalya&country=TR&utm_source=mealdeals_scraper,2026-08-07T20:58:14.904353+00:00
Marriott Hotels,,,https://www.marriott.com/,Make the most of your next stay with hotel deals and promotional travel discounts from Marriott Bonvoy.,TR,Istanbul,https://www.marriott.com/offers.mi?city=Istanbul&country=TR&utm_source=mealdeals_scraper,2026-08-07T20:58:14.827484+00:00
Marriott Hotels,,,https://www.marriott.com/,Make the most of your next stay with hotel deals and promotional travel discounts from Marriott Bonvoy.,TR,Ankara,https://www.marriott.com/offers.mi?city=Ankara&country=TR&utm_source=mealdeals_scraper,2026-08-07T20:58:14.854064+00:00
Migros Turkey,,,https://www.migros.com.tr/,"Taze meyve, sebze, gıda ve temel ihtiyaçlarınız Migros Sanal Market’te! Hemen sipariş verin, kapınıza gelsin.",TR,Izmir,https://www.migros.com.tr/?city=Izmir&country=TR&utm_source=mealdeals_scraper,2026-08-07T20:58:14.879775+00:00
Migros Turkey,,,https://www.migros.com.tr/,"Taze meyve, sebze, gıda ve temel ihtiyaçlarınız Migros Sanal Market’te! Hemen sipariş verin, kapınıza gelsin.",TR,Antalya,https://www.migros.com.tr/?city=Antalya&country=TR&utm_source=mealdeals_scraper,2026-08-07T20:58:14.903176+00:00
Migros Turkey,,,https://www.migros.com.tr/,"Taze meyve, sebze, gıda ve temel ihtiyaçlarınız Migros Sanal Market’te! Hemen sipariş verin, kapınıza gelsin.",TR,Ankara,https://www.migros.com.tr/?city=Ankara&country=TR&utm_source=mealdeals_scraper,2026-08-07T20:58:14.852820+00:00
Migros Turkey,,,https://www.migros.com.tr/,"Taze meyve, sebze, gıda ve temel ihtiyaçlarınız Migros Sanal Market’te! Hemen sipariş verin, kapınıza gelsin.",TR,Istanbul,https://www.migros.com.tr/?city=Istanbul&country=TR&utm_source=mealdeals_scraper,2026-08-07T20:58:14.826256+00:00
Starbucks Coffee,,,https://www.starbucks.com/,,TR,Antalya,https://www.starbucks.com/menu?city=Antalya&country=TR&utm_source=mealdeals_scraper,2026-08-07T20:58:14.905832+00:00
Starbucks Coffee,,,https://www.starbucks.com/,,TR,Izmir,https://www.starbucks.com/menu?city=Izmir&country=TR&utm_source=mealdeals_scraper,2026-08-07T20:58:14.882215+00:00
Starbucks Coffee,,,https://www.starbucks.com/,,TR,Istanbul,https://www.starbucks.com/menu?city=Istanbul&country=TR&utm_source=mealdeals_scraper,2026-08-07T20:58:14.829174+00:00
Starbucks Coffee,,,https://www.starbucks.com/,,TR,Ankara,https://www.starbucks.com/menu?city=Ankara&country=TR&utm_source=mealdeals_scraper,2026-08-07T20:58:14.855700+00:00
Hilton Hotels,+1-855-672-1138,,https://www.hilton.com/,"Take advantage of hotel offers, unique promotions, and exclusive online specials directly from Hilton Portfolio.",TT,Port Of Spain,https://www.hilton.com/en/offers/?city=Port+Of+Spain&country=TT&utm_source=mealdeals_scraper,2026-08-07T20:58:14.931198+00:00
Hilton Hotels,+1-855-672-1138,,https://www.hilton.com/,"Take advantage of hotel offers, unique promotions, and exclusive online specials directly from Hilton Portfolio.",TT,San Fernando,https://www.hilton.com/en/offers/?city=San+Fernando&country=TT&utm_source=mealdeals_scraper,2026-08-07T20:58:14.960206+00:00
Hilton Hotels,+1-855-672-1138,,https://www.hilton.com/,"Take advantage of hotel offers, unique promotions, and exclusive online specials directly from Hilton Portfolio.",TT,Chaguanas,https://www.hilton.com/en/offers/?city=Chaguanas&country=TT&utm_source=mealdeals_scraper,2026-08-07T20:58:14.984329+00:00
Ibis Hotel,,,https://all.accor.com/hotel/ibis/index.en.shtml,,TT,Port Of Spain,https://all.accor.com/hotel/ibis/index.en.shtml?city=Port+Of+Spain&country=TT&utm_source=mealdeals_scraper,2026-08-07T20:58:14.931751+00:00
Ibis Hotel,,,https://all.accor.com/hotel/ibis/index.en.shtml,,TT,Chaguanas,https://all.accor.com/hotel/ibis/index.en.shtml?city=Chaguanas&country=TT&utm_source=mealdeals_scraper,2026-08-07T20:58:14.984765+00:00
Ibis Hotel,,,https://all.accor.com/hotel/ibis/index.en.shtml,,TT,San Fernando,https://all.accor.com/hotel/ibis/index.en.shtml?city=San+Fernando&country=TT&utm_source=mealdeals_scraper,2026-08-07T20:58:14.960623+00:00
Marriott Hotels,,,https://www.marriott.com/,Make the most of your next stay with hotel deals and promotional travel discounts from Marriott Bonvoy.,TT,Chaguanas,https://www.marriott.com/offers.mi?city=Chaguanas&country=TT&utm_source=mealdeals_scraper,2026-08-07T20:58:14.983907+00:00
Marriott Hotels,,,https://www.marriott.com/,Make the most of your next stay with hotel deals and promotional travel discounts from Marriott Bonvoy.,TT,San Fernando,https://www.marriott.com/offers.mi?city=San+Fernando&country=TT&utm_source=mealdeals_scraper,2026-08-07T20:58:14.959753+00:00
Marriott Hotels,,,https://www.marriott.com/,Make the most of your next stay with hotel deals and promotional travel discounts from Marriott Bonvoy.,TT,Port Of Spain,https://www.marriott.com/offers.mi?city=Port+Of+Spain&country=TT&utm_source=mealdeals_scraper,2026-08-07T20:58:14.930620+00:00
Massy Stores TT,8686094456,,https://www.massystorestt.com/,"Welcome to Massy Stores Trinidad! Discover quality products, exceptional service, and a community-focused shopping experience.",TT,Chaguanas,https://www.massystorestt.com/?city=Chaguanas&country=TT&utm_source=mealdeals_scraper,2026-08-07T20:58:14.982939+00:00
Massy Stores TT,8686094456,,https://www.massystorestt.com/,"Welcome to Massy Stores Trinidad! Discover quality products, exceptional service, and a community-focused shopping experience.",TT,San Fernando,https://www.massystorestt.com/?city=San+Fernando&country=TT&utm_source=mealdeals_scraper,2026-08-07T20:58:14.958613+00:00
Massy Stores TT,8686094456,,https://www.massystorestt.com/,"Welcome to Massy Stores Trinidad! Discover quality products, exceptional service, and a community-focused shopping experience.",TT,Port Of Spain,https://www.massystorestt.com/?city=Port+Of+Spain&country=TT&utm_source=mealdeals_scraper,2026-08-07T20:58:14.929388+00:00
Rituals Coffee,,,https://www.ritualscoffee.com/,,TT,Chaguanas,https://www.ritualscoffee.com/?city=Chaguanas&country=TT&utm_source=mealdeals_scraper,2026-08-07T20:58:14.983443+00:00
Rituals Coffee,,,https://www.ritualscoffee.com/,,TT,Port Of Spain,https://www.ritualscoffee.com/?city=Port+Of+Spain&country=TT&utm_source=mealdeals_scraper,2026-08-07T20:58:14.930045+00:00
Rituals Coffee,,,https://www.ritualscoffee.com/,,TT,San Fernando,https://www.ritualscoffee.com/?city=San+Fernando&country=TT&utm_source=mealdeals_scraper,2026-08-07T20:58:14.959254+00:00
Rum Bar,,,https://www.tripadvisor.com/Restaurants,,TT,Chaguanas,https://www.tripadvisor.com/Restaurants?city=Chaguanas&country=TT&utm_source=mealdeals_scraper,2026-08-07T20:58:14.986436+00:00
Rum Bar,,,https://www.tripadvisor.com/Restaurants,,TT,Port Of Spain,https://www.tripadvisor.com/Restaurants?city=Port+Of+Spain&country=TT&utm_source=mealdeals_scraper,2026-08-07T20:58:14.933601+00:00
Rum Bar,,,https://www.tripadvisor.com/Restaurants,,TT,San Fernando,https://www.tripadvisor.com/Restaurants?city=San+Fernando&country=TT&utm_source=mealdeals_scraper,2026-08-07T20:58:14.962309+00:00
Sandals Resort,,,https://www.sandals.com/specials/,,TT,San Fernando,https://www.sandals.com/specials/?city=San+Fernando&country=TT&utm_source=mealdeals_scraper,2026-08-07T20:58:14.961910+00:00
Sandals Resort,,,https://www.sandals.com/specials/,,TT,Chaguanas,https://www.sandals.com/specials/?city=Chaguanas&country=TT&utm_source=mealdeals_scraper,2026-08-07T20:58:14.986042+00:00
Sandals Resort,,,https://www.sandals.com/specials/,,TT,Port Of Spain,https://www.sandals.com/specials/?city=Port+Of+Spain&country=TT&utm_source=mealdeals_scraper,2026-08-07T20:58:14.933132+00:00
Starbucks Coffee,,,https://www.starbucks.com/,,TT,Port Of Spain,https://www.starbucks.com/menu?city=Port+Of+Spain&country=TT&utm_source=mealdeals_scraper,2026-08-07T20:58:14.932217+00:00
Starbucks Coffee,,,https://www.starbucks.com/,,TT,San Fernando,https://www.starbucks.com/menu?city=San+Fernando&country=TT&utm_source=mealdeals_scraper,2026-08-07T20:58:14.961058+00:00
Starbucks Coffee,,,https://www.starbucks.com/,,TT,Chaguanas,https://www.starbucks.com/menu?city=Chaguanas&country=TT&utm_source=mealdeals_scraper,2026-08-07T20:58:14.985180+00:00
Accor Hotels,,,https://all.accor.com/,"Discover exclusive hotel offers, bonus Reward Points, unforgettable experiences and member benefits that elevate every journey with ALL Accor.",TV,Funafuti,https://all.accor.com/a/en/offers.html?city=Funafuti&country=TV&utm_source=mealdeals_scraper,2026-08-07T20:58:15.011546+00:00
Funafuti Market,,,https://www.funafutimarket.tv/,,TV,Funafuti,https://www.funafutimarket.tv/?city=Funafuti&country=TV&utm_source=mealdeals_scraper,2026-08-07T20:58:15.007787+00:00
Hilton Hotels,+1-855-672-1138,,https://www.hilton.com/,"Take advantage of hotel offers, unique promotions, and exclusive online specials directly from Hilton Portfolio.",TV,Funafuti,https://www.hilton.com/en/offers/?city=Funafuti&country=TV&utm_source=mealdeals_scraper,2026-08-07T20:58:15.009597+00:00
Ibis Hotel,,,https://all.accor.com/hotel/ibis/index.en.shtml,,TV,Funafuti,https://all.accor.com/hotel/ibis/index.en.shtml?city=Funafuti&country=TV&utm_source=mealdeals_scraper,2026-08-07T20:58:15.010168+00:00
Local Pub & Grill,,,https://www.tripadvisor.com/Restaurants,,TV,Funafuti,https://www.tripadvisor.com/Restaurants?city=Funafuti&country=TV&utm_source=mealdeals_scraper,2026-08-07T20:58:15.011124+00:00
Marriott Hotels,,,https://www.marriott.com/,Make the most of your next stay with hotel deals and promotional travel discounts from Marriott Bonvoy.,TV,Funafuti,https://www.marriott.com/offers.mi?city=Funafuti&country=TV&utm_source=mealdeals_scraper,2026-08-07T20:58:15.009027+00:00
Starbucks Coffee,,,https://www.starbucks.com/,,TV,Funafuti,https://www.starbucks.com/menu?city=Funafuti&country=TV&utm_source=mealdeals_scraper,2026-08-07T20:58:15.010656+00:00
The Coffee Club Cafe,,,https://www.coffeeclub.com.au/,ABOUT US,TV,Funafuti,https://www.coffeeclub.com.au/?city=Funafuti&country=TV&utm_source=mealdeals_scraper,2026-08-07T20:58:15.011997+00:00
Tuvalu Cooperative,,,https://www.tuvalu.coop/,,TV,Funafuti,https://www.tuvalu.coop/?city=Funafuti&country=TV&utm_source=mealdeals_scraper,2026-08-07T20:58:15.008413+00:00
Cafe Javas,,,https://www.cafejavas.co.ug/,ABOUT US,UG,Jinja,https://www.cafejavas.co.ug/?city=Jinja&country=UG&utm_source=mealdeals_scraper,2026-08-07T20:58:15.081447+00:00
Cafe Javas,,,https://www.cafejavas.co.ug/,ABOUT US,UG,Entebbe,https://www.cafejavas.co.ug/?city=Entebbe&country=UG&utm_source=mealdeals_scraper,2026-08-07T20:58:15.057654+00:00
Cafe Javas,,,https://www.cafejavas.co.ug/,ABOUT US,UG,Kampala,https://www.cafejavas.co.ug/?city=Kampala&country=UG&utm_source=mealdeals_scraper,2026-08-07T20:58:15.033241+00:00
City Lodge Hotel,,,https://www.clhg.com/,"Discover modern comfort at City Lodge Hotels – offering stylish accommodations, prime urban locations, and exceptional service for business and leisure travelers. Book your stay today!",UG,Entebbe,https://www.clhg.com/?city=Entebbe&country=UG&utm_source=mealdeals_scraper,2026-08-07T20:58:15.060218+00:00
City Lodge Hotel,,,https://www.clhg.com/,"Discover modern comfort at City Lodge Hotels – offering stylish accommodations, prime urban locations, and exceptional service for business and leisure travelers. Book your stay today!",UG,Kampala,https://www.clhg.com/?city=Kampala&country=UG&utm_source=mealdeals_scraper,2026-08-07T20:58:15.036199+00:00
City Lodge Hotel,,,https://www.clhg.com/,"Discover modern comfort at City Lodge Hotels – offering stylish accommodations, prime urban locations, and exceptional service for business and leisure travelers. Book your stay today!",UG,Jinja,https://www.clhg.com/?city=Jinja&country=UG&utm_source=mealdeals_scraper,2026-08-07T20:58:15.084038+00:00
Debonairs Pizza Restaurant,,,https://www.debonairspizza.co.za/,"Discover bold flavours, epic pizzas and unbeatable value at Debonairs Pizza. Order your favourites online now and enjoy fast delivery or easy pickup today.",UG,Kampala,https://www.debonairspizza.co.za/?city=Kampala&country=UG&utm_source=mealdeals_scraper,2026-08-07T20:58:15.036617+00:00
Debonairs Pizza Restaurant,,,https://www.debonairspizza.co.za/,"Discover bold flavours, epic pizzas and unbeatable value at Debonairs Pizza. Order your favourites online now and enjoy fast delivery or easy pickup today.",UG,Entebbe,https://www.debonairspizza.co.za/?city=Entebbe&country=UG&utm_source=mealdeals_scraper,2026-08-07T20:58:15.060611+00:00
Debonairs Pizza Restaurant,,,https://www.debonairspizza.co.za/,"Discover bold flavours, epic pizzas and unbeatable value at Debonairs Pizza. Order your favourites online now and enjoy fast delivery or easy pickup today.",UG,Jinja,https://www.debonairspizza.co.za/?city=Jinja&country=UG&utm_source=mealdeals_scraper,2026-08-07T20:58:15.084442+00:00
Hilton Hotels,+1-855-672-1138,,https://www.hilton.com/,"Take advantage of hotel offers, unique promotions, and exclusive online specials directly from Hilton Portfolio.",UG,Jinja,https://www.hilton.com/en/offers/?city=Jinja&country=UG&utm_source=mealdeals_scraper,2026-08-07T20:58:15.082352+00:00
Hilton Hotels,+1-855-672-1138,,https://www.hilton.com/,"Take advantage of hotel offers, unique promotions, and exclusive online specials directly from Hilton Portfolio.",UG,Kampala,https://www.hilton.com/en/offers/?city=Kampala&country=UG&utm_source=mealdeals_scraper,2026-08-07T20:58:15.034310+00:00
Hilton Hotels,+1-855-672-1138,,https://www.hilton.com/,"Take advantage of hotel offers, unique promotions, and exclusive online specials directly from Hilton Portfolio.",UG,Entebbe,https://www.hilton.com/en/offers/?city=Entebbe&country=UG&utm_source=mealdeals_scraper,2026-08-07T20:58:15.058549+00:00
Ibis Hotel,,,https://all.accor.com/hotel/ibis/index.en.shtml,,UG,Entebbe,https://all.accor.com/hotel/ibis/index.en.shtml?city=Entebbe&country=UG&utm_source=mealdeals_scraper,2026-08-07T20:58:15.058992+00:00
Ibis Hotel,,,https://all.accor.com/hotel/ibis/index.en.shtml,,UG,Kampala,https://all.accor.com/hotel/ibis/index.en.shtml?city=Kampala&country=UG&utm_source=mealdeals_scraper,2026-08-07T20:58:15.034847+00:00
Ibis Hotel,,,https://all.accor.com/hotel/ibis/index.en.shtml,,UG,Jinja,https://all.accor.com/hotel/ibis/index.en.shtml?city=Jinja&country=UG&utm_source=mealdeals_scraper,2026-08-07T20:58:15.082792+00:00
Local Pub & Grill,,,https://www.tripadvisor.com/Restaurants,,UG,Kampala,https://www.tripadvisor.com/Restaurants?city=Kampala&country=UG&utm_source=mealdeals_scraper,2026-08-07T20:58:15.035774+00:00
Local Pub & Grill,,,https://www.tripadvisor.com/Restaurants,,UG,Entebbe,https://www.tripadvisor.com/Restaurants?city=Entebbe&country=UG&utm_source=mealdeals_scraper,2026-08-07T20:58:15.059821+00:00
Local Pub & Grill,,,https://www.tripadvisor.com/Restaurants,,UG,Jinja,https://www.tripadvisor.com/Restaurants?city=Jinja&country=UG&utm_source=mealdeals_scraper,2026-08-07T20:58:15.083610+00:00
Marriott Hotels,,,https://www.marriott.com/,Make the most of your next stay with hotel deals and promotional travel discounts from Marriott Bonvoy.,UG,Jinja,https://www.marriott.com/offers.mi?city=Jinja&country=UG&utm_source=mealdeals_scraper,2026-08-07T20:58:15.081924+00:00
Marriott Hotels,,,https://www.marriott.com/,Make the most of your next stay with hotel deals and promotional travel discounts from Marriott Bonvoy.,UG,Kampala,https://www.marriott.com/offers.mi?city=Kampala&country=UG&utm_source=mealdeals_scraper,2026-08-07T20:58:15.033825+00:00
Marriott Hotels,,,https://www.marriott.com/,Make the most of your next stay with hotel deals and promotional travel discounts from Marriott Bonvoy.,UG,Entebbe,https://www.marriott.com/offers.mi?city=Entebbe&country=UG&utm_source=mealdeals_scraper,2026-08-07T20:58:15.058125+00:00
Shoprite Uganda,,,https://www.shoprite.co.ug/,,UG,Entebbe,https://www.shoprite.co.ug/?city=Entebbe&country=UG&utm_source=mealdeals_scraper,2026-08-07T20:58:15.057099+00:00
Shoprite Uganda,,,https://www.shoprite.co.ug/,,UG,Jinja,https://www.shoprite.co.ug/?city=Jinja&country=UG&utm_source=mealdeals_scraper,2026-08-07T20:58:15.080914+00:00
Shoprite Uganda,,,https://www.shoprite.co.ug/,,UG,Kampala,https://www.shoprite.co.ug/?city=Kampala&country=UG&utm_source=mealdeals_scraper,2026-08-07T20:58:15.032611+00:00
Starbucks Coffee,,,https://www.starbucks.com/,,UG,Entebbe,https://www.starbucks.com/menu?city=Entebbe&country=UG&utm_source=mealdeals_scraper,2026-08-07T20:58:15.059396+00:00
Starbucks Coffee,,,https://www.starbucks.com/,,UG,Jinja,https://www.starbucks.com/menu?city=Jinja&country=UG&utm_source=mealdeals_scraper,2026-08-07T20:58:15.083211+00:00
Starbucks Coffee,,,https://www.starbucks.com/,,UG,Kampala,https://www.starbucks.com/menu?city=Kampala&country=UG&utm_source=mealdeals_scraper,2026-08-07T20:58:15.035324+00:00
Applebee's Restaurant,,,https://www.applebees.com/en/specials,,US,Honolulu,https://www.applebees.com/en/specials?city=Honolulu&country=US&utm_source=mealdeals_scraper,2026-08-07T20:58:06.972329+00:00
Applebee's Restaurant,,,https://www.applebees.com/en/specials,,US,Indianapolis,https://www.applebees.com/en/specials?city=Indianapolis&country=US&utm_source=mealdeals_scraper,2026-08-07T20:58:07.132810+00:00
Applebee's Restaurant,,,https://www.applebees.com/en/specials,,US,Salt Lake City,https://www.applebees.com/en/specials?city=Salt+Lake+City&country=US&utm_source=mealdeals_scraper,2026-08-07T20:58:06.929397+00:00
Applebee's Restaurant,,,https://www.applebees.com/en/specials,,US,Minneapolis,https://www.applebees.com/en/specials?city=Minneapolis&country=US&utm_source=mealdeals_scraper,2026-08-07T20:58:06.572942+00:00
Applebee's Restaurant,,,https://www.applebees.com/en/specials,,US,Pittsburgh,https://www.applebees.com/en/specials?city=Pittsburgh&country=US&utm_source=mealdeals_scraper,2026-08-07T20:58:06.764601+00:00
Applebee's Restaurant,,,https://www.applebees.com/en/specials,,US,Kansas City,https://www.applebees.com/en/specials?city=Kansas+City&country=US&utm_source=mealdeals_scraper,2026-08-07T20:58:06.802835+00:00
Applebee's Restaurant,,,https://www.applebees.com/en/specials,,US,Los Angeles,https://www.applebees.com/en/specials?city=Los+Angeles&country=US&utm_source=mealdeals_scraper,2026-08-07T20:58:05.732809+00:00
Applebee's Restaurant,,,https://www.applebees.com/en/specials,,US,Houston,https://www.applebees.com/en/specials?city=Houston&country=US&utm_source=mealdeals_scraper,2026-08-07T20:58:05.810860+00:00
Applebee's Restaurant,,,https://www.applebees.com/en/specials,,US,Las Vegas,https://www.applebees.com/en/specials?city=Las+Vegas&country=US&utm_source=mealdeals_scraper,2026-08-07T20:58:06.419453+00:00
Applebee's Restaurant,,,https://www.applebees.com/en/specials,,US,Orlando,https://www.applebees.com/en/specials?city=Orlando&country=US&utm_source=mealdeals_scraper,2026-08-07T20:58:06.688272+00:00
Applebee's Restaurant,,,https://www.applebees.com/en/specials,,US,Seattle,https://www.applebees.com/en/specials?city=Seattle&country=US&utm_source=mealdeals_scraper,2026-08-07T20:58:06.191031+00:00
Applebee's Restaurant,,,https://www.applebees.com/en/specials,,US,Milwaukee,https://www.applebees.com/en/specials?city=Milwaukee&country=US&utm_source=mealdeals_scraper,2026-08-07T20:58:07.208699+00:00
Applebee's Restaurant,,,https://www.applebees.com/en/specials,,US,Jacksonville,https://www.applebees.com/en/specials?city=Jacksonville&country=US&utm_source=mealdeals_scraper,2026-08-07T20:58:06.115654+00:00
Applebee's Restaurant,,,https://www.applebees.com/en/specials,,US,Nashville,https://www.applebees.com/en/specials?city=Nashville&country=US&utm_source=mealdeals_scraper,2026-08-07T20:58:06.305422+00:00
Applebee's Restaurant,,,https://www.applebees.com/en/specials,,US,St Louis,https://www.applebees.com/en/specials?city=St+Louis&country=US&utm_source=mealdeals_scraper,2026-08-07T20:58:06.842982+00:00
Applebee's Restaurant,,,https://www.applebees.com/en/specials,,US,Philadelphia,https://www.applebees.com/en/specials?city=Philadelphia&country=US&utm_source=mealdeals_scraper,2026-08-07T20:58:05.886985+00:00
Applebee's Restaurant,,,https://www.applebees.com/en/specials,,US,Detroit,https://www.applebees.com/en/specials?city=Detroit&country=US&utm_source=mealdeals_scraper,2026-08-07T20:58:06.343795+00:00
Applebee's Restaurant,,,https://www.applebees.com/en/specials,,US,Austin,https://www.applebees.com/en/specials?city=Austin&country=US&utm_source=mealdeals_scraper,2026-08-07T20:58:06.077319+00:00
Applebee's Restaurant,,,https://www.applebees.com/en/specials,,US,Washington,https://www.applebees.com/en/specials?city=Washington&country=US&utm_source=mealdeals_scraper,2026-08-07T20:58:06.534551+00:00
Applebee's Restaurant,,,https://www.applebees.com/en/specials,,US,Charlotte,https://www.applebees.com/en/specials?city=Charlotte&country=US&utm_source=mealdeals_scraper,2026-08-07T20:58:06.612380+00:00
Applebee's Restaurant,,,https://www.applebees.com/en/specials,,US,Atlanta,https://www.applebees.com/en/specials?city=Atlanta&country=US&utm_source=mealdeals_scraper,2026-08-07T20:58:06.496199+00:00
Applebee's Restaurant,,,https://www.applebees.com/en/specials,,US,Miami,https://www.applebees.com/en/specials?city=Miami&country=US&utm_source=mealdeals_scraper,2026-08-07T20:58:06.457728+00:00
Applebee's Restaurant,,,https://www.applebees.com/en/specials,,US,Chicago,https://www.applebees.com/en/specials?city=Chicago&country=US&utm_source=mealdeals_scraper,2026-08-07T20:58:05.772654+00:00
Applebee's Restaurant,,,https://www.applebees.com/en/specials,,US,Tampa,https://www.applebees.com/en/specials?city=Tampa&country=US&utm_source=mealdeals_scraper,2026-08-07T20:58:06.649816+00:00
Applebee's Restaurant,,,https://www.applebees.com/en/specials,,US,Portland,https://www.applebees.com/en/specials?city=Portland&country=US&utm_source=mealdeals_scraper,2026-08-07T20:58:06.381295+00:00
Applebee's Restaurant,,,https://www.applebees.com/en/specials,,US,Sacramento,https://www.applebees.com/en/specials?city=Sacramento&country=US&utm_source=mealdeals_scraper,2026-08-07T20:58:06.888154+00:00
Applebee's Restaurant,,,https://www.applebees.com/en/specials,,US,Cincinnati,https://www.applebees.com/en/specials?city=Cincinnati&country=US&utm_source=mealdeals_scraper,2026-08-07T20:58:07.170740+00:00
Applebee's Restaurant,,,https://www.applebees.com/en/specials,,US,Denver,https://www.applebees.com/en/specials?city=Denver&country=US&utm_source=mealdeals_scraper,2026-08-07T20:58:06.229157+00:00
Applebee's Restaurant,,,https://www.applebees.com/en/specials,,US,San Jose,https://www.applebees.com/en/specials?city=San+Jose&country=US&utm_source=mealdeals_scraper,2026-08-07T20:58:06.039982+00:00
Applebee's Restaurant,,,https://www.applebees.com/en/specials,,US,New York,https://www.applebees.com/en/specials?city=New+York&country=US&utm_source=mealdeals_scraper,2026-08-07T20:58:05.694169+00:00
Applebee's Restaurant,,,https://www.applebees.com/en/specials,,US,Columbus,https://www.applebees.com/en/specials?city=Columbus&country=US&utm_source=mealdeals_scraper,2026-08-07T20:58:07.094813+00:00
Applebee's Restaurant,,,https://www.applebees.com/en/specials,,US,Raleigh,https://www.applebees.com/en/specials?city=Raleigh&country=US&utm_source=mealdeals_scraper,2026-08-07T20:58:07.055525+00:00
Applebee's Restaurant,,,https://www.applebees.com/en/specials,,US,Boston,https://www.applebees.com/en/specials?city=Boston&country=US&utm_source=mealdeals_scraper,2026-08-07T20:58:06.266652+00:00
Applebee's Restaurant,,,https://www.applebees.com/en/specials,,US,Cleveland,https://www.applebees.com/en/specials?city=Cleveland&country=US&utm_source=mealdeals_scraper,2026-08-07T20:58:06.726867+00:00
Applebee's Restaurant,,,https://www.applebees.com/en/specials,,US,San Antonio,https://www.applebees.com/en/specials?city=San+Antonio&country=US&utm_source=mealdeals_scraper,2026-08-07T20:58:05.924380+00:00
Applebee's Restaurant,,,https://www.applebees.com/en/specials,,US,San Francisco,https://www.applebees.com/en/specials?city=San+Francisco&country=US&utm_source=mealdeals_scraper,2026-08-07T20:58:06.152974+00:00
Applebee's Restaurant,,,https://www.applebees.com/en/specials,,US,Phoenix,https://www.applebees.com/en/specials?city=Phoenix&country=US&utm_source=mealdeals_scraper,2026-08-07T20:58:05.848640+00:00
Applebee's Restaurant,,,https://www.applebees.com/en/specials,,US,Dallas,https://www.applebees.com/en/specials?city=Dallas&country=US&utm_source=mealdeals_scraper,2026-08-07T20:58:06.000591+00:00
Applebee's Restaurant,,,https://www.applebees.com/en/specials,,US,San Diego,https://www.applebees.com/en/specials?city=San+Diego&country=US&utm_source=mealdeals_scraper,2026-08-07T20:58:05.963621+00:00
Applebee's Restaurant,,,https://www.applebees.com/en/specials,,US,New Orleans,https://www.applebees.com/en/specials?city=New+Orleans&country=US&utm_source=mealdeals_scraper,2026-08-07T20:58:07.017214+00:00
Beringer Vineyard,(707) 257-5771,,https://www.beringer.com/,Beringer,US,Kansas City,https://www.beringer.com/?city=Kansas+City&country=US&utm_source=mealdeals_scraper,2026-08-07T20:58:06.804594+00:00
Beringer Vineyard,(707) 257-5771,,https://www.beringer.com/,Beringer,US,Seattle,https://www.beringer.com/?city=Seattle&country=US&utm_source=mealdeals_scraper,2026-08-07T20:58:06.192608+00:00
Beringer Vineyard,(707) 257-5771,,https://www.beringer.com/,Beringer,US,New York,https://www.beringer.com/?city=New+York&country=US&utm_source=mealdeals_scraper,2026-08-07T20:58:05.696118+00:00
Beringer Vineyard,(707) 257-5771,,https://www.beringer.com/,Beringer,US,Los Angeles,https://www.beringer.com/?city=Los+Angeles&country=US&utm_source=mealdeals_scraper,2026-08-07T20:58:05.734544+00:00
Beringer Vineyard,(707) 257-5771,,https://www.beringer.com/,Beringer,US,Chicago,https://www.beringer.com/?city=Chicago&country=US&utm_source=mealdeals_scraper,2026-08-07T20:58:05.774463+00:00
Beringer Vineyard,(707) 257-5771,,https://www.beringer.com/,Beringer,US,Houston,https://www.beringer.com/?city=Houston&country=US&utm_source=mealdeals_scraper,2026-08-07T20:58:05.812466+00:00
Beringer Vineyard,(707) 257-5771,,https://www.beringer.com/,Beringer,US,Phoenix,https://www.beringer.com/?city=Phoenix&country=US&utm_source=mealdeals_scraper,2026-08-07T20:58:05.850301+00:00
Beringer Vineyard,(707) 257-5771,,https://www.beringer.com/,Beringer,US,Philadelphia,https://www.beringer.com/?city=Philadelphia&country=US&utm_source=mealdeals_scraper,2026-08-07T20:58:05.888697+00:00
Beringer Vineyard,(707) 257-5771,,https://www.beringer.com/,Beringer,US,San Antonio,https://www.beringer.com/?city=San+Antonio&country=US&utm_source=mealdeals_scraper,2026-08-07T20:58:05.926095+00:00
Beringer Vineyard,(707) 257-5771,,https://www.beringer.com/,Beringer,US,San Diego,https://www.beringer.com/?city=San+Diego&country=US&utm_source=mealdeals_scraper,2026-08-07T20:58:05.965337+00:00
Beringer Vineyard,(707) 257-5771,,https://www.beringer.com/,Beringer,US,Dallas,https://www.beringer.com/?city=Dallas&country=US&utm_source=mealdeals_scraper,2026-08-07T20:58:06.002297+00:00
Beringer Vineyard,(707) 257-5771,,https://www.beringer.com/,Beringer,US,San Jose,https://www.beringer.com/?city=San+Jose&country=US&utm_source=mealdeals_scraper,2026-08-07T20:58:06.041642+00:00
Beringer Vineyard,(707) 257-5771,,https://www.beringer.com/,Beringer,US,Austin,https://www.beringer.com/?city=Austin&country=US&utm_source=mealdeals_scraper,2026-08-07T20:58:06.079205+00:00
Beringer Vineyard,(707) 257-5771,,https://www.beringer.com/,Beringer,US,Jacksonville,https://www.beringer.com/?city=Jacksonville&country=US&utm_source=mealdeals_scraper,2026-08-07T20:58:06.117327+00:00
Beringer Vineyard,(707) 257-5771,,https://www.beringer.com/,Beringer,US,San Francisco,https://www.beringer.com/?city=San+Francisco&country=US&utm_source=mealdeals_scraper,2026-08-07T20:58:06.154540+00:00
Beringer Vineyard,(707) 257-5771,,https://www.beringer.com/,Beringer,US,Denver,https://www.beringer.com/?city=Denver&country=US&utm_source=mealdeals_scraper,2026-08-07T20:58:06.230759+00:00
Beringer Vineyard,(707) 257-5771,,https://www.beringer.com/,Beringer,US,Boston,https://www.beringer.com/?city=Boston&country=US&utm_source=mealdeals_scraper,2026-08-07T20:58:06.268372+00:00
Beringer Vineyard,(707) 257-5771,,https://www.beringer.com/,Beringer,US,Nashville,https://www.beringer.com/?city=Nashville&country=US&utm_source=mealdeals_scraper,2026-08-07T20:58:06.307058+00:00
Beringer Vineyard,(707) 257-5771,,https://www.beringer.com/,Beringer,US,Detroit,https://www.beringer.com/?city=Detroit&country=US&utm_source=mealdeals_scraper,2026-08-07T20:58:06.345453+00:00
Beringer Vineyard,(707) 257-5771,,https://www.beringer.com/,Beringer,US,Portland,https://www.beringer.com/?city=Portland&country=US&utm_source=mealdeals_scraper,2026-08-07T20:58:06.382861+00:00
Beringer Vineyard,(707) 257-5771,,https://www.beringer.com/,Beringer,US,Las Vegas,https://www.beringer.com/?city=Las+Vegas&country=US&utm_source=mealdeals_scraper,2026-08-07T20:58:06.421091+00:00
Beringer Vineyard,(707) 257-5771,,https://www.beringer.com/,Beringer,US,Miami,https://www.beringer.com/?city=Miami&country=US&utm_source=mealdeals_scraper,2026-08-07T20:58:06.459500+00:00
Beringer Vineyard,(707) 257-5771,,https://www.beringer.com/,Beringer,US,Atlanta,https://www.beringer.com/?city=Atlanta&country=US&utm_source=mealdeals_scraper,2026-08-07T20:58:06.497755+00:00
Beringer Vineyard,(707) 257-5771,,https://www.beringer.com/,Beringer,US,Washington,https://www.beringer.com/?city=Washington&country=US&utm_source=mealdeals_scraper,2026-08-07T20:58:06.536238+00:00
Beringer Vineyard,(707) 257-5771,,https://www.beringer.com/,Beringer,US,Minneapolis,https://www.beringer.com/?city=Minneapolis&country=US&utm_source=mealdeals_scraper,2026-08-07T20:58:06.574583+00:00
Beringer Vineyard,(707) 257-5771,,https://www.beringer.com/,Beringer,US,Charlotte,https://www.beringer.com/?city=Charlotte&country=US&utm_source=mealdeals_scraper,2026-08-07T20:58:06.614010+00:00
Beringer Vineyard,(707) 257-5771,,https://www.beringer.com/,Beringer,US,Tampa,https://www.beringer.com/?city=Tampa&country=US&utm_source=mealdeals_scraper,2026-08-07T20:58:06.651516+00:00
Beringer Vineyard,(707) 257-5771,,https://www.beringer.com/,Beringer,US,Orlando,https://www.beringer.com/?city=Orlando&country=US&utm_source=mealdeals_scraper,2026-08-07T20:58:06.689953+00:00
Beringer Vineyard,(707) 257-5771,,https://www.beringer.com/,Beringer,US,Cleveland,https://www.beringer.com/?city=Cleveland&country=US&utm_source=mealdeals_scraper,2026-08-07T20:58:06.728516+00:00
Beringer Vineyard,(707) 257-5771,,https://www.beringer.com/,Beringer,US,Pittsburgh,https://www.beringer.com/?city=Pittsburgh&country=US&utm_source=mealdeals_scraper,2026-08-07T20:58:06.766269+00:00
Beringer Vineyard,(707) 257-5771,,https://www.beringer.com/,Beringer,US,St Louis,https://www.beringer.com/?city=St+Louis&country=US&utm_source=mealdeals_scraper,2026-08-07T20:58:06.844687+00:00
Beringer Vineyard,(707) 257-5771,,https://www.beringer.com/,Beringer,US,Sacramento,https://www.beringer.com/?city=Sacramento&country=US&utm_source=mealdeals_scraper,2026-08-07T20:58:06.889907+00:00
Beringer Vineyard,(707) 257-5771,,https://www.beringer.com/,Beringer,US,Salt Lake City,https://www.beringer.com/?city=Salt+Lake+City&country=US&utm_source=mealdeals_scraper,2026-08-07T20:58:06.931224+00:00
Beringer Vineyard,(707) 257-5771,,https://www.beringer.com/,Beringer,US,Honolulu,https://www.beringer.com/?city=Honolulu&country=US&utm_source=mealdeals_scraper,2026-08-07T20:58:06.974244+00:00
Beringer Vineyard,(707) 257-5771,,https://www.beringer.com/,Beringer,US,New Orleans,https://www.beringer.com/?city=New+Orleans&country=US&utm_source=mealdeals_scraper,2026-08-07T20:58:07.019023+00:00
Beringer Vineyard,(707) 257-5771,,https://www.beringer.com/,Beringer,US,Raleigh,https://www.beringer.com/?city=Raleigh&country=US&utm_source=mealdeals_scraper,2026-08-07T20:58:07.057168+00:00
Beringer Vineyard,(707) 257-5771,,https://www.beringer.com/,Beringer,US,Columbus,https://www.beringer.com/?city=Columbus&country=US&utm_source=mealdeals_scraper,2026-08-07T20:58:07.096592+00:00
Beringer Vineyard,(707) 257-5771,,https://www.beringer.com/,Beringer,US,Indianapolis,https://www.beringer.com/?city=Indianapolis&country=US&utm_source=mealdeals_scraper,2026-08-07T20:58:07.134531+00:00
Beringer Vineyard,(707) 257-5771,,https://www.beringer.com/,Beringer,US,Cincinnati,https://www.beringer.com/?city=Cincinnati&country=US&utm_source=mealdeals_scraper,2026-08-07T20:58:07.172417+00:00
Beringer Vineyard,(707) 257-5771,,https://www.beringer.com/,Beringer,US,Milwaukee,https://www.beringer.com/?city=Milwaukee&country=US&utm_source=mealdeals_scraper,2026-08-07T20:58:07.210305+00:00
Buffalo Wild Wings,,,https://www.buffalowildwings.com/,,US,Miami,https://www.buffalowildwings.com/menu/?city=Miami&country=US&utm_source=mealdeals_scraper,2026-08-07T20:58:06.455803+00:00
Buffalo Wild Wings,,,https://www.buffalowildwings.com/,,US,Seattle,https://www.buffalowildwings.com/menu/?city=Seattle&country=US&utm_source=mealdeals_scraper,2026-08-07T20:58:06.189336+00:00
Buffalo Wild Wings,,,https://www.buffalowildwings.com/,,US,Detroit,https://www.buffalowildwings.com/menu/?city=Detroit&country=US&utm_source=mealdeals_scraper,2026-08-07T20:58:06.341925+00:00
Buffalo Wild Wings,,,https://www.buffalowildwings.com/,,US,Chicago,https://www.buffalowildwings.com/menu/?city=Chicago&country=US&utm_source=mealdeals_scraper,2026-08-07T20:58:05.770952+00:00
Buffalo Wild Wings,,,https://www.buffalowildwings.com/,,US,Indianapolis,https://www.buffalowildwings.com/menu/?city=Indianapolis&country=US&utm_source=mealdeals_scraper,2026-08-07T20:58:07.131049+00:00
Buffalo Wild Wings,,,https://www.buffalowildwings.com/,,US,Los Angeles,https://www.buffalowildwings.com/menu/?city=Los+Angeles&country=US&utm_source=mealdeals_scraper,2026-08-07T20:58:05.731051+00:00
Buffalo Wild Wings,,,https://www.buffalowildwings.com/,,US,Houston,https://www.buffalowildwings.com/menu/?city=Houston&country=US&utm_source=mealdeals_scraper,2026-08-07T20:58:05.809176+00:00
Buffalo Wild Wings,,,https://www.buffalowildwings.com/,,US,Phoenix,https://www.buffalowildwings.com/menu/?city=Phoenix&country=US&utm_source=mealdeals_scraper,2026-08-07T20:58:05.847012+00:00
Buffalo Wild Wings,,,https://www.buffalowildwings.com/,,US,Philadelphia,https://www.buffalowildwings.com/menu/?city=Philadelphia&country=US&utm_source=mealdeals_scraper,2026-08-07T20:58:05.885341+00:00
Buffalo Wild Wings,,,https://www.buffalowildwings.com/,,US,San Diego,https://www.buffalowildwings.com/menu/?city=San+Diego&country=US&utm_source=mealdeals_scraper,2026-08-07T20:58:05.961638+00:00
Buffalo Wild Wings,,,https://www.buffalowildwings.com/,,US,Dallas,https://www.buffalowildwings.com/menu/?city=Dallas&country=US&utm_source=mealdeals_scraper,2026-08-07T20:58:05.998793+00:00
Buffalo Wild Wings,,,https://www.buffalowildwings.com/,,US,San Jose,https://www.buffalowildwings.com/menu/?city=San+Jose&country=US&utm_source=mealdeals_scraper,2026-08-07T20:58:06.038232+00:00
Buffalo Wild Wings,,,https://www.buffalowildwings.com/,,US,Jacksonville,https://www.buffalowildwings.com/menu/?city=Jacksonville&country=US&utm_source=mealdeals_scraper,2026-08-07T20:58:06.113986+00:00
Buffalo Wild Wings,,,https://www.buffalowildwings.com/,,US,San Francisco,https://www.buffalowildwings.com/menu/?city=San+Francisco&country=US&utm_source=mealdeals_scraper,2026-08-07T20:58:06.151382+00:00
Buffalo Wild Wings,,,https://www.buffalowildwings.com/,,US,New York,https://www.buffalowildwings.com/menu/?city=New+York&country=US&utm_source=mealdeals_scraper,2026-08-07T20:58:05.692471+00:00
Buffalo Wild Wings,,,https://www.buffalowildwings.com/,,US,Boston,https://www.buffalowildwings.com/menu/?city=Boston&country=US&utm_source=mealdeals_scraper,2026-08-07T20:58:06.264839+00:00
Buffalo Wild Wings,,,https://www.buffalowildwings.com/,,US,Nashville,https://www.buffalowildwings.com/menu/?city=Nashville&country=US&utm_source=mealdeals_scraper,2026-08-07T20:58:06.303729+00:00
Buffalo Wild Wings,,,https://www.buffalowildwings.com/,,US,Portland,https://www.buffalowildwings.com/menu/?city=Portland&country=US&utm_source=mealdeals_scraper,2026-08-07T20:58:06.379690+00:00
Buffalo Wild Wings,,,https://www.buffalowildwings.com/,,US,Las Vegas,https://www.buffalowildwings.com/menu/?city=Las+Vegas&country=US&utm_source=mealdeals_scraper,2026-08-07T20:58:06.417751+00:00
Buffalo Wild Wings,,,https://www.buffalowildwings.com/,,US,Minneapolis,https://www.buffalowildwings.com/menu/?city=Minneapolis&country=US&utm_source=mealdeals_scraper,2026-08-07T20:58:06.570919+00:00
Buffalo Wild Wings,,,https://www.buffalowildwings.com/,,US,Washington,https://www.buffalowildwings.com/menu/?city=Washington&country=US&utm_source=mealdeals_scraper,2026-08-07T20:58:06.532824+00:00
Buffalo Wild Wings,,,https://www.buffalowildwings.com/,,US,Denver,https://www.buffalowildwings.com/menu/?city=Denver&country=US&utm_source=mealdeals_scraper,2026-08-07T20:58:06.227308+00:00
Buffalo Wild Wings,,,https://www.buffalowildwings.com/,,US,Cincinnati,https://www.buffalowildwings.com/menu/?city=Cincinnati&country=US&utm_source=mealdeals_scraper,2026-08-07T20:58:07.169092+00:00
Buffalo Wild Wings,,,https://www.buffalowildwings.com/,,US,Tampa,https://www.buffalowildwings.com/menu/?city=Tampa&country=US&utm_source=mealdeals_scraper,2026-08-07T20:58:06.648192+00:00
Buffalo Wild Wings,,,https://www.buffalowildwings.com/,,US,Orlando,https://www.buffalowildwings.com/menu/?city=Orlando&country=US&utm_source=mealdeals_scraper,2026-08-07T20:58:06.686595+00:00
Buffalo Wild Wings,,,https://www.buffalowildwings.com/,,US,Pittsburgh,https://www.buffalowildwings.com/menu/?city=Pittsburgh&country=US&utm_source=mealdeals_scraper,2026-08-07T20:58:06.762958+00:00
Buffalo Wild Wings,,,https://www.buffalowildwings.com/,,US,New Orleans,https://www.buffalowildwings.com/menu/?city=New+Orleans&country=US&utm_source=mealdeals_scraper,2026-08-07T20:58:07.014008+00:00
Buffalo Wild Wings,,,https://www.buffalowildwings.com/,,US,Salt Lake City,https://www.buffalowildwings.com/menu/?city=Salt+Lake+City&country=US&utm_source=mealdeals_scraper,2026-08-07T20:58:06.927629+00:00
Buffalo Wild Wings,,,https://www.buffalowildwings.com/,,US,Honolulu,https://www.buffalowildwings.com/menu/?city=Honolulu&country=US&utm_source=mealdeals_scraper,2026-08-07T20:58:06.970351+00:00
Buffalo Wild Wings,,,https://www.buffalowildwings.com/,,US,Sacramento,https://www.buffalowildwings.com/menu/?city=Sacramento&country=US&utm_source=mealdeals_scraper,2026-08-07T20:58:06.886184+00:00
Buffalo Wild Wings,,,https://www.buffalowildwings.com/,,US,San Antonio,https://www.buffalowildwings.com/menu/?city=San+Antonio&country=US&utm_source=mealdeals_scraper,2026-08-07T20:58:05.922668+00:00
Buffalo Wild Wings,,,https://www.buffalowildwings.com/,,US,Atlanta,https://www.buffalowildwings.com/menu/?city=Atlanta&country=US&utm_source=mealdeals_scraper,2026-08-07T20:58:06.494608+00:00
Buffalo Wild Wings,,,https://www.buffalowildwings.com/,,US,Raleigh,https://www.buffalowildwings.com/menu/?city=Raleigh&country=US&utm_source=mealdeals_scraper,2026-08-07T20:58:07.053801+00:00
Buffalo Wild Wings,,,https://www.buffalowildwings.com/,,US,Columbus,https://www.buffalowildwings.com/menu/?city=Columbus&country=US&utm_source=mealdeals_scraper,2026-08-07T20:58:07.092946+00:00
Buffalo Wild Wings,,,https://www.buffalowildwings.com/,,US,Kansas City,https://www.buffalowildwings.com/menu/?city=Kansas+City&country=US&utm_source=mealdeals_scraper,2026-08-07T20:58:06.801086+00:00
Buffalo Wild Wings,,,https://www.buffalowildwings.com/,,US,Milwaukee,https://www.buffalowildwings.com/menu/?city=Milwaukee&country=US&utm_source=mealdeals_scraper,2026-08-07T20:58:07.207054+00:00
Buffalo Wild Wings,,,https://www.buffalowildwings.com/,,US,Cleveland,https://www.buffalowildwings.com/menu/?city=Cleveland&country=US&utm_source=mealdeals_scraper,2026-08-07T20:58:06.725101+00:00
Buffalo Wild Wings,,,https://www.buffalowildwings.com/,,US,St Louis,https://www.buffalowildwings.com/menu/?city=St+Louis&country=US&utm_source=mealdeals_scraper,2026-08-07T20:58:06.841338+00:00
Buffalo Wild Wings,,,https://www.buffalowildwings.com/,,US,Charlotte,https://www.buffalowildwings.com/menu/?city=Charlotte&country=US&utm_source=mealdeals_scraper,2026-08-07T20:58:06.610436+00:00
Buffalo Wild Wings,,,https://www.buffalowildwings.com/,,US,Austin,https://www.buffalowildwings.com/menu/?city=Austin&country=US&utm_source=mealdeals_scraper,2026-08-07T20:58:06.075670+00:00
Castello di Amorosa Winery,,,https://castellodiamorosa.com/,Experience award-winning wines at our sustainable winery. Visit us for a unique tasting experience today!,US,Honolulu,https://castellodiamorosa.com/?city=Honolulu&country=US&utm_source=mealdeals_scraper,2026-08-07T20:58:06.974762+00:00
Castello di Amorosa Winery,,,https://castellodiamorosa.com/,Experience award-winning wines at our sustainable winery. Visit us for a unique tasting experience today!,US,Salt Lake City,https://castellodiamorosa.com/?city=Salt+Lake+City&country=US&utm_source=mealdeals_scraper,2026-08-07T20:58:06.931643+00:00
Castello di Amorosa Winery,,,https://castellodiamorosa.com/,Experience award-winning wines at our sustainable winery. Visit us for a unique tasting experience today!,US,Phoenix,https://castellodiamorosa.com/?city=Phoenix&country=US&utm_source=mealdeals_scraper,2026-08-07T20:58:05.850685+00:00
Castello di Amorosa Winery,,,https://castellodiamorosa.com/,Experience award-winning wines at our sustainable winery. Visit us for a unique tasting experience today!,US,Seattle,https://castellodiamorosa.com/?city=Seattle&country=US&utm_source=mealdeals_scraper,2026-08-07T20:58:06.193089+00:00
Castello di Amorosa Winery,,,https://castellodiamorosa.com/,Experience award-winning wines at our sustainable winery. Visit us for a unique tasting experience today!,US,Miami,https://castellodiamorosa.com/?city=Miami&country=US&utm_source=mealdeals_scraper,2026-08-07T20:58:06.459899+00:00
Castello di Amorosa Winery,,,https://castellodiamorosa.com/,Experience award-winning wines at our sustainable winery. Visit us for a unique tasting experience today!,US,Sacramento,https://castellodiamorosa.com/?city=Sacramento&country=US&utm_source=mealdeals_scraper,2026-08-07T20:58:06.890356+00:00
Castello di Amorosa Winery,,,https://castellodiamorosa.com/,Experience award-winning wines at our sustainable winery. Visit us for a unique tasting experience today!,US,San Diego,https://castellodiamorosa.com/?city=San+Diego&country=US&utm_source=mealdeals_scraper,2026-08-07T20:58:05.965788+00:00
Castello di Amorosa Winery,,,https://castellodiamorosa.com/,Experience award-winning wines at our sustainable winery. Visit us for a unique tasting experience today!,US,Washington,https://castellodiamorosa.com/?city=Washington&country=US&utm_source=mealdeals_scraper,2026-08-07T20:58:06.536681+00:00
Castello di Amorosa Winery,,,https://castellodiamorosa.com/,Experience award-winning wines at our sustainable winery. Visit us for a unique tasting experience today!,US,Pittsburgh,https://castellodiamorosa.com/?city=Pittsburgh&country=US&utm_source=mealdeals_scraper,2026-08-07T20:58:06.766669+00:00
Castello di Amorosa Winery,,,https://castellodiamorosa.com/,Experience award-winning wines at our sustainable winery. Visit us for a unique tasting experience today!,US,Philadelphia,https://castellodiamorosa.com/?city=Philadelphia&country=US&utm_source=mealdeals_scraper,2026-08-07T20:58:05.889251+00:00
Castello di Amorosa Winery,,,https://castellodiamorosa.com/,Experience award-winning wines at our sustainable winery. Visit us for a unique tasting experience today!,US,Jacksonville,https://castellodiamorosa.com/?city=Jacksonville&country=US&utm_source=mealdeals_scraper,2026-08-07T20:58:06.117716+00:00
Castello di Amorosa Winery,,,https://castellodiamorosa.com/,Experience award-winning wines at our sustainable winery. Visit us for a unique tasting experience today!,US,St Louis,https://castellodiamorosa.com/?city=St+Louis&country=US&utm_source=mealdeals_scraper,2026-08-07T20:58:06.845099+00:00
Castello di Amorosa Winery,,,https://castellodiamorosa.com/,Experience award-winning wines at our sustainable winery. Visit us for a unique tasting experience today!,US,Austin,https://castellodiamorosa.com/?city=Austin&country=US&utm_source=mealdeals_scraper,2026-08-07T20:58:06.079681+00:00
Castello di Amorosa Winery,,,https://castellodiamorosa.com/,Experience award-winning wines at our sustainable winery. Visit us for a unique tasting experience today!,US,San Antonio,https://castellodiamorosa.com/?city=San+Antonio&country=US&utm_source=mealdeals_scraper,2026-08-07T20:58:05.926479+00:00
Castello di Amorosa Winery,,,https://castellodiamorosa.com/,Experience award-winning wines at our sustainable winery. Visit us for a unique tasting experience today!,US,Atlanta,https://castellodiamorosa.com/?city=Atlanta&country=US&utm_source=mealdeals_scraper,2026-08-07T20:58:06.498161+00:00
Castello di Amorosa Winery,,,https://castellodiamorosa.com/,Experience award-winning wines at our sustainable winery. Visit us for a unique tasting experience today!,US,Dallas,https://castellodiamorosa.com/?city=Dallas&country=US&utm_source=mealdeals_scraper,2026-08-07T20:58:06.002760+00:00
Castello di Amorosa Winery,,,https://castellodiamorosa.com/,Experience award-winning wines at our sustainable winery. Visit us for a unique tasting experience today!,US,Kansas City,https://castellodiamorosa.com/?city=Kansas+City&country=US&utm_source=mealdeals_scraper,2026-08-07T20:58:06.805006+00:00
Castello di Amorosa Winery,,,https://castellodiamorosa.com/,Experience award-winning wines at our sustainable winery. Visit us for a unique tasting experience today!,US,New York,https://castellodiamorosa.com/?city=New+York&country=US&utm_source=mealdeals_scraper,2026-08-07T20:58:05.696645+00:00
Castello di Amorosa Winery,,,https://castellodiamorosa.com/,Experience award-winning wines at our sustainable winery. Visit us for a unique tasting experience today!,US,Milwaukee,https://castellodiamorosa.com/?city=Milwaukee&country=US&utm_source=mealdeals_scraper,2026-08-07T20:58:07.210684+00:00
Castello di Amorosa Winery,,,https://castellodiamorosa.com/,Experience award-winning wines at our sustainable winery. Visit us for a unique tasting experience today!,US,Charlotte,https://castellodiamorosa.com/?city=Charlotte&country=US&utm_source=mealdeals_scraper,2026-08-07T20:58:06.614442+00:00
Castello di Amorosa Winery,,,https://castellodiamorosa.com/,Experience award-winning wines at our sustainable winery. Visit us for a unique tasting experience today!,US,Columbus,https://castellodiamorosa.com/?city=Columbus&country=US&utm_source=mealdeals_scraper,2026-08-07T20:58:07.097005+00:00
Castello di Amorosa Winery,,,https://castellodiamorosa.com/,Experience award-winning wines at our sustainable winery. Visit us for a unique tasting experience today!,US,Los Angeles,https://castellodiamorosa.com/?city=Los+Angeles&country=US&utm_source=mealdeals_scraper,2026-08-07T20:58:05.735101+00:00
Castello di Amorosa Winery,,,https://castellodiamorosa.com/,Experience award-winning wines at our sustainable winery. Visit us for a unique tasting experience today!,US,Denver,https://castellodiamorosa.com/?city=Denver&country=US&utm_source=mealdeals_scraper,2026-08-07T20:58:06.231173+00:00
Castello di Amorosa Winery,,,https://castellodiamorosa.com/,Experience award-winning wines at our sustainable winery. Visit us for a unique tasting experience today!,US,Nashville,https://castellodiamorosa.com/?city=Nashville&country=US&utm_source=mealdeals_scraper,2026-08-07T20:58:06.307479+00:00
Castello di Amorosa Winery,,,https://castellodiamorosa.com/,Experience award-winning wines at our sustainable winery. Visit us for a unique tasting experience today!,US,Orlando,https://castellodiamorosa.com/?city=Orlando&country=US&utm_source=mealdeals_scraper,2026-08-07T20:58:06.690359+00:00
Castello di Amorosa Winery,,,https://castellodiamorosa.com/,Experience award-winning wines at our sustainable winery. Visit us for a unique tasting experience today!,US,Cincinnati,https://castellodiamorosa.com/?city=Cincinnati&country=US&utm_source=mealdeals_scraper,2026-08-07T20:58:07.172802+00:00
Castello di Amorosa Winery,,,https://castellodiamorosa.com/,Experience award-winning wines at our sustainable winery. Visit us for a unique tasting experience today!,US,Chicago,https://castellodiamorosa.com/?city=Chicago&country=US&utm_source=mealdeals_scraper,2026-08-07T20:58:05.775013+00:00
Castello di Amorosa Winery,,,https://castellodiamorosa.com/,Experience award-winning wines at our sustainable winery. Visit us for a unique tasting experience today!,US,Detroit,https://castellodiamorosa.com/?city=Detroit&country=US&utm_source=mealdeals_scraper,2026-08-07T20:58:06.345844+00:00
Castello di Amorosa Winery,,,https://castellodiamorosa.com/,Experience award-winning wines at our sustainable winery. Visit us for a unique tasting experience today!,US,Boston,https://castellodiamorosa.com/?city=Boston&country=US&utm_source=mealdeals_scraper,2026-08-07T20:58:06.268761+00:00
Castello di Amorosa Winery,,,https://castellodiamorosa.com/,Experience award-winning wines at our sustainable winery. Visit us for a unique tasting experience today!,US,San Jose,https://castellodiamorosa.com/?city=San+Jose&country=US&utm_source=mealdeals_scraper,2026-08-07T20:58:06.042056+00:00
Castello di Amorosa Winery,,,https://castellodiamorosa.com/,Experience award-winning wines at our sustainable winery. Visit us for a unique tasting experience today!,US,Portland,https://castellodiamorosa.com/?city=Portland&country=US&utm_source=mealdeals_scraper,2026-08-07T20:58:06.383282+00:00
Castello di Amorosa Winery,,,https://castellodiamorosa.com/,Experience award-winning wines at our sustainable winery. Visit us for a unique tasting experience today!,US,Las Vegas,https://castellodiamorosa.com/?city=Las+Vegas&country=US&utm_source=mealdeals_scraper,2026-08-07T20:58:06.421534+00:00
Castello di Amorosa Winery,,,https://castellodiamorosa.com/,Experience award-winning wines at our sustainable winery. Visit us for a unique tasting experience today!,US,Indianapolis,https://castellodiamorosa.com/?city=Indianapolis&country=US&utm_source=mealdeals_scraper,2026-08-07T20:58:07.134943+00:00
Castello di Amorosa Winery,,,https://castellodiamorosa.com/,Experience award-winning wines at our sustainable winery. Visit us for a unique tasting experience today!,US,San Francisco,https://castellodiamorosa.com/?city=San+Francisco&country=US&utm_source=mealdeals_scraper,2026-08-07T20:58:06.154942+00:00
Castello di Amorosa Winery,,,https://castellodiamorosa.com/,Experience award-winning wines at our sustainable winery. Visit us for a unique tasting experience today!,US,Minneapolis,https://castellodiamorosa.com/?city=Minneapolis&country=US&utm_source=mealdeals_scraper,2026-08-07T20:58:06.575141+00:00
Castello di Amorosa Winery,,,https://castellodiamorosa.com/,Experience award-winning wines at our sustainable winery. Visit us for a unique tasting experience today!,US,Tampa,https://castellodiamorosa.com/?city=Tampa&country=US&utm_source=mealdeals_scraper,2026-08-07T20:58:06.651909+00:00
Castello di Amorosa Winery,,,https://castellodiamorosa.com/,Experience award-winning wines at our sustainable winery. Visit us for a unique tasting experience today!,US,Houston,https://castellodiamorosa.com/?city=Houston&country=US&utm_source=mealdeals_scraper,2026-08-07T20:58:05.812856+00:00
Castello di Amorosa Winery,,,https://castellodiamorosa.com/,Experience award-winning wines at our sustainable winery. Visit us for a unique tasting experience today!,US,Raleigh,https://castellodiamorosa.com/?city=Raleigh&country=US&utm_source=mealdeals_scraper,2026-08-07T20:58:07.057584+00:00
Castello di Amorosa Winery,,,https://castellodiamorosa.com/,Experience award-winning wines at our sustainable winery. Visit us for a unique tasting experience today!,US,Cleveland,https://castellodiamorosa.com/?city=Cleveland&country=US&utm_source=mealdeals_scraper,2026-08-07T20:58:06.728974+00:00
Castello di Amorosa Winery,,,https://castellodiamorosa.com/,Experience award-winning wines at our sustainable winery. Visit us for a unique tasting experience today!,US,New Orleans,https://castellodiamorosa.com/?city=New+Orleans&country=US&utm_source=mealdeals_scraper,2026-08-07T20:58:07.019433+00:00
Chipotle,,,https://www.chipotle.com/,"Order tacos, burritos, salads, bowls and more at Chipotle Mexican Grill. Order online for pick up or delivery and join our rewards program today.",US,Denver,https://www.chipotle.com/?city=Denver&country=US&utm_source=mealdeals_scraper,2026-08-07T20:58:06.225647+00:00
Chipotle,,,https://www.chipotle.com/,"Order tacos, burritos, salads, bowls and more at Chipotle Mexican Grill. Order online for pick up or delivery and join our rewards program today.",US,New York,https://www.chipotle.com/?city=New+York&country=US&utm_source=mealdeals_scraper,2026-08-07T20:58:05.690962+00:00
Chipotle,,,https://www.chipotle.com/,"Order tacos, burritos, salads, bowls and more at Chipotle Mexican Grill. Order online for pick up or delivery and join our rewards program today.",US,Washington,https://www.chipotle.com/?city=Washington&country=US&utm_source=mealdeals_scraper,2026-08-07T20:58:06.531453+00:00
Chipotle,,,https://www.chipotle.com/,"Order tacos, burritos, salads, bowls and more at Chipotle Mexican Grill. Order online for pick up or delivery and join our rewards program today.",US,Jacksonville,https://www.chipotle.com/?city=Jacksonville&country=US&utm_source=mealdeals_scraper,2026-08-07T20:58:06.112388+00:00
Chipotle,,,https://www.chipotle.com/,"Order tacos, burritos, salads, bowls and more at Chipotle Mexican Grill. Order online for pick up or delivery and join our rewards program today.",US,St Louis,https://www.chipotle.com/?city=St+Louis&country=US&utm_source=mealdeals_scraper,2026-08-07T20:58:06.839996+00:00
Chipotle,,,https://www.chipotle.com/,"Order tacos, burritos, salads, bowls and more at Chipotle Mexican Grill. Order online for pick up or delivery and join our rewards program today.",US,Phoenix,https://www.chipotle.com/?city=Phoenix&country=US&utm_source=mealdeals_scraper,2026-08-07T20:58:05.845692+00:00
Chipotle,,,https://www.chipotle.com/,"Order tacos, burritos, salads, bowls and more at Chipotle Mexican Grill. Order online for pick up or delivery and join our rewards program today.",US,Portland,https://www.chipotle.com/?city=Portland&country=US&utm_source=mealdeals_scraper,2026-08-07T20:58:06.378400+00:00
Chipotle,,,https://www.chipotle.com/,"Order tacos, burritos, salads, bowls and more at Chipotle Mexican Grill. Order online for pick up or delivery and join our rewards program today.",US,Sacramento,https://www.chipotle.com/?city=Sacramento&country=US&utm_source=mealdeals_scraper,2026-08-07T20:58:06.884412+00:00
Chipotle,,,https://www.chipotle.com/,"Order tacos, burritos, salads, bowls and more at Chipotle Mexican Grill. Order online for pick up or delivery and join our rewards program today.",US,Salt Lake City,https://www.chipotle.com/?city=Salt+Lake+City&country=US&utm_source=mealdeals_scraper,2026-08-07T20:58:06.926181+00:00
Chipotle,,,https://www.chipotle.com/,"Order tacos, burritos, salads, bowls and more at Chipotle Mexican Grill. Order online for pick up or delivery and join our rewards program today.",US,Seattle,https://www.chipotle.com/?city=Seattle&country=US&utm_source=mealdeals_scraper,2026-08-07T20:58:06.187805+00:00
Chipotle,,,https://www.chipotle.com/,"Order tacos, burritos, salads, bowls and more at Chipotle Mexican Grill. Order online for pick up or delivery and join our rewards program today.",US,Charlotte,https://www.chipotle.com/?city=Charlotte&country=US&utm_source=mealdeals_scraper,2026-08-07T20:58:06.608735+00:00
Chipotle,,,https://www.chipotle.com/,"Order tacos, burritos, salads, bowls and more at Chipotle Mexican Grill. Order online for pick up or delivery and join our rewards program today.",US,Philadelphia,https://www.chipotle.com/?city=Philadelphia&country=US&utm_source=mealdeals_scraper,2026-08-07T20:58:05.883739+00:00
Chipotle,,,https://www.chipotle.com/,"Order tacos, burritos, salads, bowls and more at Chipotle Mexican Grill. Order online for pick up or delivery and join our rewards program today.",US,Minneapolis,https://www.chipotle.com/?city=Minneapolis&country=US&utm_source=mealdeals_scraper,2026-08-07T20:58:06.569205+00:00
Chipotle,,,https://www.chipotle.com/,"Order tacos, burritos, salads, bowls and more at Chipotle Mexican Grill. Order online for pick up or delivery and join our rewards program today.",US,Nashville,https://www.chipotle.com/?city=Nashville&country=US&utm_source=mealdeals_scraper,2026-08-07T20:58:06.302308+00:00
Chipotle,,,https://www.chipotle.com/,"Order tacos, burritos, salads, bowls and more at Chipotle Mexican Grill. Order online for pick up or delivery and join our rewards program today.",US,Milwaukee,https://www.chipotle.com/?city=Milwaukee&country=US&utm_source=mealdeals_scraper,2026-08-07T20:58:07.205526+00:00
Chipotle,,,https://www.chipotle.com/,"Order tacos, burritos, salads, bowls and more at Chipotle Mexican Grill. Order online for pick up or delivery and join our rewards program today.",US,Indianapolis,https://www.chipotle.com/?city=Indianapolis&country=US&utm_source=mealdeals_scraper,2026-08-07T20:58:07.129379+00:00
Chipotle,,,https://www.chipotle.com/,"Order tacos, burritos, salads, bowls and more at Chipotle Mexican Grill. Order online for pick up or delivery and join our rewards program today.",US,San Diego,https://www.chipotle.com/?city=San+Diego&country=US&utm_source=mealdeals_scraper,2026-08-07T20:58:05.960250+00:00
Chipotle,,,https://www.chipotle.com/,"Order tacos, burritos, salads, bowls and more at Chipotle Mexican Grill. Order online for pick up or delivery and join our rewards program today.",US,Atlanta,https://www.chipotle.com/?city=Atlanta&country=US&utm_source=mealdeals_scraper,2026-08-07T20:58:06.493327+00:00
Chipotle,,,https://www.chipotle.com/,"Order tacos, burritos, salads, bowls and more at Chipotle Mexican Grill. Order online for pick up or delivery and join our rewards program today.",US,Cleveland,https://www.chipotle.com/?city=Cleveland&country=US&utm_source=mealdeals_scraper,2026-08-07T20:58:06.723413+00:00
Chipotle,,,https://www.chipotle.com/,"Order tacos, burritos, salads, bowls and more at Chipotle Mexican Grill. Order online for pick up or delivery and join our rewards program today.",US,New Orleans,https://www.chipotle.com/?city=New+Orleans&country=US&utm_source=mealdeals_scraper,2026-08-07T20:58:07.012274+00:00
Chipotle,,,https://www.chipotle.com/,"Order tacos, burritos, salads, bowls and more at Chipotle Mexican Grill. Order online for pick up or delivery and join our rewards program today.",US,Houston,https://www.chipotle.com/?city=Houston&country=US&utm_source=mealdeals_scraper,2026-08-07T20:58:05.807783+00:00
Chipotle,,,https://www.chipotle.com/,"Order tacos, burritos, salads, bowls and more at Chipotle Mexican Grill. Order online for pick up or delivery and join our rewards program today.",US,Raleigh,https://www.chipotle.com/?city=Raleigh&country=US&utm_source=mealdeals_scraper,2026-08-07T20:58:07.052499+00:00
Chipotle,,,https://www.chipotle.com/,"Order tacos, burritos, salads, bowls and more at Chipotle Mexican Grill. Order online for pick up or delivery and join our rewards program today.",US,Miami,https://www.chipotle.com/?city=Miami&country=US&utm_source=mealdeals_scraper,2026-08-07T20:58:06.454114+00:00
Chipotle,,,https://www.chipotle.com/,"Order tacos, burritos, salads, bowls and more at Chipotle Mexican Grill. Order online for pick up or delivery and join our rewards program today.",US,Tampa,https://www.chipotle.com/?city=Tampa&country=US&utm_source=mealdeals_scraper,2026-08-07T20:58:06.646855+00:00
Chipotle,,,https://www.chipotle.com/,"Order tacos, burritos, salads, bowls and more at Chipotle Mexican Grill. Order online for pick up or delivery and join our rewards program today.",US,Kansas City,https://www.chipotle.com/?city=Kansas+City&country=US&utm_source=mealdeals_scraper,2026-08-07T20:58:06.799660+00:00
Chipotle,,,https://www.chipotle.com/,"Order tacos, burritos, salads, bowls and more at Chipotle Mexican Grill. Order online for pick up or delivery and join our rewards program today.",US,Boston,https://www.chipotle.com/?city=Boston&country=US&utm_source=mealdeals_scraper,2026-08-07T20:58:06.263428+00:00
Chipotle,,,https://www.chipotle.com/,"Order tacos, burritos, salads, bowls and more at Chipotle Mexican Grill. Order online for pick up or delivery and join our rewards program today.",US,San Jose,https://www.chipotle.com/?city=San+Jose&country=US&utm_source=mealdeals_scraper,2026-08-07T20:58:06.036453+00:00
Chipotle,,,https://www.chipotle.com/,"Order tacos, burritos, salads, bowls and more at Chipotle Mexican Grill. Order online for pick up or delivery and join our rewards program today.",US,San Francisco,https://www.chipotle.com/?city=San+Francisco&country=US&utm_source=mealdeals_scraper,2026-08-07T20:58:06.150034+00:00
Chipotle,,,https://www.chipotle.com/,"Order tacos, burritos, salads, bowls and more at Chipotle Mexican Grill. Order online for pick up or delivery and join our rewards program today.",US,Los Angeles,https://www.chipotle.com/?city=Los+Angeles&country=US&utm_source=mealdeals_scraper,2026-08-07T20:58:05.729384+00:00
Chipotle,,,https://www.chipotle.com/,"Order tacos, burritos, salads, bowls and more at Chipotle Mexican Grill. Order online for pick up or delivery and join our rewards program today.",US,Austin,https://www.chipotle.com/?city=Austin&country=US&utm_source=mealdeals_scraper,2026-08-07T20:58:06.074332+00:00
Chipotle,,,https://www.chipotle.com/,"Order tacos, burritos, salads, bowls and more at Chipotle Mexican Grill. Order online for pick up or delivery and join our rewards program today.",US,San Antonio,https://www.chipotle.com/?city=San+Antonio&country=US&utm_source=mealdeals_scraper,2026-08-07T20:58:05.921375+00:00
Chipotle,,,https://www.chipotle.com/,"Order tacos, burritos, salads, bowls and more at Chipotle Mexican Grill. Order online for pick up or delivery and join our rewards program today.",US,Cincinnati,https://www.chipotle.com/?city=Cincinnati&country=US&utm_source=mealdeals_scraper,2026-08-07T20:58:07.167636+00:00
Chipotle,,,https://www.chipotle.com/,"Order tacos, burritos, salads, bowls and more at Chipotle Mexican Grill. Order online for pick up or delivery and join our rewards program today.",US,Pittsburgh,https://www.chipotle.com/?city=Pittsburgh&country=US&utm_source=mealdeals_scraper,2026-08-07T20:58:06.761569+00:00
Chipotle,,,https://www.chipotle.com/,"Order tacos, burritos, salads, bowls and more at Chipotle Mexican Grill. Order online for pick up or delivery and join our rewards program today.",US,Las Vegas,https://www.chipotle.com/?city=Las+Vegas&country=US&utm_source=mealdeals_scraper,2026-08-07T20:58:06.416112+00:00
Chipotle,,,https://www.chipotle.com/,"Order tacos, burritos, salads, bowls and more at Chipotle Mexican Grill. Order online for pick up or delivery and join our rewards program today.",US,Detroit,https://www.chipotle.com/?city=Detroit&country=US&utm_source=mealdeals_scraper,2026-08-07T20:58:06.340237+00:00
Chipotle,,,https://www.chipotle.com/,"Order tacos, burritos, salads, bowls and more at Chipotle Mexican Grill. Order online for pick up or delivery and join our rewards program today.",US,Dallas,https://www.chipotle.com/?city=Dallas&country=US&utm_source=mealdeals_scraper,2026-08-07T20:58:05.997121+00:00
Chipotle,,,https://www.chipotle.com/,"Order tacos, burritos, salads, bowls and more at Chipotle Mexican Grill. Order online for pick up or delivery and join our rewards program today.",US,Orlando,https://www.chipotle.com/?city=Orlando&country=US&utm_source=mealdeals_scraper,2026-08-07T20:58:06.685001+00:00
Chipotle,,,https://www.chipotle.com/,"Order tacos, burritos, salads, bowls and more at Chipotle Mexican Grill. Order online for pick up or delivery and join our rewards program today.",US,Honolulu,https://www.chipotle.com/?city=Honolulu&country=US&utm_source=mealdeals_scraper,2026-08-07T20:58:06.968602+00:00
Chipotle,,,https://www.chipotle.com/,"Order tacos, burritos, salads, bowls and more at Chipotle Mexican Grill. Order online for pick up or delivery and join our rewards program today.",US,Columbus,https://www.chipotle.com/?city=Columbus&country=US&utm_source=mealdeals_scraper,2026-08-07T20:58:07.091450+00:00
Chipotle,,,https://www.chipotle.com/,"Order tacos, burritos, salads, bowls and more at Chipotle Mexican Grill. Order online for pick up or delivery and join our rewards program today.",US,Chicago,https://www.chipotle.com/?city=Chicago&country=US&utm_source=mealdeals_scraper,2026-08-07T20:58:05.769265+00:00
Domaine Chandon Winery,,,https://www.chandon.com/,,US,Honolulu,https://www.chandon.com/?city=Honolulu&country=US&utm_source=mealdeals_scraper,2026-08-07T20:58:06.973807+00:00
Domaine Chandon Winery,,,https://www.chandon.com/,,US,Cleveland,https://www.chandon.com/?city=Cleveland&country=US&utm_source=mealdeals_scraper,2026-08-07T20:58:06.728110+00:00
Domaine Chandon Winery,,,https://www.chandon.com/,,US,Dallas,https://www.chandon.com/?city=Dallas&country=US&utm_source=mealdeals_scraper,2026-08-07T20:58:06.001851+00:00
Domaine Chandon Winery,,,https://www.chandon.com/,,US,Orlando,https://www.chandon.com/?city=Orlando&country=US&utm_source=mealdeals_scraper,2026-08-07T20:58:06.689466+00:00
Domaine Chandon Winery,,,https://www.chandon.com/,,US,Tampa,https://www.chandon.com/?city=Tampa&country=US&utm_source=mealdeals_scraper,2026-08-07T20:58:06.651052+00:00
Domaine Chandon Winery,,,https://www.chandon.com/,,US,New York,https://www.chandon.com/?city=New+York&country=US&utm_source=mealdeals_scraper,2026-08-07T20:58:05.695578+00:00
Domaine Chandon Winery,,,https://www.chandon.com/,,US,Charlotte,https://www.chandon.com/?city=Charlotte&country=US&utm_source=mealdeals_scraper,2026-08-07T20:58:06.613595+00:00
Domaine Chandon Winery,,,https://www.chandon.com/,,US,Los Angeles,https://www.chandon.com/?city=Los+Angeles&country=US&utm_source=mealdeals_scraper,2026-08-07T20:58:05.734146+00:00
Domaine Chandon Winery,,,https://www.chandon.com/,,US,San Jose,https://www.chandon.com/?city=San+Jose&country=US&utm_source=mealdeals_scraper,2026-08-07T20:58:06.041200+00:00
Domaine Chandon Winery,,,https://www.chandon.com/,,US,Milwaukee,https://www.chandon.com/?city=Milwaukee&country=US&utm_source=mealdeals_scraper,2026-08-07T20:58:07.209892+00:00
Domaine Chandon Winery,,,https://www.chandon.com/,,US,Chicago,https://www.chandon.com/?city=Chicago&country=US&utm_source=mealdeals_scraper,2026-08-07T20:58:05.773902+00:00
Domaine Chandon Winery,,,https://www.chandon.com/,,US,Cincinnati,https://www.chandon.com/?city=Cincinnati&country=US&utm_source=mealdeals_scraper,2026-08-07T20:58:07.172021+00:00
Domaine Chandon Winery,,,https://www.chandon.com/,,US,Indianapolis,https://www.chandon.com/?city=Indianapolis&country=US&utm_source=mealdeals_scraper,2026-08-07T20:58:07.134052+00:00
Domaine Chandon Winery,,,https://www.chandon.com/,,US,Columbus,https://www.chandon.com/?city=Columbus&country=US&utm_source=mealdeals_scraper,2026-08-07T20:58:07.096176+00:00
Domaine Chandon Winery,,,https://www.chandon.com/,,US,Houston,https://www.chandon.com/?city=Houston&country=US&utm_source=mealdeals_scraper,2026-08-07T20:58:05.812067+00:00
Domaine Chandon Winery,,,https://www.chandon.com/,,US,Raleigh,https://www.chandon.com/?city=Raleigh&country=US&utm_source=mealdeals_scraper,2026-08-07T20:58:07.056744+00:00
Domaine Chandon Winery,,,https://www.chandon.com/,,US,Minneapolis,https://www.chandon.com/?city=Minneapolis&country=US&utm_source=mealdeals_scraper,2026-08-07T20:58:06.574185+00:00
Domaine Chandon Winery,,,https://www.chandon.com/,,US,New Orleans,https://www.chandon.com/?city=New+Orleans&country=US&utm_source=mealdeals_scraper,2026-08-07T20:58:07.018592+00:00
Domaine Chandon Winery,,,https://www.chandon.com/,,US,San Francisco,https://www.chandon.com/?city=San+Francisco&country=US&utm_source=mealdeals_scraper,2026-08-07T20:58:06.154150+00:00
Domaine Chandon Winery,,,https://www.chandon.com/,,US,Phoenix,https://www.chandon.com/?city=Phoenix&country=US&utm_source=mealdeals_scraper,2026-08-07T20:58:05.849851+00:00
Domaine Chandon Winery,,,https://www.chandon.com/,,US,Salt Lake City,https://www.chandon.com/?city=Salt+Lake+City&country=US&utm_source=mealdeals_scraper,2026-08-07T20:58:06.930782+00:00
Domaine Chandon Winery,,,https://www.chandon.com/,,US,Philadelphia,https://www.chandon.com/?city=Philadelphia&country=US&utm_source=mealdeals_scraper,2026-08-07T20:58:05.888197+00:00
Domaine Chandon Winery,,,https://www.chandon.com/,,US,Sacramento,https://www.chandon.com/?city=Sacramento&country=US&utm_source=mealdeals_scraper,2026-08-07T20:58:06.889491+00:00
Domaine Chandon Winery,,,https://www.chandon.com/,,US,Austin,https://www.chandon.com/?city=Austin&country=US&utm_source=mealdeals_scraper,2026-08-07T20:58:06.078639+00:00
Domaine Chandon Winery,,,https://www.chandon.com/,,US,St Louis,https://www.chandon.com/?city=St+Louis&country=US&utm_source=mealdeals_scraper,2026-08-07T20:58:06.844291+00:00
Domaine Chandon Winery,,,https://www.chandon.com/,,US,Atlanta,https://www.chandon.com/?city=Atlanta&country=US&utm_source=mealdeals_scraper,2026-08-07T20:58:06.497370+00:00
Domaine Chandon Winery,,,https://www.chandon.com/,,US,Kansas City,https://www.chandon.com/?city=Kansas+City&country=US&utm_source=mealdeals_scraper,2026-08-07T20:58:06.804203+00:00
Domaine Chandon Winery,,,https://www.chandon.com/,,US,Jacksonville,https://www.chandon.com/?city=Jacksonville&country=US&utm_source=mealdeals_scraper,2026-08-07T20:58:06.116897+00:00
Domaine Chandon Winery,,,https://www.chandon.com/,,US,San Antonio,https://www.chandon.com/?city=San+Antonio&country=US&utm_source=mealdeals_scraper,2026-08-07T20:58:05.925695+00:00
Domaine Chandon Winery,,,https://www.chandon.com/,,US,Pittsburgh,https://www.chandon.com/?city=Pittsburgh&country=US&utm_source=mealdeals_scraper,2026-08-07T20:58:06.765844+00:00
Domaine Chandon Winery,,,https://www.chandon.com/,,US,San Diego,https://www.chandon.com/?city=San+Diego&country=US&utm_source=mealdeals_scraper,2026-08-07T20:58:05.964896+00:00
Domaine Chandon Winery,,,https://www.chandon.com/,,US,Miami,https://www.chandon.com/?city=Miami&country=US&utm_source=mealdeals_scraper,2026-08-07T20:58:06.459074+00:00
Domaine Chandon Winery,,,https://www.chandon.com/,,US,Las Vegas,https://www.chandon.com/?city=Las+Vegas&country=US&utm_source=mealdeals_scraper,2026-08-07T20:58:06.420678+00:00
Domaine Chandon Winery,,,https://www.chandon.com/,,US,Seattle,https://www.chandon.com/?city=Seattle&country=US&utm_source=mealdeals_scraper,2026-08-07T20:58:06.192210+00:00
Domaine Chandon Winery,,,https://www.chandon.com/,,US,Denver,https://www.chandon.com/?city=Denver&country=US&utm_source=mealdeals_scraper,2026-08-07T20:58:06.230361+00:00
Domaine Chandon Winery,,,https://www.chandon.com/,,US,Boston,https://www.chandon.com/?city=Boston&country=US&utm_source=mealdeals_scraper,2026-08-07T20:58:06.267977+00:00
Domaine Chandon Winery,,,https://www.chandon.com/,,US,Portland,https://www.chandon.com/?city=Portland&country=US&utm_source=mealdeals_scraper,2026-08-07T20:58:06.382479+00:00
Domaine Chandon Winery,,,https://www.chandon.com/,,US,Nashville,https://www.chandon.com/?city=Nashville&country=US&utm_source=mealdeals_scraper,2026-08-07T20:58:06.306646+00:00
Domaine Chandon Winery,,,https://www.chandon.com/,,US,Detroit,https://www.chandon.com/?city=Detroit&country=US&utm_source=mealdeals_scraper,2026-08-07T20:58:06.345044+00:00
Domaine Chandon Winery,,,https://www.chandon.com/,,US,Washington,https://www.chandon.com/?city=Washington&country=US&utm_source=mealdeals_scraper,2026-08-07T20:58:06.535765+00:00
Hilton Hotels,+1-855-672-1138,,https://www.hilton.com/,"Take advantage of hotel offers, unique promotions, and exclusive online specials directly from Hilton Portfolio.",US,San Francisco,https://www.hilton.com/en/offers/?city=San+Francisco&country=US&utm_source=mealdeals_scraper,2026-08-07T20:58:06.150948+00:00
Hilton Hotels,+1-855-672-1138,,https://www.hilton.com/,"Take advantage of hotel offers, unique promotions, and exclusive online specials directly from Hilton Portfolio.",US,Orlando,https://www.hilton.com/en/offers/?city=Orlando&country=US&utm_source=mealdeals_scraper,2026-08-07T20:58:06.686103+00:00
Hilton Hotels,+1-855-672-1138,,https://www.hilton.com/,"Take advantage of hotel offers, unique promotions, and exclusive online specials directly from Hilton Portfolio.",US,Charlotte,https://www.hilton.com/en/offers/?city=Charlotte&country=US&utm_source=mealdeals_scraper,2026-08-07T20:58:06.609839+00:00
Hilton Hotels,+1-855-672-1138,,https://www.hilton.com/,"Take advantage of hotel offers, unique promotions, and exclusive online specials directly from Hilton Portfolio.",US,Jacksonville,https://www.hilton.com/en/offers/?city=Jacksonville&country=US&utm_source=mealdeals_scraper,2026-08-07T20:58:06.113537+00:00
Hilton Hotels,+1-855-672-1138,,https://www.hilton.com/,"Take advantage of hotel offers, unique promotions, and exclusive online specials directly from Hilton Portfolio.",US,Tampa,https://www.hilton.com/en/offers/?city=Tampa&country=US&utm_source=mealdeals_scraper,2026-08-07T20:58:06.647762+00:00
Hilton Hotels,+1-855-672-1138,,https://www.hilton.com/,"Take advantage of hotel offers, unique promotions, and exclusive online specials directly from Hilton Portfolio.",US,San Jose,https://www.hilton.com/en/offers/?city=San+Jose&country=US&utm_source=mealdeals_scraper,2026-08-07T20:58:06.037656+00:00
Hilton Hotels,+1-855-672-1138,,https://www.hilton.com/,"Take advantage of hotel offers, unique promotions, and exclusive online specials directly from Hilton Portfolio.",US,Dallas,https://www.hilton.com/en/offers/?city=Dallas&country=US&utm_source=mealdeals_scraper,2026-08-07T20:58:05.998240+00:00
Hilton Hotels,+1-855-672-1138,,https://www.hilton.com/,"Take advantage of hotel offers, unique promotions, and exclusive online specials directly from Hilton Portfolio.",US,Phoenix,https://www.hilton.com/en/offers/?city=Phoenix&country=US&utm_source=mealdeals_scraper,2026-08-07T20:58:05.846579+00:00
Hilton Hotels,+1-855-672-1138,,https://www.hilton.com/,"Take advantage of hotel offers, unique promotions, and exclusive online specials directly from Hilton Portfolio.",US,Cincinnati,https://www.hilton.com/en/offers/?city=Cincinnati&country=US&utm_source=mealdeals_scraper,2026-08-07T20:58:07.168613+00:00
Hilton Hotels,+1-855-672-1138,,https://www.hilton.com/,"Take advantage of hotel offers, unique promotions, and exclusive online specials directly from Hilton Portfolio.",US,Philadelphia,https://www.hilton.com/en/offers/?city=Philadelphia&country=US&utm_source=mealdeals_scraper,2026-08-07T20:58:05.884859+00:00
Hilton Hotels,+1-855-672-1138,,https://www.hilton.com/,"Take advantage of hotel offers, unique promotions, and exclusive online specials directly from Hilton Portfolio.",US,Denver,https://www.hilton.com/en/offers/?city=Denver&country=US&utm_source=mealdeals_scraper,2026-08-07T20:58:06.226765+00:00
Hilton Hotels,+1-855-672-1138,,https://www.hilton.com/,"Take advantage of hotel offers, unique promotions, and exclusive online specials directly from Hilton Portfolio.",US,Chicago,https://www.hilton.com/en/offers/?city=Chicago&country=US&utm_source=mealdeals_scraper,2026-08-07T20:58:05.770406+00:00
Hilton Hotels,+1-855-672-1138,,https://www.hilton.com/,"Take advantage of hotel offers, unique promotions, and exclusive online specials directly from Hilton Portfolio.",US,Houston,https://www.hilton.com/en/offers/?city=Houston&country=US&utm_source=mealdeals_scraper,2026-08-07T20:58:05.808749+00:00
Hilton Hotels,+1-855-672-1138,,https://www.hilton.com/,"Take advantage of hotel offers, unique promotions, and exclusive online specials directly from Hilton Portfolio.",US,Los Angeles,https://www.hilton.com/en/offers/?city=Los+Angeles&country=US&utm_source=mealdeals_scraper,2026-08-07T20:58:05.730507+00:00
Hilton Hotels,+1-855-672-1138,,https://www.hilton.com/,"Take advantage of hotel offers, unique promotions, and exclusive online specials directly from Hilton Portfolio.",US,Washington,https://www.hilton.com/en/offers/?city=Washington&country=US&utm_source=mealdeals_scraper,2026-08-07T20:58:06.532406+00:00
Hilton Hotels,+1-855-672-1138,,https://www.hilton.com/,"Take advantage of hotel offers, unique promotions, and exclusive online specials directly from Hilton Portfolio.",US,Detroit,https://www.hilton.com/en/offers/?city=Detroit&country=US&utm_source=mealdeals_scraper,2026-08-07T20:58:06.341366+00:00
Hilton Hotels,+1-855-672-1138,,https://www.hilton.com/,"Take advantage of hotel offers, unique promotions, and exclusive online specials directly from Hilton Portfolio.",US,Pittsburgh,https://www.hilton.com/en/offers/?city=Pittsburgh&country=US&utm_source=mealdeals_scraper,2026-08-07T20:58:06.762469+00:00
Hilton Hotels,+1-855-672-1138,,https://www.hilton.com/,"Take advantage of hotel offers, unique promotions, and exclusive online specials directly from Hilton Portfolio.",US,Indianapolis,https://www.hilton.com/en/offers/?city=Indianapolis&country=US&utm_source=mealdeals_scraper,2026-08-07T20:58:07.130498+00:00
Hilton Hotels,+1-855-672-1138,,https://www.hilton.com/,"Take advantage of hotel offers, unique promotions, and exclusive online specials directly from Hilton Portfolio.",US,Sacramento,https://www.hilton.com/en/offers/?city=Sacramento&country=US&utm_source=mealdeals_scraper,2026-08-07T20:58:06.885588+00:00
Hilton Hotels,+1-855-672-1138,,https://www.hilton.com/,"Take advantage of hotel offers, unique promotions, and exclusive online specials directly from Hilton Portfolio.",US,Atlanta,https://www.hilton.com/en/offers/?city=Atlanta&country=US&utm_source=mealdeals_scraper,2026-08-07T20:58:06.494205+00:00
Hilton Hotels,+1-855-672-1138,,https://www.hilton.com/,"Take advantage of hotel offers, unique promotions, and exclusive online specials directly from Hilton Portfolio.",US,Seattle,https://www.hilton.com/en/offers/?city=Seattle&country=US&utm_source=mealdeals_scraper,2026-08-07T20:58:06.188877+00:00
Hilton Hotels,+1-855-672-1138,,https://www.hilton.com/,"Take advantage of hotel offers, unique promotions, and exclusive online specials directly from Hilton Portfolio.",US,Miami,https://www.hilton.com/en/offers/?city=Miami&country=US&utm_source=mealdeals_scraper,2026-08-07T20:58:06.455250+00:00
Hilton Hotels,+1-855-672-1138,,https://www.hilton.com/,"Take advantage of hotel offers, unique promotions, and exclusive online specials directly from Hilton Portfolio.",US,Minneapolis,https://www.hilton.com/en/offers/?city=Minneapolis&country=US&utm_source=mealdeals_scraper,2026-08-07T20:58:06.570346+00:00
Hilton Hotels,+1-855-672-1138,,https://www.hilton.com/,"Take advantage of hotel offers, unique promotions, and exclusive online specials directly from Hilton Portfolio.",US,Las Vegas,https://www.hilton.com/en/offers/?city=Las+Vegas&country=US&utm_source=mealdeals_scraper,2026-08-07T20:58:06.417290+00:00
Hilton Hotels,+1-855-672-1138,,https://www.hilton.com/,"Take advantage of hotel offers, unique promotions, and exclusive online specials directly from Hilton Portfolio.",US,Portland,https://www.hilton.com/en/offers/?city=Portland&country=US&utm_source=mealdeals_scraper,2026-08-07T20:58:06.379269+00:00
Hilton Hotels,+1-855-672-1138,,https://www.hilton.com/,"Take advantage of hotel offers, unique promotions, and exclusive online specials directly from Hilton Portfolio.",US,Cleveland,https://www.hilton.com/en/offers/?city=Cleveland&country=US&utm_source=mealdeals_scraper,2026-08-07T20:58:06.724536+00:00
Hilton Hotels,+1-855-672-1138,,https://www.hilton.com/,"Take advantage of hotel offers, unique promotions, and exclusive online specials directly from Hilton Portfolio.",US,Austin,https://www.hilton.com/en/offers/?city=Austin&country=US&utm_source=mealdeals_scraper,2026-08-07T20:58:06.075239+00:00
Hilton Hotels,+1-855-672-1138,,https://www.hilton.com/,"Take advantage of hotel offers, unique promotions, and exclusive online specials directly from Hilton Portfolio.",US,Columbus,https://www.hilton.com/en/offers/?city=Columbus&country=US&utm_source=mealdeals_scraper,2026-08-07T20:58:07.092497+00:00
Hilton Hotels,+1-855-672-1138,,https://www.hilton.com/,"Take advantage of hotel offers, unique promotions, and exclusive online specials directly from Hilton Portfolio.",US,Nashville,https://www.hilton.com/en/offers/?city=Nashville&country=US&utm_source=mealdeals_scraper,2026-08-07T20:58:06.303302+00:00
Hilton Hotels,+1-855-672-1138,,https://www.hilton.com/,"Take advantage of hotel offers, unique promotions, and exclusive online specials directly from Hilton Portfolio.",US,Boston,https://www.hilton.com/en/offers/?city=Boston&country=US&utm_source=mealdeals_scraper,2026-08-07T20:58:06.264338+00:00
Hilton Hotels,+1-855-672-1138,,https://www.hilton.com/,"Take advantage of hotel offers, unique promotions, and exclusive online specials directly from Hilton Portfolio.",US,Milwaukee,https://www.hilton.com/en/offers/?city=Milwaukee&country=US&utm_source=mealdeals_scraper,2026-08-07T20:58:07.206599+00:00
Hilton Hotels,+1-855-672-1138,,https://www.hilton.com/,"Take advantage of hotel offers, unique promotions, and exclusive online specials directly from Hilton Portfolio.",US,Raleigh,https://www.hilton.com/en/offers/?city=Raleigh&country=US&utm_source=mealdeals_scraper,2026-08-07T20:58:07.053390+00:00
Hilton Hotels,+1-855-672-1138,,https://www.hilton.com/,"Take advantage of hotel offers, unique promotions, and exclusive online specials directly from Hilton Portfolio.",US,San Antonio,https://www.hilton.com/en/offers/?city=San+Antonio&country=US&utm_source=mealdeals_scraper,2026-08-07T20:58:05.922225+00:00
Hilton Hotels,+1-855-672-1138,,https://www.hilton.com/,"Take advantage of hotel offers, unique promotions, and exclusive online specials directly from Hilton Portfolio.",US,New Orleans,https://www.hilton.com/en/offers/?city=New+Orleans&country=US&utm_source=mealdeals_scraper,2026-08-07T20:58:07.013437+00:00
Hilton Hotels,+1-855-672-1138,,https://www.hilton.com/,"Take advantage of hotel offers, unique promotions, and exclusive online specials directly from Hilton Portfolio.",US,Honolulu,https://www.hilton.com/en/offers/?city=Honolulu&country=US&utm_source=mealdeals_scraper,2026-08-07T20:58:06.969774+00:00
Hilton Hotels,+1-855-672-1138,,https://www.hilton.com/,"Take advantage of hotel offers, unique promotions, and exclusive online specials directly from Hilton Portfolio.",US,Salt Lake City,https://www.hilton.com/en/offers/?city=Salt+Lake+City&country=US&utm_source=mealdeals_scraper,2026-08-07T20:58:06.927175+00:00
Hilton Hotels,+1-855-672-1138,,https://www.hilton.com/,"Take advantage of hotel offers, unique promotions, and exclusive online specials directly from Hilton Portfolio.",US,New York,https://www.hilton.com/en/offers/?city=New+York&country=US&utm_source=mealdeals_scraper,2026-08-07T20:58:05.692013+00:00
Hilton Hotels,+1-855-672-1138,,https://www.hilton.com/,"Take advantage of hotel offers, unique promotions, and exclusive online specials directly from Hilton Portfolio.",US,San Diego,https://www.hilton.com/en/offers/?city=San+Diego&country=US&utm_source=mealdeals_scraper,2026-08-07T20:58:05.961151+00:00
Hilton Hotels,+1-855-672-1138,,https://www.hilton.com/,"Take advantage of hotel offers, unique promotions, and exclusive online specials directly from Hilton Portfolio.",US,Kansas City,https://www.hilton.com/en/offers/?city=Kansas+City&country=US&utm_source=mealdeals_scraper,2026-08-07T20:58:06.800630+00:00
Hilton Hotels,+1-855-672-1138,,https://www.hilton.com/,"Take advantage of hotel offers, unique promotions, and exclusive online specials directly from Hilton Portfolio.",US,St Louis,https://www.hilton.com/en/offers/?city=St+Louis&country=US&utm_source=mealdeals_scraper,2026-08-07T20:58:06.840895+00:00
IHOP Restaurant,,,https://www.ihop.com/en/menu,,US,Miami,https://www.ihop.com/en/menu?city=Miami&country=US&utm_source=mealdeals_scraper,2026-08-07T20:58:06.458216+00:00
IHOP Restaurant,,,https://www.ihop.com/en/menu,,US,Sacramento,https://www.ihop.com/en/menu?city=Sacramento&country=US&utm_source=mealdeals_scraper,2026-08-07T20:58:06.888595+00:00
IHOP Restaurant,,,https://www.ihop.com/en/menu,,US,Kansas City,https://www.ihop.com/en/menu?city=Kansas+City&country=US&utm_source=mealdeals_scraper,2026-08-07T20:58:06.803305+00:00
IHOP Restaurant,,,https://www.ihop.com/en/menu,,US,New Orleans,https://www.ihop.com/en/menu?city=New+Orleans&country=US&utm_source=mealdeals_scraper,2026-08-07T20:58:07.017682+00:00
IHOP Restaurant,,,https://www.ihop.com/en/menu,,US,Honolulu,https://www.ihop.com/en/menu?city=Honolulu&country=US&utm_source=mealdeals_scraper,2026-08-07T20:58:06.972854+00:00
IHOP Restaurant,,,https://www.ihop.com/en/menu,,US,Minneapolis,https://www.ihop.com/en/menu?city=Minneapolis&country=US&utm_source=mealdeals_scraper,2026-08-07T20:58:06.573362+00:00
IHOP Restaurant,,,https://www.ihop.com/en/menu,,US,Orlando,https://www.ihop.com/en/menu?city=Orlando&country=US&utm_source=mealdeals_scraper,2026-08-07T20:58:06.688666+00:00
IHOP Restaurant,,,https://www.ihop.com/en/menu,,US,Charlotte,https://www.ihop.com/en/menu?city=Charlotte&country=US&utm_source=mealdeals_scraper,2026-08-07T20:58:06.612782+00:00
IHOP Restaurant,,,https://www.ihop.com/en/menu,,US,Atlanta,https://www.ihop.com/en/menu?city=Atlanta&country=US&utm_source=mealdeals_scraper,2026-08-07T20:58:06.496588+00:00
IHOP Restaurant,,,https://www.ihop.com/en/menu,,US,Milwaukee,https://www.ihop.com/en/menu?city=Milwaukee&country=US&utm_source=mealdeals_scraper,2026-08-07T20:58:07.209117+00:00
IHOP Restaurant,,,https://www.ihop.com/en/menu,,US,Cincinnati,https://www.ihop.com/en/menu?city=Cincinnati&country=US&utm_source=mealdeals_scraper,2026-08-07T20:58:07.171165+00:00
IHOP Restaurant,,,https://www.ihop.com/en/menu,,US,Columbus,https://www.ihop.com/en/menu?city=Columbus&country=US&utm_source=mealdeals_scraper,2026-08-07T20:58:07.095296+00:00
IHOP Restaurant,,,https://www.ihop.com/en/menu,,US,Raleigh,https://www.ihop.com/en/menu?city=Raleigh&country=US&utm_source=mealdeals_scraper,2026-08-07T20:58:07.055952+00:00
IHOP Restaurant,,,https://www.ihop.com/en/menu,,US,St Louis,https://www.ihop.com/en/menu?city=St+Louis&country=US&utm_source=mealdeals_scraper,2026-08-07T20:58:06.843438+00:00
IHOP Restaurant,,,https://www.ihop.com/en/menu,,US,Pittsburgh,https://www.ihop.com/en/menu?city=Pittsburgh&country=US&utm_source=mealdeals_scraper,2026-08-07T20:58:06.765055+00:00
IHOP Restaurant,,,https://www.ihop.com/en/menu,,US,Cleveland,https://www.ihop.com/en/menu?city=Cleveland&country=US&utm_source=mealdeals_scraper,2026-08-07T20:58:06.727308+00:00
IHOP Restaurant,,,https://www.ihop.com/en/menu,,US,Tampa,https://www.ihop.com/en/menu?city=Tampa&country=US&utm_source=mealdeals_scraper,2026-08-07T20:58:06.650254+00:00
IHOP Restaurant,,,https://www.ihop.com/en/menu,,US,Nashville,https://www.ihop.com/en/menu?city=Nashville&country=US&utm_source=mealdeals_scraper,2026-08-07T20:58:06.305823+00:00
IHOP Restaurant,,,https://www.ihop.com/en/menu,,US,Boston,https://www.ihop.com/en/menu?city=Boston&country=US&utm_source=mealdeals_scraper,2026-08-07T20:58:06.267092+00:00
IHOP Restaurant,,,https://www.ihop.com/en/menu,,US,Denver,https://www.ihop.com/en/menu?city=Denver&country=US&utm_source=mealdeals_scraper,2026-08-07T20:58:06.229556+00:00
IHOP Restaurant,,,https://www.ihop.com/en/menu,,US,Seattle,https://www.ihop.com/en/menu?city=Seattle&country=US&utm_source=mealdeals_scraper,2026-08-07T20:58:06.191427+00:00
IHOP Restaurant,,,https://www.ihop.com/en/menu,,US,Indianapolis,https://www.ihop.com/en/menu?city=Indianapolis&country=US&utm_source=mealdeals_scraper,2026-08-07T20:58:07.133243+00:00
IHOP Restaurant,,,https://www.ihop.com/en/menu,,US,Salt Lake City,https://www.ihop.com/en/menu?city=Salt+Lake+City&country=US&utm_source=mealdeals_scraper,2026-08-07T20:58:06.929843+00:00
IHOP Restaurant,,,https://www.ihop.com/en/menu,,US,Austin,https://www.ihop.com/en/menu?city=Austin&country=US&utm_source=mealdeals_scraper,2026-08-07T20:58:06.077711+00:00
IHOP Restaurant,,,https://www.ihop.com/en/menu,,US,San Jose,https://www.ihop.com/en/menu?city=San+Jose&country=US&utm_source=mealdeals_scraper,2026-08-07T20:58:06.040392+00:00
IHOP Restaurant,,,https://www.ihop.com/en/menu,,US,Dallas,https://www.ihop.com/en/menu?city=Dallas&country=US&utm_source=mealdeals_scraper,2026-08-07T20:58:06.001017+00:00
IHOP Restaurant,,,https://www.ihop.com/en/menu,,US,San Diego,https://www.ihop.com/en/menu?city=San+Diego&country=US&utm_source=mealdeals_scraper,2026-08-07T20:58:05.964096+00:00
IHOP Restaurant,,,https://www.ihop.com/en/menu,,US,Washington,https://www.ihop.com/en/menu?city=Washington&country=US&utm_source=mealdeals_scraper,2026-08-07T20:58:06.534947+00:00
IHOP Restaurant,,,https://www.ihop.com/en/menu,,US,San Antonio,https://www.ihop.com/en/menu?city=San+Antonio&country=US&utm_source=mealdeals_scraper,2026-08-07T20:58:05.924862+00:00
IHOP Restaurant,,,https://www.ihop.com/en/menu,,US,Houston,https://www.ihop.com/en/menu?city=Houston&country=US&utm_source=mealdeals_scraper,2026-08-07T20:58:05.811277+00:00
IHOP Restaurant,,,https://www.ihop.com/en/menu,,US,Chicago,https://www.ihop.com/en/menu?city=Chicago&country=US&utm_source=mealdeals_scraper,2026-08-07T20:58:05.773063+00:00
IHOP Restaurant,,,https://www.ihop.com/en/menu,,US,Los Angeles,https://www.ihop.com/en/menu?city=Los+Angeles&country=US&utm_source=mealdeals_scraper,2026-08-07T20:58:05.733265+00:00
IHOP Restaurant,,,https://www.ihop.com/en/menu,,US,New York,https://www.ihop.com/en/menu?city=New+York&country=US&utm_source=mealdeals_scraper,2026-08-07T20:58:05.694625+00:00
IHOP Restaurant,,,https://www.ihop.com/en/menu,,US,Phoenix,https://www.ihop.com/en/menu?city=Phoenix&country=US&utm_source=mealdeals_scraper,2026-08-07T20:58:05.849052+00:00
IHOP Restaurant,,,https://www.ihop.com/en/menu,,US,Las Vegas,https://www.ihop.com/en/menu?city=Las+Vegas&country=US&utm_source=mealdeals_scraper,2026-08-07T20:58:06.419845+00:00
IHOP Restaurant,,,https://www.ihop.com/en/menu,,US,Portland,https://www.ihop.com/en/menu?city=Portland&country=US&utm_source=mealdeals_scraper,2026-08-07T20:58:06.381681+00:00
IHOP Restaurant,,,https://www.ihop.com/en/menu,,US,Detroit,https://www.ihop.com/en/menu?city=Detroit&country=US&utm_source=mealdeals_scraper,2026-08-07T20:58:06.344225+00:00
IHOP Restaurant,,,https://www.ihop.com/en/menu,,US,San Francisco,https://www.ihop.com/en/menu?city=San+Francisco&country=US&utm_source=mealdeals_scraper,2026-08-07T20:58:06.153361+00:00
IHOP Restaurant,,,https://www.ihop.com/en/menu,,US,Jacksonville,https://www.ihop.com/en/menu?city=Jacksonville&country=US&utm_source=mealdeals_scraper,2026-08-07T20:58:06.116082+00:00
IHOP Restaurant,,,https://www.ihop.com/en/menu,,US,Philadelphia,https://www.ihop.com/en/menu?city=Philadelphia&country=US&utm_source=mealdeals_scraper,2026-08-07T20:58:05.887412+00:00
Marriott Hotels,,,https://www.marriott.com/,Make the most of your next stay with hotel deals and promotional travel discounts from Marriott Bonvoy.,US,Miami,https://www.marriott.com/offers.mi?city=Miami&country=US&utm_source=mealdeals_scraper,2026-08-07T20:58:06.454676+00:00
Marriott Hotels,,,https://www.marriott.com/,Make the most of your next stay with hotel deals and promotional travel discounts from Marriott Bonvoy.,US,Los Angeles,https://www.marriott.com/offers.mi?city=Los+Angeles&country=US&utm_source=mealdeals_scraper,2026-08-07T20:58:05.729952+00:00
Marriott Hotels,,,https://www.marriott.com/,Make the most of your next stay with hotel deals and promotional travel discounts from Marriott Bonvoy.,US,San Antonio,https://www.marriott.com/offers.mi?city=San+Antonio&country=US&utm_source=mealdeals_scraper,2026-08-07T20:58:05.921799+00:00
Marriott Hotels,,,https://www.marriott.com/,Make the most of your next stay with hotel deals and promotional travel discounts from Marriott Bonvoy.,US,Washington,https://www.marriott.com/offers.mi?city=Washington&country=US&utm_source=mealdeals_scraper,2026-08-07T20:58:06.531944+00:00
Marriott Hotels,,,https://www.marriott.com/,Make the most of your next stay with hotel deals and promotional travel discounts from Marriott Bonvoy.,US,Chicago,https://www.marriott.com/offers.mi?city=Chicago&country=US&utm_source=mealdeals_scraper,2026-08-07T20:58:05.769844+00:00
Marriott Hotels,,,https://www.marriott.com/,Make the most of your next stay with hotel deals and promotional travel discounts from Marriott Bonvoy.,US,Raleigh,https://www.marriott.com/offers.mi?city=Raleigh&country=US&utm_source=mealdeals_scraper,2026-08-07T20:58:07.052948+00:00
Marriott Hotels,,,https://www.marriott.com/,Make the most of your next stay with hotel deals and promotional travel discounts from Marriott Bonvoy.,US,Cleveland,https://www.marriott.com/offers.mi?city=Cleveland&country=US&utm_source=mealdeals_scraper,2026-08-07T20:58:06.723981+00:00
Marriott Hotels,,,https://www.marriott.com/,Make the most of your next stay with hotel deals and promotional travel discounts from Marriott Bonvoy.,US,Columbus,https://www.marriott.com/offers.mi?city=Columbus&country=US&utm_source=mealdeals_scraper,2026-08-07T20:58:07.092033+00:00
Marriott Hotels,,,https://www.marriott.com/,Make the most of your next stay with hotel deals and promotional travel discounts from Marriott Bonvoy.,US,Boston,https://www.marriott.com/offers.mi?city=Boston&country=US&utm_source=mealdeals_scraper,2026-08-07T20:58:06.263892+00:00
Marriott Hotels,,,https://www.marriott.com/,Make the most of your next stay with hotel deals and promotional travel discounts from Marriott Bonvoy.,US,St Louis,https://www.marriott.com/offers.mi?city=St+Louis&country=US&utm_source=mealdeals_scraper,2026-08-07T20:58:06.840469+00:00
Marriott Hotels,,,https://www.marriott.com/,Make the most of your next stay with hotel deals and promotional travel discounts from Marriott Bonvoy.,US,Milwaukee,https://www.marriott.com/offers.mi?city=Milwaukee&country=US&utm_source=mealdeals_scraper,2026-08-07T20:58:07.206102+00:00
Marriott Hotels,,,https://www.marriott.com/,Make the most of your next stay with hotel deals and promotional travel discounts from Marriott Bonvoy.,US,Charlotte,https://www.marriott.com/offers.mi?city=Charlotte&country=US&utm_source=mealdeals_scraper,2026-08-07T20:58:06.609292+00:00
Marriott Hotels,,,https://www.marriott.com/,Make the most of your next stay with hotel deals and promotional travel discounts from Marriott Bonvoy.,US,Indianapolis,https://www.marriott.com/offers.mi?city=Indianapolis&country=US&utm_source=mealdeals_scraper,2026-08-07T20:58:07.129931+00:00
Marriott Hotels,,,https://www.marriott.com/,Make the most of your next stay with hotel deals and promotional travel discounts from Marriott Bonvoy.,US,Atlanta,https://www.marriott.com/offers.mi?city=Atlanta&country=US&utm_source=mealdeals_scraper,2026-08-07T20:58:06.493764+00:00
Marriott Hotels,,,https://www.marriott.com/,Make the most of your next stay with hotel deals and promotional travel discounts from Marriott Bonvoy.,US,San Diego,https://www.marriott.com/offers.mi?city=San+Diego&country=US&utm_source=mealdeals_scraper,2026-08-07T20:58:05.960690+00:00
Marriott Hotels,,,https://www.marriott.com/,Make the most of your next stay with hotel deals and promotional travel discounts from Marriott Bonvoy.,US,Seattle,https://www.marriott.com/offers.mi?city=Seattle&country=US&utm_source=mealdeals_scraper,2026-08-07T20:58:06.188405+00:00
Marriott Hotels,,,https://www.marriott.com/,Make the most of your next stay with hotel deals and promotional travel discounts from Marriott Bonvoy.,US,Houston,https://www.marriott.com/offers.mi?city=Houston&country=US&utm_source=mealdeals_scraper,2026-08-07T20:58:05.808331+00:00
Marriott Hotels,,,https://www.marriott.com/,Make the most of your next stay with hotel deals and promotional travel discounts from Marriott Bonvoy.,US,Tampa,https://www.marriott.com/offers.mi?city=Tampa&country=US&utm_source=mealdeals_scraper,2026-08-07T20:58:06.647334+00:00
Marriott Hotels,,,https://www.marriott.com/,Make the most of your next stay with hotel deals and promotional travel discounts from Marriott Bonvoy.,US,Orlando,https://www.marriott.com/offers.mi?city=Orlando&country=US&utm_source=mealdeals_scraper,2026-08-07T20:58:06.685583+00:00
Marriott Hotels,,,https://www.marriott.com/,Make the most of your next stay with hotel deals and promotional travel discounts from Marriott Bonvoy.,US,Portland,https://www.marriott.com/offers.mi?city=Portland&country=US&utm_source=mealdeals_scraper,2026-08-07T20:58:06.378822+00:00
Marriott Hotels,,,https://www.marriott.com/,Make the most of your next stay with hotel deals and promotional travel discounts from Marriott Bonvoy.,US,Austin,https://www.marriott.com/offers.mi?city=Austin&country=US&utm_source=mealdeals_scraper,2026-08-07T20:58:06.074790+00:00
Marriott Hotels,,,https://www.marriott.com/,Make the most of your next stay with hotel deals and promotional travel discounts from Marriott Bonvoy.,US,Las Vegas,https://www.marriott.com/offers.mi?city=Las+Vegas&country=US&utm_source=mealdeals_scraper,2026-08-07T20:58:06.416695+00:00
Marriott Hotels,,,https://www.marriott.com/,Make the most of your next stay with hotel deals and promotional travel discounts from Marriott Bonvoy.,US,Jacksonville,https://www.marriott.com/offers.mi?city=Jacksonville&country=US&utm_source=mealdeals_scraper,2026-08-07T20:58:06.112979+00:00
Marriott Hotels,,,https://www.marriott.com/,Make the most of your next stay with hotel deals and promotional travel discounts from Marriott Bonvoy.,US,Dallas,https://www.marriott.com/offers.mi?city=Dallas&country=US&utm_source=mealdeals_scraper,2026-08-07T20:58:05.997676+00:00
Marriott Hotels,,,https://www.marriott.com/,Make the most of your next stay with hotel deals and promotional travel discounts from Marriott Bonvoy.,US,Sacramento,https://www.marriott.com/offers.mi?city=Sacramento&country=US&utm_source=mealdeals_scraper,2026-08-07T20:58:06.885002+00:00
Marriott Hotels,,,https://www.marriott.com/,Make the most of your next stay with hotel deals and promotional travel discounts from Marriott Bonvoy.,US,Cincinnati,https://www.marriott.com/offers.mi?city=Cincinnati&country=US&utm_source=mealdeals_scraper,2026-08-07T20:58:07.168188+00:00
Marriott Hotels,,,https://www.marriott.com/,Make the most of your next stay with hotel deals and promotional travel discounts from Marriott Bonvoy.,US,Detroit,https://www.marriott.com/offers.mi?city=Detroit&country=US&utm_source=mealdeals_scraper,2026-08-07T20:58:06.340801+00:00
Marriott Hotels,,,https://www.marriott.com/,Make the most of your next stay with hotel deals and promotional travel discounts from Marriott Bonvoy.,US,Nashville,https://www.marriott.com/offers.mi?city=Nashville&country=US&utm_source=mealdeals_scraper,2026-08-07T20:58:06.302804+00:00
Marriott Hotels,,,https://www.marriott.com/,Make the most of your next stay with hotel deals and promotional travel discounts from Marriott Bonvoy.,US,New York,https://www.marriott.com/offers.mi?city=New+York&country=US&utm_source=mealdeals_scraper,2026-08-07T20:58:05.691534+00:00
Marriott Hotels,,,https://www.marriott.com/,Make the most of your next stay with hotel deals and promotional travel discounts from Marriott Bonvoy.,US,Denver,https://www.marriott.com/offers.mi?city=Denver&country=US&utm_source=mealdeals_scraper,2026-08-07T20:58:06.226214+00:00
Marriott Hotels,,,https://www.marriott.com/,Make the most of your next stay with hotel deals and promotional travel discounts from Marriott Bonvoy.,US,Minneapolis,https://www.marriott.com/offers.mi?city=Minneapolis&country=US&utm_source=mealdeals_scraper,2026-08-07T20:58:06.569769+00:00
Marriott Hotels,,,https://www.marriott.com/,Make the most of your next stay with hotel deals and promotional travel discounts from Marriott Bonvoy.,US,San Jose,https://www.marriott.com/offers.mi?city=San+Jose&country=US&utm_source=mealdeals_scraper,2026-08-07T20:58:06.037040+00:00
Marriott Hotels,,,https://www.marriott.com/,Make the most of your next stay with hotel deals and promotional travel discounts from Marriott Bonvoy.,US,Kansas City,https://www.marriott.com/offers.mi?city=Kansas+City&country=US&utm_source=mealdeals_scraper,2026-08-07T20:58:06.800177+00:00
Marriott Hotels,,,https://www.marriott.com/,Make the most of your next stay with hotel deals and promotional travel discounts from Marriott Bonvoy.,US,Philadelphia,https://www.marriott.com/offers.mi?city=Philadelphia&country=US&utm_source=mealdeals_scraper,2026-08-07T20:58:05.884315+00:00
Marriott Hotels,,,https://www.marriott.com/,Make the most of your next stay with hotel deals and promotional travel discounts from Marriott Bonvoy.,US,Phoenix,https://www.marriott.com/offers.mi?city=Phoenix&country=US&utm_source=mealdeals_scraper,2026-08-07T20:58:05.846156+00:00
Marriott Hotels,,,https://www.marriott.com/,Make the most of your next stay with hotel deals and promotional travel discounts from Marriott Bonvoy.,US,Salt Lake City,https://www.marriott.com/offers.mi?city=Salt+Lake+City&country=US&utm_source=mealdeals_scraper,2026-08-07T20:58:06.926669+00:00
Marriott Hotels,,,https://www.marriott.com/,Make the most of your next stay with hotel deals and promotional travel discounts from Marriott Bonvoy.,US,San Francisco,https://www.marriott.com/offers.mi?city=San+Francisco&country=US&utm_source=mealdeals_scraper,2026-08-07T20:58:06.150526+00:00
Marriott Hotels,,,https://www.marriott.com/,Make the most of your next stay with hotel deals and promotional travel discounts from Marriott Bonvoy.,US,Pittsburgh,https://www.marriott.com/offers.mi?city=Pittsburgh&country=US&utm_source=mealdeals_scraper,2026-08-07T20:58:06.762016+00:00
Marriott Hotels,,,https://www.marriott.com/,Make the most of your next stay with hotel deals and promotional travel discounts from Marriott Bonvoy.,US,Honolulu,https://www.marriott.com/offers.mi?city=Honolulu&country=US&utm_source=mealdeals_scraper,2026-08-07T20:58:06.969256+00:00
Marriott Hotels,,,https://www.marriott.com/,Make the most of your next stay with hotel deals and promotional travel discounts from Marriott Bonvoy.,US,New Orleans,https://www.marriott.com/offers.mi?city=New+Orleans&country=US&utm_source=mealdeals_scraper,2026-08-07T20:58:07.012823+00:00
Olive Garden Restaurant,,,https://www.olivegarden.com/specials,,US,Tampa,https://www.olivegarden.com/specials?city=Tampa&country=US&utm_source=mealdeals_scraper,2026-08-07T20:58:06.649425+00:00
Olive Garden Restaurant,,,https://www.olivegarden.com/specials,,US,Denver,https://www.olivegarden.com/specials?city=Denver&country=US&utm_source=mealdeals_scraper,2026-08-07T20:58:06.228726+00:00
Olive Garden Restaurant,,,https://www.olivegarden.com/specials,,US,Cincinnati,https://www.olivegarden.com/specials?city=Cincinnati&country=US&utm_source=mealdeals_scraper,2026-08-07T20:58:07.170345+00:00
Olive Garden Restaurant,,,https://www.olivegarden.com/specials,,US,Milwaukee,https://www.olivegarden.com/specials?city=Milwaukee&country=US&utm_source=mealdeals_scraper,2026-08-07T20:58:07.208308+00:00
Olive Garden Restaurant,,,https://www.olivegarden.com/specials,,US,Boston,https://www.olivegarden.com/specials?city=Boston&country=US&utm_source=mealdeals_scraper,2026-08-07T20:58:06.266236+00:00
Olive Garden Restaurant,,,https://www.olivegarden.com/specials,,US,Jacksonville,https://www.olivegarden.com/specials?city=Jacksonville&country=US&utm_source=mealdeals_scraper,2026-08-07T20:58:06.115251+00:00
Olive Garden Restaurant,,,https://www.olivegarden.com/specials,,US,San Jose,https://www.olivegarden.com/specials?city=San+Jose&country=US&utm_source=mealdeals_scraper,2026-08-07T20:58:06.039579+00:00
Olive Garden Restaurant,,,https://www.olivegarden.com/specials,,US,Indianapolis,https://www.olivegarden.com/specials?city=Indianapolis&country=US&utm_source=mealdeals_scraper,2026-08-07T20:58:07.132403+00:00
Olive Garden Restaurant,,,https://www.olivegarden.com/specials,,US,Raleigh,https://www.olivegarden.com/specials?city=Raleigh&country=US&utm_source=mealdeals_scraper,2026-08-07T20:58:07.055057+00:00
Olive Garden Restaurant,,,https://www.olivegarden.com/specials,,US,New York,https://www.olivegarden.com/specials?city=New+York&country=US&utm_source=mealdeals_scraper,2026-08-07T20:58:05.693746+00:00
Olive Garden Restaurant,,,https://www.olivegarden.com/specials,,US,Dallas,https://www.olivegarden.com/specials?city=Dallas&country=US&utm_source=mealdeals_scraper,2026-08-07T20:58:06.000175+00:00
Olive Garden Restaurant,,,https://www.olivegarden.com/specials,,US,Pittsburgh,https://www.olivegarden.com/specials?city=Pittsburgh&country=US&utm_source=mealdeals_scraper,2026-08-07T20:58:06.764203+00:00
Olive Garden Restaurant,,,https://www.olivegarden.com/specials,,US,San Diego,https://www.olivegarden.com/specials?city=San+Diego&country=US&utm_source=mealdeals_scraper,2026-08-07T20:58:05.963148+00:00
Olive Garden Restaurant,,,https://www.olivegarden.com/specials,,US,Honolulu,https://www.olivegarden.com/specials?city=Honolulu&country=US&utm_source=mealdeals_scraper,2026-08-07T20:58:06.971846+00:00
Olive Garden Restaurant,,,https://www.olivegarden.com/specials,,US,Cleveland,https://www.olivegarden.com/specials?city=Cleveland&country=US&utm_source=mealdeals_scraper,2026-08-07T20:58:06.726460+00:00
Olive Garden Restaurant,,,https://www.olivegarden.com/specials,,US,New Orleans,https://www.olivegarden.com/specials?city=New+Orleans&country=US&utm_source=mealdeals_scraper,2026-08-07T20:58:07.016697+00:00
Olive Garden Restaurant,,,https://www.olivegarden.com/specials,,US,Minneapolis,https://www.olivegarden.com/specials?city=Minneapolis&country=US&utm_source=mealdeals_scraper,2026-08-07T20:58:06.572516+00:00
Olive Garden Restaurant,,,https://www.olivegarden.com/specials,,US,Kansas City,https://www.olivegarden.com/specials?city=Kansas+City&country=US&utm_source=mealdeals_scraper,2026-08-07T20:58:06.802443+00:00
Olive Garden Restaurant,,,https://www.olivegarden.com/specials,,US,Atlanta,https://www.olivegarden.com/specials?city=Atlanta&country=US&utm_source=mealdeals_scraper,2026-08-07T20:58:06.495813+00:00
Olive Garden Restaurant,,,https://www.olivegarden.com/specials,,US,Houston,https://www.olivegarden.com/specials?city=Houston&country=US&utm_source=mealdeals_scraper,2026-08-07T20:58:05.810477+00:00
Olive Garden Restaurant,,,https://www.olivegarden.com/specials,,US,Charlotte,https://www.olivegarden.com/specials?city=Charlotte&country=US&utm_source=mealdeals_scraper,2026-08-07T20:58:06.611948+00:00
Olive Garden Restaurant,,,https://www.olivegarden.com/specials,,US,Miami,https://www.olivegarden.com/specials?city=Miami&country=US&utm_source=mealdeals_scraper,2026-08-07T20:58:06.457248+00:00
Olive Garden Restaurant,,,https://www.olivegarden.com/specials,,US,San Antonio,https://www.olivegarden.com/specials?city=San+Antonio&country=US&utm_source=mealdeals_scraper,2026-08-07T20:58:05.923946+00:00
Olive Garden Restaurant,,,https://www.olivegarden.com/specials,,US,Washington,https://www.olivegarden.com/specials?city=Washington&country=US&utm_source=mealdeals_scraper,2026-08-07T20:58:06.534160+00:00
Olive Garden Restaurant,,,https://www.olivegarden.com/specials,,US,Detroit,https://www.olivegarden.com/specials?city=Detroit&country=US&utm_source=mealdeals_scraper,2026-08-07T20:58:06.343383+00:00
Olive Garden Restaurant,,,https://www.olivegarden.com/specials,,US,St Louis,https://www.olivegarden.com/specials?city=St+Louis&country=US&utm_source=mealdeals_scraper,2026-08-07T20:58:06.842582+00:00
Olive Garden Restaurant,,,https://www.olivegarden.com/specials,,US,Los Angeles,https://www.olivegarden.com/specials?city=Los+Angeles&country=US&utm_source=mealdeals_scraper,2026-08-07T20:58:05.732393+00:00
Olive Garden Restaurant,,,https://www.olivegarden.com/specials,,US,Sacramento,https://www.olivegarden.com/specials?city=Sacramento&country=US&utm_source=mealdeals_scraper,2026-08-07T20:58:06.887684+00:00
Olive Garden Restaurant,,,https://www.olivegarden.com/specials,,US,Chicago,https://www.olivegarden.com/specials?city=Chicago&country=US&utm_source=mealdeals_scraper,2026-08-07T20:58:05.772260+00:00
Olive Garden Restaurant,,,https://www.olivegarden.com/specials,,US,Portland,https://www.olivegarden.com/specials?city=Portland&country=US&utm_source=mealdeals_scraper,2026-08-07T20:58:06.380883+00:00
Olive Garden Restaurant,,,https://www.olivegarden.com/specials,,US,Seattle,https://www.olivegarden.com/specials?city=Seattle&country=US&utm_source=mealdeals_scraper,2026-08-07T20:58:06.190617+00:00
Olive Garden Restaurant,,,https://www.olivegarden.com/specials,,US,Salt Lake City,https://www.olivegarden.com/specials?city=Salt+Lake+City&country=US&utm_source=mealdeals_scraper,2026-08-07T20:58:06.928970+00:00
Olive Garden Restaurant,,,https://www.olivegarden.com/specials,,US,Philadelphia,https://www.olivegarden.com/specials?city=Philadelphia&country=US&utm_source=mealdeals_scraper,2026-08-07T20:58:05.886591+00:00
Olive Garden Restaurant,,,https://www.olivegarden.com/specials,,US,Nashville,https://www.olivegarden.com/specials?city=Nashville&country=US&utm_source=mealdeals_scraper,2026-08-07T20:58:06.305011+00:00
Olive Garden Restaurant,,,https://www.olivegarden.com/specials,,US,Austin,https://www.olivegarden.com/specials?city=Austin&country=US&utm_source=mealdeals_scraper,2026-08-07T20:58:06.076892+00:00
Olive Garden Restaurant,,,https://www.olivegarden.com/specials,,US,Columbus,https://www.olivegarden.com/specials?city=Columbus&country=US&utm_source=mealdeals_scraper,2026-08-07T20:58:07.094218+00:00
Olive Garden Restaurant,,,https://www.olivegarden.com/specials,,US,Phoenix,https://www.olivegarden.com/specials?city=Phoenix&country=US&utm_source=mealdeals_scraper,2026-08-07T20:58:05.848255+00:00
Olive Garden Restaurant,,,https://www.olivegarden.com/specials,,US,Las Vegas,https://www.olivegarden.com/specials?city=Las+Vegas&country=US&utm_source=mealdeals_scraper,2026-08-07T20:58:06.419041+00:00
Olive Garden Restaurant,,,https://www.olivegarden.com/specials,,US,Orlando,https://www.olivegarden.com/specials?city=Orlando&country=US&utm_source=mealdeals_scraper,2026-08-07T20:58:06.687837+00:00
Olive Garden Restaurant,,,https://www.olivegarden.com/specials,,US,San Francisco,https://www.olivegarden.com/specials?city=San+Francisco&country=US&utm_source=mealdeals_scraper,2026-08-07T20:58:06.152582+00:00
Robert Mondavi Winery,,,https://www.robertmondaviwinery.com/,"Robert Mondavi Winery is committed to world-class winemaking, and an ongoing journey towards innovation.",US,San Francisco,https://www.robertmondaviwinery.com/?city=San+Francisco&country=US&utm_source=mealdeals_scraper,2026-08-07T20:58:06.153740+00:00
Robert Mondavi Winery,,,https://www.robertmondaviwinery.com/,"Robert Mondavi Winery is committed to world-class winemaking, and an ongoing journey towards innovation.",US,Milwaukee,https://www.robertmondaviwinery.com/?city=Milwaukee&country=US&utm_source=mealdeals_scraper,2026-08-07T20:58:07.209501+00:00
Robert Mondavi Winery,,,https://www.robertmondaviwinery.com/,"Robert Mondavi Winery is committed to world-class winemaking, and an ongoing journey towards innovation.",US,Portland,https://www.robertmondaviwinery.com/?city=Portland&country=US&utm_source=mealdeals_scraper,2026-08-07T20:58:06.382088+00:00
Robert Mondavi Winery,,,https://www.robertmondaviwinery.com/,"Robert Mondavi Winery is committed to world-class winemaking, and an ongoing journey towards innovation.",US,Sacramento,https://www.robertmondaviwinery.com/?city=Sacramento&country=US&utm_source=mealdeals_scraper,2026-08-07T20:58:06.889053+00:00
Robert Mondavi Winery,,,https://www.robertmondaviwinery.com/,"Robert Mondavi Winery is committed to world-class winemaking, and an ongoing journey towards innovation.",US,Cincinnati,https://www.robertmondaviwinery.com/?city=Cincinnati&country=US&utm_source=mealdeals_scraper,2026-08-07T20:58:07.171578+00:00
Robert Mondavi Winery,,,https://www.robertmondaviwinery.com/,"Robert Mondavi Winery is committed to world-class winemaking, and an ongoing journey towards innovation.",US,Boston,https://www.robertmondaviwinery.com/?city=Boston&country=US&utm_source=mealdeals_scraper,2026-08-07T20:58:06.267581+00:00
Robert Mondavi Winery,,,https://www.robertmondaviwinery.com/,"Robert Mondavi Winery is committed to world-class winemaking, and an ongoing journey towards innovation.",US,Charlotte,https://www.robertmondaviwinery.com/?city=Charlotte&country=US&utm_source=mealdeals_scraper,2026-08-07T20:58:06.613200+00:00
Robert Mondavi Winery,,,https://www.robertmondaviwinery.com/,"Robert Mondavi Winery is committed to world-class winemaking, and an ongoing journey towards innovation.",US,Chicago,https://www.robertmondaviwinery.com/?city=Chicago&country=US&utm_source=mealdeals_scraper,2026-08-07T20:58:05.773509+00:00
Robert Mondavi Winery,,,https://www.robertmondaviwinery.com/,"Robert Mondavi Winery is committed to world-class winemaking, and an ongoing journey towards innovation.",US,Dallas,https://www.robertmondaviwinery.com/?city=Dallas&country=US&utm_source=mealdeals_scraper,2026-08-07T20:58:06.001440+00:00
Robert Mondavi Winery,,,https://www.robertmondaviwinery.com/,"Robert Mondavi Winery is committed to world-class winemaking, and an ongoing journey towards innovation.",US,Minneapolis,https://www.robertmondaviwinery.com/?city=Minneapolis&country=US&utm_source=mealdeals_scraper,2026-08-07T20:58:06.573757+00:00
Robert Mondavi Winery,,,https://www.robertmondaviwinery.com/,"Robert Mondavi Winery is committed to world-class winemaking, and an ongoing journey towards innovation.",US,Philadelphia,https://www.robertmondaviwinery.com/?city=Philadelphia&country=US&utm_source=mealdeals_scraper,2026-08-07T20:58:05.887805+00:00
Robert Mondavi Winery,,,https://www.robertmondaviwinery.com/,"Robert Mondavi Winery is committed to world-class winemaking, and an ongoing journey towards innovation.",US,Los Angeles,https://www.robertmondaviwinery.com/?city=Los+Angeles&country=US&utm_source=mealdeals_scraper,2026-08-07T20:58:05.733738+00:00
Robert Mondavi Winery,,,https://www.robertmondaviwinery.com/,"Robert Mondavi Winery is committed to world-class winemaking, and an ongoing journey towards innovation.",US,Salt Lake City,https://www.robertmondaviwinery.com/?city=Salt+Lake+City&country=US&utm_source=mealdeals_scraper,2026-08-07T20:58:06.930303+00:00
Robert Mondavi Winery,,,https://www.robertmondaviwinery.com/,"Robert Mondavi Winery is committed to world-class winemaking, and an ongoing journey towards innovation.",US,Honolulu,https://www.robertmondaviwinery.com/?city=Honolulu&country=US&utm_source=mealdeals_scraper,2026-08-07T20:58:06.973367+00:00
Robert Mondavi Winery,,,https://www.robertmondaviwinery.com/,"Robert Mondavi Winery is committed to world-class winemaking, and an ongoing journey towards innovation.",US,Cleveland,https://www.robertmondaviwinery.com/?city=Cleveland&country=US&utm_source=mealdeals_scraper,2026-08-07T20:58:06.727712+00:00
Robert Mondavi Winery,,,https://www.robertmondaviwinery.com/,"Robert Mondavi Winery is committed to world-class winemaking, and an ongoing journey towards innovation.",US,Austin,https://www.robertmondaviwinery.com/?city=Austin&country=US&utm_source=mealdeals_scraper,2026-08-07T20:58:06.078130+00:00
Robert Mondavi Winery,,,https://www.robertmondaviwinery.com/,"Robert Mondavi Winery is committed to world-class winemaking, and an ongoing journey towards innovation.",US,Orlando,https://www.robertmondaviwinery.com/?city=Orlando&country=US&utm_source=mealdeals_scraper,2026-08-07T20:58:06.689068+00:00
Robert Mondavi Winery,,,https://www.robertmondaviwinery.com/,"Robert Mondavi Winery is committed to world-class winemaking, and an ongoing journey towards innovation.",US,Jacksonville,https://www.robertmondaviwinery.com/?city=Jacksonville&country=US&utm_source=mealdeals_scraper,2026-08-07T20:58:06.116497+00:00
Robert Mondavi Winery,,,https://www.robertmondaviwinery.com/,"Robert Mondavi Winery is committed to world-class winemaking, and an ongoing journey towards innovation.",US,San Antonio,https://www.robertmondaviwinery.com/?city=San+Antonio&country=US&utm_source=mealdeals_scraper,2026-08-07T20:58:05.925301+00:00
Robert Mondavi Winery,,,https://www.robertmondaviwinery.com/,"Robert Mondavi Winery is committed to world-class winemaking, and an ongoing journey towards innovation.",US,Washington,https://www.robertmondaviwinery.com/?city=Washington&country=US&utm_source=mealdeals_scraper,2026-08-07T20:58:06.535349+00:00
Robert Mondavi Winery,,,https://www.robertmondaviwinery.com/,"Robert Mondavi Winery is committed to world-class winemaking, and an ongoing journey towards innovation.",US,New Orleans,https://www.robertmondaviwinery.com/?city=New+Orleans&country=US&utm_source=mealdeals_scraper,2026-08-07T20:58:07.018136+00:00
Robert Mondavi Winery,,,https://www.robertmondaviwinery.com/,"Robert Mondavi Winery is committed to world-class winemaking, and an ongoing journey towards innovation.",US,Tampa,https://www.robertmondaviwinery.com/?city=Tampa&country=US&utm_source=mealdeals_scraper,2026-08-07T20:58:06.650643+00:00
Robert Mondavi Winery,,,https://www.robertmondaviwinery.com/,"Robert Mondavi Winery is committed to world-class winemaking, and an ongoing journey towards innovation.",US,Kansas City,https://www.robertmondaviwinery.com/?city=Kansas+City&country=US&utm_source=mealdeals_scraper,2026-08-07T20:58:06.803769+00:00
Robert Mondavi Winery,,,https://www.robertmondaviwinery.com/,"Robert Mondavi Winery is committed to world-class winemaking, and an ongoing journey towards innovation.",US,Atlanta,https://www.robertmondaviwinery.com/?city=Atlanta&country=US&utm_source=mealdeals_scraper,2026-08-07T20:58:06.496974+00:00
Robert Mondavi Winery,,,https://www.robertmondaviwinery.com/,"Robert Mondavi Winery is committed to world-class winemaking, and an ongoing journey towards innovation.",US,Pittsburgh,https://www.robertmondaviwinery.com/?city=Pittsburgh&country=US&utm_source=mealdeals_scraper,2026-08-07T20:58:06.765458+00:00
Robert Mondavi Winery,,,https://www.robertmondaviwinery.com/,"Robert Mondavi Winery is committed to world-class winemaking, and an ongoing journey towards innovation.",US,Detroit,https://www.robertmondaviwinery.com/?city=Detroit&country=US&utm_source=mealdeals_scraper,2026-08-07T20:58:06.344622+00:00
Robert Mondavi Winery,,,https://www.robertmondaviwinery.com/,"Robert Mondavi Winery is committed to world-class winemaking, and an ongoing journey towards innovation.",US,Denver,https://www.robertmondaviwinery.com/?city=Denver&country=US&utm_source=mealdeals_scraper,2026-08-07T20:58:06.229960+00:00
Robert Mondavi Winery,,,https://www.robertmondaviwinery.com/,"Robert Mondavi Winery is committed to world-class winemaking, and an ongoing journey towards innovation.",US,Las Vegas,https://www.robertmondaviwinery.com/?city=Las+Vegas&country=US&utm_source=mealdeals_scraper,2026-08-07T20:58:06.420279+00:00
Robert Mondavi Winery,,,https://www.robertmondaviwinery.com/,"Robert Mondavi Winery is committed to world-class winemaking, and an ongoing journey towards innovation.",US,Raleigh,https://www.robertmondaviwinery.com/?city=Raleigh&country=US&utm_source=mealdeals_scraper,2026-08-07T20:58:07.056358+00:00
Robert Mondavi Winery,,,https://www.robertmondaviwinery.com/,"Robert Mondavi Winery is committed to world-class winemaking, and an ongoing journey towards innovation.",US,Columbus,https://www.robertmondaviwinery.com/?city=Columbus&country=US&utm_source=mealdeals_scraper,2026-08-07T20:58:07.095730+00:00
Robert Mondavi Winery,,,https://www.robertmondaviwinery.com/,"Robert Mondavi Winery is committed to world-class winemaking, and an ongoing journey towards innovation.",US,Seattle,https://www.robertmondaviwinery.com/?city=Seattle&country=US&utm_source=mealdeals_scraper,2026-08-07T20:58:06.191803+00:00
Robert Mondavi Winery,,,https://www.robertmondaviwinery.com/,"Robert Mondavi Winery is committed to world-class winemaking, and an ongoing journey towards innovation.",US,Phoenix,https://www.robertmondaviwinery.com/?city=Phoenix&country=US&utm_source=mealdeals_scraper,2026-08-07T20:58:05.849446+00:00
Robert Mondavi Winery,,,https://www.robertmondaviwinery.com/,"Robert Mondavi Winery is committed to world-class winemaking, and an ongoing journey towards innovation.",US,Indianapolis,https://www.robertmondaviwinery.com/?city=Indianapolis&country=US&utm_source=mealdeals_scraper,2026-08-07T20:58:07.133649+00:00
Robert Mondavi Winery,,,https://www.robertmondaviwinery.com/,"Robert Mondavi Winery is committed to world-class winemaking, and an ongoing journey towards innovation.",US,San Jose,https://www.robertmondaviwinery.com/?city=San+Jose&country=US&utm_source=mealdeals_scraper,2026-08-07T20:58:06.040790+00:00
Robert Mondavi Winery,,,https://www.robertmondaviwinery.com/,"Robert Mondavi Winery is committed to world-class winemaking, and an ongoing journey towards innovation.",US,New York,https://www.robertmondaviwinery.com/?city=New+York&country=US&utm_source=mealdeals_scraper,2026-08-07T20:58:05.695037+00:00
Robert Mondavi Winery,,,https://www.robertmondaviwinery.com/,"Robert Mondavi Winery is committed to world-class winemaking, and an ongoing journey towards innovation.",US,St Louis,https://www.robertmondaviwinery.com/?city=St+Louis&country=US&utm_source=mealdeals_scraper,2026-08-07T20:58:06.843835+00:00
Robert Mondavi Winery,,,https://www.robertmondaviwinery.com/,"Robert Mondavi Winery is committed to world-class winemaking, and an ongoing journey towards innovation.",US,Miami,https://www.robertmondaviwinery.com/?city=Miami&country=US&utm_source=mealdeals_scraper,2026-08-07T20:58:06.458638+00:00
Robert Mondavi Winery,,,https://www.robertmondaviwinery.com/,"Robert Mondavi Winery is committed to world-class winemaking, and an ongoing journey towards innovation.",US,Nashville,https://www.robertmondaviwinery.com/?city=Nashville&country=US&utm_source=mealdeals_scraper,2026-08-07T20:58:06.306255+00:00
Robert Mondavi Winery,,,https://www.robertmondaviwinery.com/,"Robert Mondavi Winery is committed to world-class winemaking, and an ongoing journey towards innovation.",US,San Diego,https://www.robertmondaviwinery.com/?city=San+Diego&country=US&utm_source=mealdeals_scraper,2026-08-07T20:58:05.964496+00:00
Robert Mondavi Winery,,,https://www.robertmondaviwinery.com/,"Robert Mondavi Winery is committed to world-class winemaking, and an ongoing journey towards innovation.",US,Houston,https://www.robertmondaviwinery.com/?city=Houston&country=US&utm_source=mealdeals_scraper,2026-08-07T20:58:05.811666+00:00
Starbucks Coffee,,,https://www.starbucks.com/,,US,Houston,https://www.starbucks.com/menu?city=Houston&country=US&utm_source=mealdeals_scraper,2026-08-07T20:58:05.810059+00:00
Starbucks Coffee,,,https://www.starbucks.com/,,US,Raleigh,https://www.starbucks.com/menu?city=Raleigh&country=US&utm_source=mealdeals_scraper,2026-08-07T20:58:07.054622+00:00
Starbucks Coffee,,,https://www.starbucks.com/,,US,Washington,https://www.starbucks.com/menu?city=Washington&country=US&utm_source=mealdeals_scraper,2026-08-07T20:58:06.533737+00:00
Starbucks Coffee,,,https://www.starbucks.com/,,US,Austin,https://www.starbucks.com/menu?city=Austin&country=US&utm_source=mealdeals_scraper,2026-08-07T20:58:06.076500+00:00
Starbucks Coffee,,,https://www.starbucks.com/,,US,Charlotte,https://www.starbucks.com/menu?city=Charlotte&country=US&utm_source=mealdeals_scraper,2026-08-07T20:58:06.611512+00:00
Starbucks Coffee,,,https://www.starbucks.com/,,US,San Jose,https://www.starbucks.com/menu?city=San+Jose&country=US&utm_source=mealdeals_scraper,2026-08-07T20:58:06.039167+00:00
Starbucks Coffee,,,https://www.starbucks.com/,,US,Tampa,https://www.starbucks.com/menu?city=Tampa&country=US&utm_source=mealdeals_scraper,2026-08-07T20:58:06.649009+00:00
Starbucks Coffee,,,https://www.starbucks.com/,,US,Pittsburgh,https://www.starbucks.com/menu?city=Pittsburgh&country=US&utm_source=mealdeals_scraper,2026-08-07T20:58:06.763789+00:00
Starbucks Coffee,,,https://www.starbucks.com/,,US,San Diego,https://www.starbucks.com/menu?city=San+Diego&country=US&utm_source=mealdeals_scraper,2026-08-07T20:58:05.962521+00:00
Starbucks Coffee,,,https://www.starbucks.com/,,US,Milwaukee,https://www.starbucks.com/menu?city=Milwaukee&country=US&utm_source=mealdeals_scraper,2026-08-07T20:58:07.207870+00:00
Starbucks Coffee,,,https://www.starbucks.com/,,US,Kansas City,https://www.starbucks.com/menu?city=Kansas+City&country=US&utm_source=mealdeals_scraper,2026-08-07T20:58:06.802030+00:00
Starbucks Coffee,,,https://www.starbucks.com/,,US,Atlanta,https://www.starbucks.com/menu?city=Atlanta&country=US&utm_source=mealdeals_scraper,2026-08-07T20:58:06.495429+00:00
Starbucks Coffee,,,https://www.starbucks.com/,,US,St Louis,https://www.starbucks.com/menu?city=St+Louis&country=US&utm_source=mealdeals_scraper,2026-08-07T20:58:06.842180+00:00
Starbucks Coffee,,,https://www.starbucks.com/,,US,San Antonio,https://www.starbucks.com/menu?city=San+Antonio&country=US&utm_source=mealdeals_scraper,2026-08-07T20:58:05.923530+00:00
Starbucks Coffee,,,https://www.starbucks.com/,,US,Sacramento,https://www.starbucks.com/menu?city=Sacramento&country=US&utm_source=mealdeals_scraper,2026-08-07T20:58:06.887230+00:00
Starbucks Coffee,,,https://www.starbucks.com/,,US,Salt Lake City,https://www.starbucks.com/menu?city=Salt+Lake+City&country=US&utm_source=mealdeals_scraper,2026-08-07T20:58:06.928543+00:00
Starbucks Coffee,,,https://www.starbucks.com/,,US,Nashville,https://www.starbucks.com/menu?city=Nashville&country=US&utm_source=mealdeals_scraper,2026-08-07T20:58:06.304584+00:00
Starbucks Coffee,,,https://www.starbucks.com/,,US,Phoenix,https://www.starbucks.com/menu?city=Phoenix&country=US&utm_source=mealdeals_scraper,2026-08-07T20:58:05.847831+00:00
Starbucks Coffee,,,https://www.starbucks.com/,,US,Columbus,https://www.starbucks.com/menu?city=Columbus&country=US&utm_source=mealdeals_scraper,2026-08-07T20:58:07.093786+00:00
Starbucks Coffee,,,https://www.starbucks.com/,,US,Miami,https://www.starbucks.com/menu?city=Miami&country=US&utm_source=mealdeals_scraper,2026-08-07T20:58:06.456788+00:00
Starbucks Coffee,,,https://www.starbucks.com/,,US,Orlando,https://www.starbucks.com/menu?city=Orlando&country=US&utm_source=mealdeals_scraper,2026-08-07T20:58:06.687445+00:00
Starbucks Coffee,,,https://www.starbucks.com/,,US,Cincinnati,https://www.starbucks.com/menu?city=Cincinnati&country=US&utm_source=mealdeals_scraper,2026-08-07T20:58:07.169882+00:00
Starbucks Coffee,,,https://www.starbucks.com/,,US,Indianapolis,https://www.starbucks.com/menu?city=Indianapolis&country=US&utm_source=mealdeals_scraper,2026-08-07T20:58:07.131969+00:00
Starbucks Coffee,,,https://www.starbucks.com/,,US,Boston,https://www.starbucks.com/menu?city=Boston&country=US&utm_source=mealdeals_scraper,2026-08-07T20:58:06.265806+00:00
Starbucks Coffee,,,https://www.starbucks.com/,,US,New York,https://www.starbucks.com/menu?city=New+York&country=US&utm_source=mealdeals_scraper,2026-08-07T20:58:05.693334+00:00
Starbucks Coffee,,,https://www.starbucks.com/,,US,San Francisco,https://www.starbucks.com/menu?city=San+Francisco&country=US&utm_source=mealdeals_scraper,2026-08-07T20:58:06.152191+00:00
Starbucks Coffee,,,https://www.starbucks.com/,,US,Jacksonville,https://www.starbucks.com/menu?city=Jacksonville&country=US&utm_source=mealdeals_scraper,2026-08-07T20:58:06.114839+00:00
Starbucks Coffee,,,https://www.starbucks.com/,,US,Dallas,https://www.starbucks.com/menu?city=Dallas&country=US&utm_source=mealdeals_scraper,2026-08-07T20:58:05.999731+00:00
Starbucks Coffee,,,https://www.starbucks.com/,,US,Philadelphia,https://www.starbucks.com/menu?city=Philadelphia&country=US&utm_source=mealdeals_scraper,2026-08-07T20:58:05.886189+00:00
Starbucks Coffee,,,https://www.starbucks.com/,,US,Chicago,https://www.starbucks.com/menu?city=Chicago&country=US&utm_source=mealdeals_scraper,2026-08-07T20:58:05.771817+00:00
Starbucks Coffee,,,https://www.starbucks.com/,,US,Los Angeles,https://www.starbucks.com/menu?city=Los+Angeles&country=US&utm_source=mealdeals_scraper,2026-08-07T20:58:05.731959+00:00
Starbucks Coffee,,,https://www.starbucks.com/,,US,Minneapolis,https://www.starbucks.com/menu?city=Minneapolis&country=US&utm_source=mealdeals_scraper,2026-08-07T20:58:06.572079+00:00
Starbucks Coffee,,,https://www.starbucks.com/,,US,New Orleans,https://www.starbucks.com/menu?city=New+Orleans&country=US&utm_source=mealdeals_scraper,2026-08-07T20:58:07.016066+00:00
Starbucks Coffee,,,https://www.starbucks.com/,,US,Honolulu,https://www.starbucks.com/menu?city=Honolulu&country=US&utm_source=mealdeals_scraper,2026-08-07T20:58:06.971395+00:00
Starbucks Coffee,,,https://www.starbucks.com/,,US,Cleveland,https://www.starbucks.com/menu?city=Cleveland&country=US&utm_source=mealdeals_scraper,2026-08-07T20:58:06.726031+00:00
Starbucks Coffee,,,https://www.starbucks.com/,,US,Detroit,https://www.starbucks.com/menu?city=Detroit&country=US&utm_source=mealdeals_scraper,2026-08-07T20:58:06.342882+00:00
Starbucks Coffee,,,https://www.starbucks.com/,,US,Portland,https://www.starbucks.com/menu?city=Portland&country=US&utm_source=mealdeals_scraper,2026-08-07T20:58:06.380493+00:00
Starbucks Coffee,,,https://www.starbucks.com/,,US,Las Vegas,https://www.starbucks.com/menu?city=Las+Vegas&country=US&utm_source=mealdeals_scraper,2026-08-07T20:58:06.418620+00:00
Starbucks Coffee,,,https://www.starbucks.com/,,US,Denver,https://www.starbucks.com/menu?city=Denver&country=US&utm_source=mealdeals_scraper,2026-08-07T20:58:06.228285+00:00
Starbucks Coffee,,,https://www.starbucks.com/,,US,Seattle,https://www.starbucks.com/menu?city=Seattle&country=US&utm_source=mealdeals_scraper,2026-08-07T20:58:06.190174+00:00
Trader Joe's,,,https://www.traderjoes.com/home/products,,US,Denver,https://www.traderjoes.com/home/products?city=Denver&country=US&utm_source=mealdeals_scraper,2026-08-07T20:58:06.225076+00:00
Trader Joe's,,,https://www.traderjoes.com/home/products,,US,Seattle,https://www.traderjoes.com/home/products?city=Seattle&country=US&utm_source=mealdeals_scraper,2026-08-07T20:58:06.187239+00:00
Trader Joe's,,,https://www.traderjoes.com/home/products,,US,St Louis,https://www.traderjoes.com/home/products?city=St+Louis&country=US&utm_source=mealdeals_scraper,2026-08-07T20:58:06.839531+00:00
Trader Joe's,,,https://www.traderjoes.com/home/products,,US,San Diego,https://www.traderjoes.com/home/products?city=San+Diego&country=US&utm_source=mealdeals_scraper,2026-08-07T20:58:05.959753+00:00
Trader Joe's,,,https://www.traderjoes.com/home/products,,US,Austin,https://www.traderjoes.com/home/products?city=Austin&country=US&utm_source=mealdeals_scraper,2026-08-07T20:58:06.073754+00:00
Trader Joe's,,,https://www.traderjoes.com/home/products,,US,Sacramento,https://www.traderjoes.com/home/products?city=Sacramento&country=US&utm_source=mealdeals_scraper,2026-08-07T20:58:06.883785+00:00
Trader Joe's,,,https://www.traderjoes.com/home/products,,US,Indianapolis,https://www.traderjoes.com/home/products?city=Indianapolis&country=US&utm_source=mealdeals_scraper,2026-08-07T20:58:07.128795+00:00
Trader Joe's,,,https://www.traderjoes.com/home/products,,US,Chicago,https://www.traderjoes.com/home/products?city=Chicago&country=US&utm_source=mealdeals_scraper,2026-08-07T20:58:05.768648+00:00
Trader Joe's,,,https://www.traderjoes.com/home/products,,US,Portland,https://www.traderjoes.com/home/products?city=Portland&country=US&utm_source=mealdeals_scraper,2026-08-07T20:58:06.377945+00:00
Trader Joe's,,,https://www.traderjoes.com/home/products,,US,Los Angeles,https://www.traderjoes.com/home/products?city=Los+Angeles&country=US&utm_source=mealdeals_scraper,2026-08-07T20:58:05.728798+00:00
Trader Joe's,,,https://www.traderjoes.com/home/products,,US,Raleigh,https://www.traderjoes.com/home/products?city=Raleigh&country=US&utm_source=mealdeals_scraper,2026-08-07T20:58:07.051977+00:00
Trader Joe's,,,https://www.traderjoes.com/home/products,,US,New Orleans,https://www.traderjoes.com/home/products?city=New+Orleans&country=US&utm_source=mealdeals_scraper,2026-08-07T20:58:07.011597+00:00
Trader Joe's,,,https://www.traderjoes.com/home/products,,US,Honolulu,https://www.traderjoes.com/home/products?city=Honolulu&country=US&utm_source=mealdeals_scraper,2026-08-07T20:58:06.967992+00:00
Trader Joe's,,,https://www.traderjoes.com/home/products,,US,Salt Lake City,https://www.traderjoes.com/home/products?city=Salt+Lake+City&country=US&utm_source=mealdeals_scraper,2026-08-07T20:58:06.925589+00:00
Trader Joe's,,,https://www.traderjoes.com/home/products,,US,Miami,https://www.traderjoes.com/home/products?city=Miami&country=US&utm_source=mealdeals_scraper,2026-08-07T20:58:06.453510+00:00
Trader Joe's,,,https://www.traderjoes.com/home/products,,US,Atlanta,https://www.traderjoes.com/home/products?city=Atlanta&country=US&utm_source=mealdeals_scraper,2026-08-07T20:58:06.492848+00:00
Trader Joe's,,,https://www.traderjoes.com/home/products,,US,Orlando,https://www.traderjoes.com/home/products?city=Orlando&country=US&utm_source=mealdeals_scraper,2026-08-07T20:58:06.684404+00:00
Trader Joe's,,,https://www.traderjoes.com/home/products,,US,Dallas,https://www.traderjoes.com/home/products?city=Dallas&country=US&utm_source=mealdeals_scraper,2026-08-07T20:58:05.996545+00:00
Trader Joe's,,,https://www.traderjoes.com/home/products,,US,Tampa,https://www.traderjoes.com/home/products?city=Tampa&country=US&utm_source=mealdeals_scraper,2026-08-07T20:58:06.646395+00:00
Trader Joe's,,,https://www.traderjoes.com/home/products,,US,Cleveland,https://www.traderjoes.com/home/products?city=Cleveland&country=US&utm_source=mealdeals_scraper,2026-08-07T20:58:06.722836+00:00
Trader Joe's,,,https://www.traderjoes.com/home/products,,US,Las Vegas,https://www.traderjoes.com/home/products?city=Las+Vegas&country=US&utm_source=mealdeals_scraper,2026-08-07T20:58:06.415491+00:00
Trader Joe's,,,https://www.traderjoes.com/home/products,,US,Charlotte,https://www.traderjoes.com/home/products?city=Charlotte&country=US&utm_source=mealdeals_scraper,2026-08-07T20:58:06.608179+00:00
Trader Joe's,,,https://www.traderjoes.com/home/products,,US,Kansas City,https://www.traderjoes.com/home/products?city=Kansas+City&country=US&utm_source=mealdeals_scraper,2026-08-07T20:58:06.799063+00:00
Trader Joe's,,,https://www.traderjoes.com/home/products,,US,Cincinnati,https://www.traderjoes.com/home/products?city=Cincinnati&country=US&utm_source=mealdeals_scraper,2026-08-07T20:58:07.167183+00:00
Trader Joe's,,,https://www.traderjoes.com/home/products,,US,Houston,https://www.traderjoes.com/home/products?city=Houston&country=US&utm_source=mealdeals_scraper,2026-08-07T20:58:05.807340+00:00
Trader Joe's,,,https://www.traderjoes.com/home/products,,US,New York,https://www.traderjoes.com/home/products?city=New+York&country=US&utm_source=mealdeals_scraper,2026-08-07T20:58:05.690357+00:00
Trader Joe's,,,https://www.traderjoes.com/home/products,,US,Pittsburgh,https://www.traderjoes.com/home/products?city=Pittsburgh&country=US&utm_source=mealdeals_scraper,2026-08-07T20:58:06.761099+00:00
Trader Joe's,,,https://www.traderjoes.com/home/products,,US,Jacksonville,https://www.traderjoes.com/home/products?city=Jacksonville&country=US&utm_source=mealdeals_scraper,2026-08-07T20:58:06.111719+00:00
Trader Joe's,,,https://www.traderjoes.com/home/products,,US,Detroit,https://www.traderjoes.com/home/products?city=Detroit&country=US&utm_source=mealdeals_scraper,2026-08-07T20:58:06.339630+00:00
Trader Joe's,,,https://www.traderjoes.com/home/products,,US,Phoenix,https://www.traderjoes.com/home/products?city=Phoenix&country=US&utm_source=mealdeals_scraper,2026-08-07T20:58:05.845199+00:00
Trader Joe's,,,https://www.traderjoes.com/home/products,,US,Minneapolis,https://www.traderjoes.com/home/products?city=Minneapolis&country=US&utm_source=mealdeals_scraper,2026-08-07T20:58:06.568616+00:00
Trader Joe's,,,https://www.traderjoes.com/home/products,,US,San Jose,https://www.traderjoes.com/home/products?city=San+Jose&country=US&utm_source=mealdeals_scraper,2026-08-07T20:58:06.035804+00:00
Trader Joe's,,,https://www.traderjoes.com/home/products,,US,Washington,https://www.traderjoes.com/home/products?city=Washington&country=US&utm_source=mealdeals_scraper,2026-08-07T20:58:06.530884+00:00
Trader Joe's,,,https://www.traderjoes.com/home/products,,US,Philadelphia,https://www.traderjoes.com/home/products?city=Philadelphia&country=US&utm_source=mealdeals_scraper,2026-08-07T20:58:05.883167+00:00
Trader Joe's,,,https://www.traderjoes.com/home/products,,US,San Francisco,https://www.traderjoes.com/home/products?city=San+Francisco&country=US&utm_source=mealdeals_scraper,2026-08-07T20:58:06.149564+00:00
Trader Joe's,,,https://www.traderjoes.com/home/products,,US,Columbus,https://www.traderjoes.com/home/products?city=Columbus&country=US&utm_source=mealdeals_scraper,2026-08-07T20:58:07.090849+00:00
Trader Joe's,,,https://www.traderjoes.com/home/products,,US,Nashville,https://www.traderjoes.com/home/products?city=Nashville&country=US&utm_source=mealdeals_scraper,2026-08-07T20:58:06.301715+00:00
Trader Joe's,,,https://www.traderjoes.com/home/products,,US,Milwaukee,https://www.traderjoes.com/home/products?city=Milwaukee&country=US&utm_source=mealdeals_scraper,2026-08-07T20:58:07.204929+00:00
Trader Joe's,,,https://www.traderjoes.com/home/products,,US,San Antonio,https://www.traderjoes.com/home/products?city=San+Antonio&country=US&utm_source=mealdeals_scraper,2026-08-07T20:58:05.920910+00:00
Trader Joe's,,,https://www.traderjoes.com/home/products,,US,Boston,https://www.traderjoes.com/home/products?city=Boston&country=US&utm_source=mealdeals_scraper,2026-08-07T20:58:06.262843+00:00
Whole Foods,,,https://www.wholefoodsmarket.com/sales-flyer,,US,San Jose,https://www.wholefoodsmarket.com/sales-flyer?city=San+Jose&country=US&utm_source=mealdeals_scraper,2026-08-07T20:58:06.035152+00:00
Whole Foods,,,https://www.wholefoodsmarket.com/sales-flyer,,US,Houston,https://www.wholefoodsmarket.com/sales-flyer?city=Houston&country=US&utm_source=mealdeals_scraper,2026-08-07T20:58:05.806781+00:00
Whole Foods,,,https://www.wholefoodsmarket.com/sales-flyer,,US,Cincinnati,https://www.wholefoodsmarket.com/sales-flyer?city=Cincinnati&country=US&utm_source=mealdeals_scraper,2026-08-07T20:58:07.166650+00:00
Whole Foods,,,https://www.wholefoodsmarket.com/sales-flyer,,US,Phoenix,https://www.wholefoodsmarket.com/sales-flyer?city=Phoenix&country=US&utm_source=mealdeals_scraper,2026-08-07T20:58:05.844560+00:00
Whole Foods,,,https://www.wholefoodsmarket.com/sales-flyer,,US,Philadelphia,https://www.wholefoodsmarket.com/sales-flyer?city=Philadelphia&country=US&utm_source=mealdeals_scraper,2026-08-07T20:58:05.882537+00:00
Whole Foods,,,https://www.wholefoodsmarket.com/sales-flyer,,US,San Antonio,https://www.wholefoodsmarket.com/sales-flyer?city=San+Antonio&country=US&utm_source=mealdeals_scraper,2026-08-07T20:58:05.920394+00:00
Whole Foods,,,https://www.wholefoodsmarket.com/sales-flyer,,US,New York,https://www.wholefoodsmarket.com/sales-flyer?city=New+York&country=US&utm_source=mealdeals_scraper,2026-08-07T20:58:05.689689+00:00
Whole Foods,,,https://www.wholefoodsmarket.com/sales-flyer,,US,San Diego,https://www.wholefoodsmarket.com/sales-flyer?city=San+Diego&country=US&utm_source=mealdeals_scraper,2026-08-07T20:58:05.959143+00:00
Whole Foods,,,https://www.wholefoodsmarket.com/sales-flyer,,US,Los Angeles,https://www.wholefoodsmarket.com/sales-flyer?city=Los+Angeles&country=US&utm_source=mealdeals_scraper,2026-08-07T20:58:05.728165+00:00
Whole Foods,,,https://www.wholefoodsmarket.com/sales-flyer,,US,Chicago,https://www.wholefoodsmarket.com/sales-flyer?city=Chicago&country=US&utm_source=mealdeals_scraper,2026-08-07T20:58:05.768007+00:00
Whole Foods,,,https://www.wholefoodsmarket.com/sales-flyer,,US,Cleveland,https://www.wholefoodsmarket.com/sales-flyer?city=Cleveland&country=US&utm_source=mealdeals_scraper,2026-08-07T20:58:06.722207+00:00
Whole Foods,,,https://www.wholefoodsmarket.com/sales-flyer,,US,Austin,https://www.wholefoodsmarket.com/sales-flyer?city=Austin&country=US&utm_source=mealdeals_scraper,2026-08-07T20:58:06.073129+00:00
Whole Foods,,,https://www.wholefoodsmarket.com/sales-flyer,,US,Seattle,https://www.wholefoodsmarket.com/sales-flyer?city=Seattle&country=US&utm_source=mealdeals_scraper,2026-08-07T20:58:06.186587+00:00
Whole Foods,,,https://www.wholefoodsmarket.com/sales-flyer,,US,Denver,https://www.wholefoodsmarket.com/sales-flyer?city=Denver&country=US&utm_source=mealdeals_scraper,2026-08-07T20:58:06.224450+00:00
Whole Foods,,,https://www.wholefoodsmarket.com/sales-flyer,,US,Boston,https://www.wholefoodsmarket.com/sales-flyer?city=Boston&country=US&utm_source=mealdeals_scraper,2026-08-07T20:58:06.262210+00:00
Whole Foods,,,https://www.wholefoodsmarket.com/sales-flyer,,US,Nashville,https://www.wholefoodsmarket.com/sales-flyer?city=Nashville&country=US&utm_source=mealdeals_scraper,2026-08-07T20:58:06.301098+00:00
Whole Foods,,,https://www.wholefoodsmarket.com/sales-flyer,,US,Jacksonville,https://www.wholefoodsmarket.com/sales-flyer?city=Jacksonville&country=US&utm_source=mealdeals_scraper,2026-08-07T20:58:06.111109+00:00
Whole Foods,,,https://www.wholefoodsmarket.com/sales-flyer,,US,San Francisco,https://www.wholefoodsmarket.com/sales-flyer?city=San+Francisco&country=US&utm_source=mealdeals_scraper,2026-08-07T20:58:06.149064+00:00
Whole Foods,,,https://www.wholefoodsmarket.com/sales-flyer,,US,Portland,https://www.wholefoodsmarket.com/sales-flyer?city=Portland&country=US&utm_source=mealdeals_scraper,2026-08-07T20:58:06.377402+00:00
Whole Foods,,,https://www.wholefoodsmarket.com/sales-flyer,,US,Washington,https://www.wholefoodsmarket.com/sales-flyer?city=Washington&country=US&utm_source=mealdeals_scraper,2026-08-07T20:58:06.530263+00:00
Whole Foods,,,https://www.wholefoodsmarket.com/sales-flyer,,US,Minneapolis,https://www.wholefoodsmarket.com/sales-flyer?city=Minneapolis&country=US&utm_source=mealdeals_scraper,2026-08-07T20:58:06.567997+00:00
Whole Foods,,,https://www.wholefoodsmarket.com/sales-flyer,,US,Charlotte,https://www.wholefoodsmarket.com/sales-flyer?city=Charlotte&country=US&utm_source=mealdeals_scraper,2026-08-07T20:58:06.607578+00:00
Whole Foods,,,https://www.wholefoodsmarket.com/sales-flyer,,US,Columbus,https://www.wholefoodsmarket.com/sales-flyer?city=Columbus&country=US&utm_source=mealdeals_scraper,2026-08-07T20:58:07.090211+00:00
Whole Foods,,,https://www.wholefoodsmarket.com/sales-flyer,,US,Tampa,https://www.wholefoodsmarket.com/sales-flyer?city=Tampa&country=US&utm_source=mealdeals_scraper,2026-08-07T20:58:06.645803+00:00
Whole Foods,,,https://www.wholefoodsmarket.com/sales-flyer,,US,Detroit,https://www.wholefoodsmarket.com/sales-flyer?city=Detroit&country=US&utm_source=mealdeals_scraper,2026-08-07T20:58:06.338987+00:00
Whole Foods,,,https://www.wholefoodsmarket.com/sales-flyer,,US,Orlando,https://www.wholefoodsmarket.com/sales-flyer?city=Orlando&country=US&utm_source=mealdeals_scraper,2026-08-07T20:58:06.683797+00:00
Whole Foods,,,https://www.wholefoodsmarket.com/sales-flyer,,US,Las Vegas,https://www.wholefoodsmarket.com/sales-flyer?city=Las+Vegas&country=US&utm_source=mealdeals_scraper,2026-08-07T20:58:06.414809+00:00
Whole Foods,,,https://www.wholefoodsmarket.com/sales-flyer,,US,Miami,https://www.wholefoodsmarket.com/sales-flyer?city=Miami&country=US&utm_source=mealdeals_scraper,2026-08-07T20:58:06.452872+00:00
Whole Foods,,,https://www.wholefoodsmarket.com/sales-flyer,,US,Atlanta,https://www.wholefoodsmarket.com/sales-flyer?city=Atlanta&country=US&utm_source=mealdeals_scraper,2026-08-07T20:58:06.492322+00:00
Whole Foods,,,https://www.wholefoodsmarket.com/sales-flyer,,US,Sacramento,https://www.wholefoodsmarket.com/sales-flyer?city=Sacramento&country=US&utm_source=mealdeals_scraper,2026-08-07T20:58:06.883112+00:00
Whole Foods,,,https://www.wholefoodsmarket.com/sales-flyer,,US,Salt Lake City,https://www.wholefoodsmarket.com/sales-flyer?city=Salt+Lake+City&country=US&utm_source=mealdeals_scraper,2026-08-07T20:58:06.924913+00:00
Whole Foods,,,https://www.wholefoodsmarket.com/sales-flyer,,US,Honolulu,https://www.wholefoodsmarket.com/sales-flyer?city=Honolulu&country=US&utm_source=mealdeals_scraper,2026-08-07T20:58:06.967296+00:00
Whole Foods,,,https://www.wholefoodsmarket.com/sales-flyer,,US,New Orleans,https://www.wholefoodsmarket.com/sales-flyer?city=New+Orleans&country=US&utm_source=mealdeals_scraper,2026-08-07T20:58:07.010905+00:00
Whole Foods,,,https://www.wholefoodsmarket.com/sales-flyer,,US,Raleigh,https://www.wholefoodsmarket.com/sales-flyer?city=Raleigh&country=US&utm_source=mealdeals_scraper,2026-08-07T20:58:07.051338+00:00
Whole Foods,,,https://www.wholefoodsmarket.com/sales-flyer,,US,Kansas City,https://www.wholefoodsmarket.com/sales-flyer?city=Kansas+City&country=US&utm_source=mealdeals_scraper,2026-08-07T20:58:06.798434+00:00
Whole Foods,,,https://www.wholefoodsmarket.com/sales-flyer,,US,St Louis,https://www.wholefoodsmarket.com/sales-flyer?city=St+Louis&country=US&utm_source=mealdeals_scraper,2026-08-07T20:58:06.838977+00:00
Whole Foods,,,https://www.wholefoodsmarket.com/sales-flyer,,US,Indianapolis,https://www.wholefoodsmarket.com/sales-flyer?city=Indianapolis&country=US&utm_source=mealdeals_scraper,2026-08-07T20:58:07.128174+00:00
Whole Foods,,,https://www.wholefoodsmarket.com/sales-flyer,,US,Pittsburgh,https://www.wholefoodsmarket.com/sales-flyer?city=Pittsburgh&country=US&utm_source=mealdeals_scraper,2026-08-07T20:58:06.760510+00:00
Whole Foods,,,https://www.wholefoodsmarket.com/sales-flyer,,US,Milwaukee,https://www.wholefoodsmarket.com/sales-flyer?city=Milwaukee&country=US&utm_source=mealdeals_scraper,2026-08-07T20:58:07.204273+00:00
Whole Foods,,,https://www.wholefoodsmarket.com/sales-flyer,,US,Dallas,https://www.wholefoodsmarket.com/sales-flyer?city=Dallas&country=US&utm_source=mealdeals_scraper,2026-08-07T20:58:05.995907+00:00
Yard House Bar,,,https://www.yardhouse.com/menu,,US,New York,https://www.yardhouse.com/menu?city=New+York&country=US&utm_source=mealdeals_scraper,2026-08-07T20:58:05.692881+00:00
Yard House Bar,,,https://www.yardhouse.com/menu,,US,Minneapolis,https://www.yardhouse.com/menu?city=Minneapolis&country=US&utm_source=mealdeals_scraper,2026-08-07T20:58:06.571543+00:00
Yard House Bar,,,https://www.yardhouse.com/menu,,US,Honolulu,https://www.yardhouse.com/menu?city=Honolulu&country=US&utm_source=mealdeals_scraper,2026-08-07T20:58:06.970909+00:00
Yard House Bar,,,https://www.yardhouse.com/menu,,US,Charlotte,https://www.yardhouse.com/menu?city=Charlotte&country=US&utm_source=mealdeals_scraper,2026-08-07T20:58:06.611024+00:00
Yard House Bar,,,https://www.yardhouse.com/menu,,US,Los Angeles,https://www.yardhouse.com/menu?city=Los+Angeles&country=US&utm_source=mealdeals_scraper,2026-08-07T20:58:05.731521+00:00
Yard House Bar,,,https://www.yardhouse.com/menu,,US,Seattle,https://www.yardhouse.com/menu?city=Seattle&country=US&utm_source=mealdeals_scraper,2026-08-07T20:58:06.189745+00:00
Yard House Bar,,,https://www.yardhouse.com/menu,,US,Sacramento,https://www.yardhouse.com/menu?city=Sacramento&country=US&utm_source=mealdeals_scraper,2026-08-07T20:58:06.886735+00:00
Yard House Bar,,,https://www.yardhouse.com/menu,,US,Indianapolis,https://www.yardhouse.com/menu?city=Indianapolis&country=US&utm_source=mealdeals_scraper,2026-08-07T20:58:07.131530+00:00
Yard House Bar,,,https://www.yardhouse.com/menu,,US,Milwaukee,https://www.yardhouse.com/menu?city=Milwaukee&country=US&utm_source=mealdeals_scraper,2026-08-07T20:58:07.207473+00:00
Yard House Bar,,,https://www.yardhouse.com/menu,,US,Miami,https://www.yardhouse.com/menu?city=Miami&country=US&utm_source=mealdeals_scraper,2026-08-07T20:58:06.456337+00:00
Yard House Bar,,,https://www.yardhouse.com/menu,,US,Orlando,https://www.yardhouse.com/menu?city=Orlando&country=US&utm_source=mealdeals_scraper,2026-08-07T20:58:06.687029+00:00
Yard House Bar,,,https://www.yardhouse.com/menu,,US,Portland,https://www.yardhouse.com/menu?city=Portland&country=US&utm_source=mealdeals_scraper,2026-08-07T20:58:06.380104+00:00
Yard House Bar,,,https://www.yardhouse.com/menu,,US,Tampa,https://www.yardhouse.com/menu?city=Tampa&country=US&utm_source=mealdeals_scraper,2026-08-07T20:58:06.648590+00:00
Yard House Bar,,,https://www.yardhouse.com/menu,,US,San Jose,https://www.yardhouse.com/menu?city=San+Jose&country=US&utm_source=mealdeals_scraper,2026-08-07T20:58:06.038721+00:00
Yard House Bar,,,https://www.yardhouse.com/menu,,US,Jacksonville,https://www.yardhouse.com/menu?city=Jacksonville&country=US&utm_source=mealdeals_scraper,2026-08-07T20:58:06.114431+00:00
Yard House Bar,,,https://www.yardhouse.com/menu,,US,Atlanta,https://www.yardhouse.com/menu?city=Atlanta&country=US&utm_source=mealdeals_scraper,2026-08-07T20:58:06.495023+00:00
Yard House Bar,,,https://www.yardhouse.com/menu,,US,San Antonio,https://www.yardhouse.com/menu?city=San+Antonio&country=US&utm_source=mealdeals_scraper,2026-08-07T20:58:05.923104+00:00
Yard House Bar,,,https://www.yardhouse.com/menu,,US,San Francisco,https://www.yardhouse.com/menu?city=San+Francisco&country=US&utm_source=mealdeals_scraper,2026-08-07T20:58:06.151776+00:00
Yard House Bar,,,https://www.yardhouse.com/menu,,US,Nashville,https://www.yardhouse.com/menu?city=Nashville&country=US&utm_source=mealdeals_scraper,2026-08-07T20:58:06.304173+00:00
Yard House Bar,,,https://www.yardhouse.com/menu,,US,Washington,https://www.yardhouse.com/menu?city=Washington&country=US&utm_source=mealdeals_scraper,2026-08-07T20:58:06.533274+00:00
Yard House Bar,,,https://www.yardhouse.com/menu,,US,Cleveland,https://www.yardhouse.com/menu?city=Cleveland&country=US&utm_source=mealdeals_scraper,2026-08-07T20:58:06.725582+00:00
Yard House Bar,,,https://www.yardhouse.com/menu,,US,Denver,https://www.yardhouse.com/menu?city=Denver&country=US&utm_source=mealdeals_scraper,2026-08-07T20:58:06.227833+00:00
Yard House Bar,,,https://www.yardhouse.com/menu,,US,Boston,https://www.yardhouse.com/menu?city=Boston&country=US&utm_source=mealdeals_scraper,2026-08-07T20:58:06.265359+00:00
Yard House Bar,,,https://www.yardhouse.com/menu,,US,Detroit,https://www.yardhouse.com/menu?city=Detroit&country=US&utm_source=mealdeals_scraper,2026-08-07T20:58:06.342432+00:00
Yard House Bar,,,https://www.yardhouse.com/menu,,US,San Diego,https://www.yardhouse.com/menu?city=San+Diego&country=US&utm_source=mealdeals_scraper,2026-08-07T20:58:05.962072+00:00
Yard House Bar,,,https://www.yardhouse.com/menu,,US,Cincinnati,https://www.yardhouse.com/menu?city=Cincinnati&country=US&utm_source=mealdeals_scraper,2026-08-07T20:58:07.169489+00:00
Yard House Bar,,,https://www.yardhouse.com/menu,,US,Las Vegas,https://www.yardhouse.com/menu?city=Las+Vegas&country=US&utm_source=mealdeals_scraper,2026-08-07T20:58:06.418204+00:00
Yard House Bar,,,https://www.yardhouse.com/menu,,US,Kansas City,https://www.yardhouse.com/menu?city=Kansas+City&country=US&utm_source=mealdeals_scraper,2026-08-07T20:58:06.801533+00:00
Yard House Bar,,,https://www.yardhouse.com/menu,,US,St Louis,https://www.yardhouse.com/menu?city=St+Louis&country=US&utm_source=mealdeals_scraper,2026-08-07T20:58:06.841769+00:00
Yard House Bar,,,https://www.yardhouse.com/menu,,US,Austin,https://www.yardhouse.com/menu?city=Austin&country=US&utm_source=mealdeals_scraper,2026-08-07T20:58:06.076102+00:00
Yard House Bar,,,https://www.yardhouse.com/menu,,US,Philadelphia,https://www.yardhouse.com/menu?city=Philadelphia&country=US&utm_source=mealdeals_scraper,2026-08-07T20:58:05.885757+00:00
Yard House Bar,,,https://www.yardhouse.com/menu,,US,New Orleans,https://www.yardhouse.com/menu?city=New+Orleans&country=US&utm_source=mealdeals_scraper,2026-08-07T20:58:07.015181+00:00
Yard House Bar,,,https://www.yardhouse.com/menu,,US,Phoenix,https://www.yardhouse.com/menu?city=Phoenix&country=US&utm_source=mealdeals_scraper,2026-08-07T20:58:05.847438+00:00
Yard House Bar,,,https://www.yardhouse.com/menu,,US,Pittsburgh,https://www.yardhouse.com/menu?city=Pittsburgh&country=US&utm_source=mealdeals_scraper,2026-08-07T20:58:06.763392+00:00
Yard House Bar,,,https://www.yardhouse.com/menu,,US,Raleigh,https://www.yardhouse.com/menu?city=Raleigh&country=US&utm_source=mealdeals_scraper,2026-08-07T20:58:07.054226+00:00
Yard House Bar,,,https://www.yardhouse.com/menu,,US,Houston,https://www.yardhouse.com/menu?city=Houston&country=US&utm_source=mealdeals_scraper,2026-08-07T20:58:05.809581+00:00
Yard House Bar,,,https://www.yardhouse.com/menu,,US,Salt Lake City,https://www.yardhouse.com/menu?city=Salt+Lake+City&country=US&utm_source=mealdeals_scraper,2026-08-07T20:58:06.928099+00:00
Yard House Bar,,,https://www.yardhouse.com/menu,,US,Columbus,https://www.yardhouse.com/menu?city=Columbus&country=US&utm_source=mealdeals_scraper,2026-08-07T20:58:07.093380+00:00
Yard House Bar,,,https://www.yardhouse.com/menu,,US,Chicago,https://www.yardhouse.com/menu?city=Chicago&country=US&utm_source=mealdeals_scraper,2026-08-07T20:58:05.771406+00:00
Yard House Bar,,,https://www.yardhouse.com/menu,,US,Dallas,https://www.yardhouse.com/menu?city=Dallas&country=US&utm_source=mealdeals_scraper,2026-08-07T20:58:05.999299+00:00
C.K. Greaves,,info@ckgreaves.com,https://www.ckgreaves.com/,,VC,Kingstown,https://www.ckgreaves.com/?city=Kingstown&country=VC&utm_source=mealdeals_scraper,2026-08-07T20:58:15.106388+00:00
Hilton Hotels,+1-855-672-1138,,https://www.hilton.com/,"Take advantage of hotel offers, unique promotions, and exclusive online specials directly from Hilton Portfolio.",VC,Kingstown,https://www.hilton.com/en/offers/?city=Kingstown&country=VC&utm_source=mealdeals_scraper,2026-08-07T20:58:15.107322+00:00
Ibis Hotel,,,https://all.accor.com/hotel/ibis/index.en.shtml,,VC,Kingstown,https://all.accor.com/hotel/ibis/index.en.shtml?city=Kingstown&country=VC&utm_source=mealdeals_scraper,2026-08-07T20:58:15.107767+00:00
Marriott Hotels,,,https://www.marriott.com/,Make the most of your next stay with hotel deals and promotional travel discounts from Marriott Bonvoy.,VC,Kingstown,https://www.marriott.com/offers.mi?city=Kingstown&country=VC&utm_source=mealdeals_scraper,2026-08-07T20:58:15.106885+00:00
Rum Bar,,,https://www.tripadvisor.com/Restaurants,,VC,Kingstown,https://www.tripadvisor.com/Restaurants?city=Kingstown&country=VC&utm_source=mealdeals_scraper,2026-08-07T20:58:15.109479+00:00
Sandals Resort,,,https://www.sandals.com/specials/,,VC,Kingstown,https://www.sandals.com/specials/?city=Kingstown&country=VC&utm_source=mealdeals_scraper,2026-08-07T20:58:15.109082+00:00
Starbucks Coffee,,,https://www.starbucks.com/,,VC,Kingstown,https://www.starbucks.com/menu?city=Kingstown&country=VC&utm_source=mealdeals_scraper,2026-08-07T20:58:15.108220+00:00
Accor Hotels,,,https://all.accor.com/,"Discover exclusive hotel offers, bonus Reward Points, unforgettable experiences and member benefits that elevate every journey with ALL Accor.",VN,Hanoi,https://all.accor.com/a/en/offers.html?city=Hanoi&country=VN&utm_source=mealdeals_scraper,2026-08-07T20:58:15.158129+00:00
Accor Hotels,,,https://all.accor.com/,"Discover exclusive hotel offers, bonus Reward Points, unforgettable experiences and member benefits that elevate every journey with ALL Accor.",VN,Ho Chi Minh City,https://all.accor.com/a/en/offers.html?city=Ho+Chi+Minh+City&country=VN&utm_source=mealdeals_scraper,2026-08-07T20:58:15.133793+00:00
Accor Hotels,,,https://all.accor.com/,"Discover exclusive hotel offers, bonus Reward Points, unforgettable experiences and member benefits that elevate every journey with ALL Accor.",VN,Nha Trang,https://all.accor.com/a/en/offers.html?city=Nha+Trang&country=VN&utm_source=mealdeals_scraper,2026-08-07T20:58:15.206418+00:00
Accor Hotels,,,https://all.accor.com/,"Discover exclusive hotel offers, bonus Reward Points, unforgettable experiences and member benefits that elevate every journey with ALL Accor.",VN,Da Nang,https://all.accor.com/a/en/offers.html?city=Da+Nang&country=VN&utm_source=mealdeals_scraper,2026-08-07T20:58:15.181711+00:00
Highlands Coffee,,,https://www.highlandscoffee.com.vn/,Về Highlands,VN,Nha Trang,https://www.highlandscoffee.com.vn/?city=Nha+Trang&country=VN&utm_source=mealdeals_scraper,2026-08-07T20:58:15.203865+00:00
Highlands Coffee,,,https://www.highlandscoffee.com.vn/,Về Highlands,VN,Da Nang,https://www.highlandscoffee.com.vn/?city=Da+Nang&country=VN&utm_source=mealdeals_scraper,2026-08-07T20:58:15.178875+00:00
Highlands Coffee,,,https://www.highlandscoffee.com.vn/,Về Highlands,VN,Hanoi,https://www.highlandscoffee.com.vn/?city=Hanoi&country=VN&utm_source=mealdeals_scraper,2026-08-07T20:58:15.155087+00:00
Highlands Coffee,,,https://www.highlandscoffee.com.vn/,Về Highlands,VN,Ho Chi Minh City,https://www.highlandscoffee.com.vn/?city=Ho+Chi+Minh+City&country=VN&utm_source=mealdeals_scraper,2026-08-07T20:58:15.130763+00:00
Hilton Hotels,+1-855-672-1138,,https://www.hilton.com/,"Take advantage of hotel offers, unique promotions, and exclusive online specials directly from Hilton Portfolio.",VN,Ho Chi Minh City,https://www.hilton.com/en/offers/?city=Ho+Chi+Minh+City&country=VN&utm_source=mealdeals_scraper,2026-08-07T20:58:15.131901+00:00
Hilton Hotels,+1-855-672-1138,,https://www.hilton.com/,"Take advantage of hotel offers, unique promotions, and exclusive online specials directly from Hilton Portfolio.",VN,Hanoi,https://www.hilton.com/en/offers/?city=Hanoi&country=VN&utm_source=mealdeals_scraper,2026-08-07T20:58:15.156307+00:00
Hilton Hotels,+1-855-672-1138,,https://www.hilton.com/,"Take advantage of hotel offers, unique promotions, and exclusive online specials directly from Hilton Portfolio.",VN,Da Nang,https://www.hilton.com/en/offers/?city=Da+Nang&country=VN&utm_source=mealdeals_scraper,2026-08-07T20:58:15.179987+00:00
Hilton Hotels,+1-855-672-1138,,https://www.hilton.com/,"Take advantage of hotel offers, unique promotions, and exclusive online specials directly from Hilton Portfolio.",VN,Nha Trang,https://www.hilton.com/en/offers/?city=Nha+Trang&country=VN&utm_source=mealdeals_scraper,2026-08-07T20:58:15.204769+00:00
Ibis Hotel,,,https://all.accor.com/hotel/ibis/index.en.shtml,,VN,Ho Chi Minh City,https://all.accor.com/hotel/ibis/index.en.shtml?city=Ho+Chi+Minh+City&country=VN&utm_source=mealdeals_scraper,2026-08-07T20:58:15.132426+00:00
Ibis Hotel,,,https://all.accor.com/hotel/ibis/index.en.shtml,,VN,Hanoi,https://all.accor.com/hotel/ibis/index.en.shtml?city=Hanoi&country=VN&utm_source=mealdeals_scraper,2026-08-07T20:58:15.156842+00:00
Ibis Hotel,,,https://all.accor.com/hotel/ibis/index.en.shtml,,VN,Nha Trang,https://all.accor.com/hotel/ibis/index.en.shtml?city=Nha+Trang&country=VN&utm_source=mealdeals_scraper,2026-08-07T20:58:15.205198+00:00
Ibis Hotel,,,https://all.accor.com/hotel/ibis/index.en.shtml,,VN,Da Nang,https://all.accor.com/hotel/ibis/index.en.shtml?city=Da+Nang&country=VN&utm_source=mealdeals_scraper,2026-08-07T20:58:15.180440+00:00
Local Pub & Grill,,,https://www.tripadvisor.com/Restaurants,,VN,Ho Chi Minh City,https://www.tripadvisor.com/Restaurants?city=Ho+Chi+Minh+City&country=VN&utm_source=mealdeals_scraper,2026-08-07T20:58:15.133345+00:00
Local Pub & Grill,,,https://www.tripadvisor.com/Restaurants,,VN,Da Nang,https://www.tripadvisor.com/Restaurants?city=Da+Nang&country=VN&utm_source=mealdeals_scraper,2026-08-07T20:58:15.181300+00:00
Local Pub & Grill,,,https://www.tripadvisor.com/Restaurants,,VN,Hanoi,https://www.tripadvisor.com/Restaurants?city=Hanoi&country=VN&utm_source=mealdeals_scraper,2026-08-07T20:58:15.157705+00:00
Local Pub & Grill,,,https://www.tripadvisor.com/Restaurants,,VN,Nha Trang,https://www.tripadvisor.com/Restaurants?city=Nha+Trang&country=VN&utm_source=mealdeals_scraper,2026-08-07T20:58:15.206022+00:00
Marriott Hotels,,,https://www.marriott.com/,Make the most of your next stay with hotel deals and promotional travel discounts from Marriott Bonvoy.,VN,Da Nang,https://www.marriott.com/offers.mi?city=Da+Nang&country=VN&utm_source=mealdeals_scraper,2026-08-07T20:58:15.179451+00:00
Marriott Hotels,,,https://www.marriott.com/,Make the most of your next stay with hotel deals and promotional travel discounts from Marriott Bonvoy.,VN,Nha Trang,https://www.marriott.com/offers.mi?city=Nha+Trang&country=VN&utm_source=mealdeals_scraper,2026-08-07T20:58:15.204316+00:00
Marriott Hotels,,,https://www.marriott.com/,Make the most of your next stay with hotel deals and promotional travel discounts from Marriott Bonvoy.,VN,Hanoi,https://www.marriott.com/offers.mi?city=Hanoi&country=VN&utm_source=mealdeals_scraper,2026-08-07T20:58:15.155692+00:00
Marriott Hotels,,,https://www.marriott.com/,Make the most of your next stay with hotel deals and promotional travel discounts from Marriott Bonvoy.,VN,Ho Chi Minh City,https://www.marriott.com/offers.mi?city=Ho+Chi+Minh+City&country=VN&utm_source=mealdeals_scraper,2026-08-07T20:58:15.131332+00:00
Starbucks Coffee,,,https://www.starbucks.com/,,VN,Ho Chi Minh City,https://www.starbucks.com/menu?city=Ho+Chi+Minh+City&country=VN&utm_source=mealdeals_scraper,2026-08-07T20:58:15.132912+00:00
Starbucks Coffee,,,https://www.starbucks.com/,,VN,Nha Trang,https://www.starbucks.com/menu?city=Nha+Trang&country=VN&utm_source=mealdeals_scraper,2026-08-07T20:58:15.205601+00:00
Starbucks Coffee,,,https://www.starbucks.com/,,VN,Da Nang,https://www.starbucks.com/menu?city=Da+Nang&country=VN&utm_source=mealdeals_scraper,2026-08-07T20:58:15.180889+00:00
Starbucks Coffee,,,https://www.starbucks.com/,,VN,Hanoi,https://www.starbucks.com/menu?city=Hanoi&country=VN&utm_source=mealdeals_scraper,2026-08-07T20:58:15.157285+00:00
Toast Box Cafe,+6598280614,,https://www.toastbox.com.sg/,,VN,Nha Trang,https://www.toastbox.com.sg/?city=Nha+Trang&country=VN&utm_source=mealdeals_scraper,2026-08-07T20:58:15.206843+00:00
Toast Box Cafe,+6598280614,,https://www.toastbox.com.sg/,,VN,Da Nang,https://www.toastbox.com.sg/?city=Da+Nang&country=VN&utm_source=mealdeals_scraper,2026-08-07T20:58:15.182135+00:00
Toast Box Cafe,+6598280614,,https://www.toastbox.com.sg/,,VN,Ho Chi Minh City,https://www.toastbox.com.sg/?city=Ho+Chi+Minh+City&country=VN&utm_source=mealdeals_scraper,2026-08-07T20:58:15.134228+00:00
Toast Box Cafe,+6598280614,,https://www.toastbox.com.sg/,,VN,Hanoi,https://www.toastbox.com.sg/?city=Hanoi&country=VN&utm_source=mealdeals_scraper,2026-08-07T20:58:15.158530+00:00
VinMart,02471066866,,https://www.vinmart.com/,,VN,Da Nang,https://www.vinmart.com/?city=Da+Nang&country=VN&utm_source=mealdeals_scraper,2026-08-07T20:58:15.178229+00:00
VinMart,02471066866,,https://www.vinmart.com/,,VN,Hanoi,https://www.vinmart.com/?city=Hanoi&country=VN&utm_source=mealdeals_scraper,2026-08-07T20:58:15.154416+00:00
VinMart,02471066866,,https://www.vinmart.com/,,VN,Ho Chi Minh City,https://www.vinmart.com/?city=Ho+Chi+Minh+City&country=VN&utm_source=mealdeals_scraper,2026-08-07T20:58:15.130119+00:00
VinMart,02471066866,,https://www.vinmart.com/,,VN,Nha Trang,https://www.vinmart.com/?city=Nha+Trang&country=VN&utm_source=mealdeals_scraper,2026-08-07T20:58:15.203314+00:00
Accor Hotels,,,https://all.accor.com/,"Discover exclusive hotel offers, bonus Reward Points, unforgettable experiences and member benefits that elevate every journey with ALL Accor.",VU,Port Vila,https://all.accor.com/a/en/offers.html?city=Port+Vila&country=VU&utm_source=mealdeals_scraper,2026-08-07T20:58:15.230006+00:00
Au Bon Marche,,,https://www.aubonmarche.vu/,,VU,Port Vila,https://www.aubonmarche.vu/?city=Port+Vila&country=VU&utm_source=mealdeals_scraper,2026-08-07T20:58:15.226482+00:00
Centerpoint Vanuatu,,,https://www.centerpoint.vu/,,VU,Port Vila,https://www.centerpoint.vu/?city=Port+Vila&country=VU&utm_source=mealdeals_scraper,2026-08-07T20:58:15.227069+00:00
Hilton Hotels,+1-855-672-1138,,https://www.hilton.com/,"Take advantage of hotel offers, unique promotions, and exclusive online specials directly from Hilton Portfolio.",VU,Port Vila,https://www.hilton.com/en/offers/?city=Port+Vila&country=VU&utm_source=mealdeals_scraper,2026-08-07T20:58:15.228122+00:00
Ibis Hotel,,,https://all.accor.com/hotel/ibis/index.en.shtml,,VU,Port Vila,https://all.accor.com/hotel/ibis/index.en.shtml?city=Port+Vila&country=VU&utm_source=mealdeals_scraper,2026-08-07T20:58:15.228713+00:00
Local Pub & Grill,,,https://www.tripadvisor.com/Restaurants,,VU,Port Vila,https://www.tripadvisor.com/Restaurants?city=Port+Vila&country=VU&utm_source=mealdeals_scraper,2026-08-07T20:58:15.229574+00:00
Marriott Hotels,,,https://www.marriott.com/,Make the most of your next stay with hotel deals and promotional travel discounts from Marriott Bonvoy.,VU,Port Vila,https://www.marriott.com/offers.mi?city=Port+Vila&country=VU&utm_source=mealdeals_scraper,2026-08-07T20:58:15.227585+00:00
Starbucks Coffee,,,https://www.starbucks.com/,,VU,Port Vila,https://www.starbucks.com/menu?city=Port+Vila&country=VU&utm_source=mealdeals_scraper,2026-08-07T20:58:15.229163+00:00
The Coffee Club Cafe,,,https://www.coffeeclub.com.au/,ABOUT US,VU,Port Vila,https://www.coffeeclub.com.au/?city=Port+Vila&country=VU&utm_source=mealdeals_scraper,2026-08-07T20:58:15.230405+00:00
Accor Hotels,,,https://all.accor.com/,"Discover exclusive hotel offers, bonus Reward Points, unforgettable experiences and member benefits that elevate every journey with ALL Accor.",WS,Apia,https://all.accor.com/a/en/offers.html?city=Apia&country=WS&utm_source=mealdeals_scraper,2026-08-07T20:58:15.255235+00:00
Ah Liki Wholesale,,,https://www.ahliki.ws/,,WS,Apia,https://www.ahliki.ws/?city=Apia&country=WS&utm_source=mealdeals_scraper,2026-08-07T20:58:15.252003+00:00
Farmers Samoa,,,https://www.farmers.ws/,,WS,Apia,https://www.farmers.ws/?city=Apia&country=WS&utm_source=mealdeals_scraper,2026-08-07T20:58:15.251381+00:00
Hilton Hotels,+1-855-672-1138,,https://www.hilton.com/,"Take advantage of hotel offers, unique promotions, and exclusive online specials directly from Hilton Portfolio.",WS,Apia,https://www.hilton.com/en/offers/?city=Apia&country=WS&utm_source=mealdeals_scraper,2026-08-07T20:58:15.253211+00:00
Ibis Hotel,,,https://all.accor.com/hotel/ibis/index.en.shtml,,WS,Apia,https://all.accor.com/hotel/ibis/index.en.shtml?city=Apia&country=WS&utm_source=mealdeals_scraper,2026-08-07T20:58:15.253807+00:00
Local Pub & Grill,,,https://www.tripadvisor.com/Restaurants,,WS,Apia,https://www.tripadvisor.com/Restaurants?city=Apia&country=WS&utm_source=mealdeals_scraper,2026-08-07T20:58:15.254796+00:00
Marriott Hotels,,,https://www.marriott.com/,Make the most of your next stay with hotel deals and promotional travel discounts from Marriott Bonvoy.,WS,Apia,https://www.marriott.com/offers.mi?city=Apia&country=WS&utm_source=mealdeals_scraper,2026-08-07T20:58:15.252582+00:00
Starbucks Coffee,,,https://www.starbucks.com/,,WS,Apia,https://www.starbucks.com/menu?city=Apia&country=WS&utm_source=mealdeals_scraper,2026-08-07T20:58:15.254330+00:00
The Coffee Club Cafe,,,https://www.coffeeclub.com.au/,ABOUT US,WS,Apia,https://www.coffeeclub.com.au/?city=Apia&country=WS&utm_source=mealdeals_scraper,2026-08-07T20:58:15.255643+00:00
Bootleggers Coffee,,,https://www.bootleggers.co.za/,,ZA,Durban,https://www.bootleggers.co.za/?city=Durban&country=ZA&utm_source=mealdeals_scraper,2026-08-07T20:58:15.362075+00:00
Bootleggers Coffee,,,https://www.bootleggers.co.za/,,ZA,Port Elizabeth,https://www.bootleggers.co.za/?city=Port+Elizabeth&country=ZA&utm_source=mealdeals_scraper,2026-08-07T20:58:15.430329+00:00
Bootleggers Coffee,,,https://www.bootleggers.co.za/,,ZA,Pretoria,https://www.bootleggers.co.za/?city=Pretoria&country=ZA&utm_source=mealdeals_scraper,2026-08-07T20:58:15.397030+00:00
Bootleggers Coffee,,,https://www.bootleggers.co.za/,,ZA,Cape Town,https://www.bootleggers.co.za/?city=Cape+Town&country=ZA&utm_source=mealdeals_scraper,2026-08-07T20:58:15.292110+00:00
Bootleggers Coffee,,,https://www.bootleggers.co.za/,,ZA,Johannesburg,https://www.bootleggers.co.za/?city=Johannesburg&country=ZA&utm_source=mealdeals_scraper,2026-08-07T20:58:15.326789+00:00
Boschendal Wine Estate,,enquiries@boschendal.co.za,https://www.boschendal.com/,Eat Archive | Boschendal,ZA,Cape Town,https://www.boschendal.com/eat-drink/?city=Port+Elizabeth&country=ZA&utm_source=mealdeals_scraper,2026-08-07T20:58:15.431124+00:00
Checkers,,,https://www.checkers.co.za/specials,,ZA,Pretoria,https://www.checkers.co.za/specials?city=Pretoria&country=ZA&utm_source=mealdeals_scraper,2026-08-07T20:58:15.393188+00:00
Checkers,,,https://www.checkers.co.za/specials,,ZA,Johannesburg,https://www.checkers.co.za/specials?city=Johannesburg&country=ZA&utm_source=mealdeals_scraper,2026-08-07T20:58:15.323180+00:00
Checkers,,,https://www.checkers.co.za/specials,,ZA,Cape Town,https://www.checkers.co.za/specials?city=Cape+Town&country=ZA&utm_source=mealdeals_scraper,2026-08-07T20:58:15.288169+00:00
Checkers,,,https://www.checkers.co.za/specials,,ZA,Durban,https://www.checkers.co.za/specials?city=Durban&country=ZA&utm_source=mealdeals_scraper,2026-08-07T20:58:15.358536+00:00
Checkers,,,https://www.checkers.co.za/specials,,ZA,Port Elizabeth,https://www.checkers.co.za/specials?city=Port+Elizabeth&country=ZA&utm_source=mealdeals_scraper,2026-08-07T20:58:15.427182+00:00
City Lodge Hotel,,,https://www.clhg.com/,"Discover modern comfort at City Lodge Hotels – offering stylish accommodations, prime urban locations, and exceptional service for business and leisure travelers. Book your stay today!",ZA,Durban,https://www.clhg.com/?city=Durban&country=ZA&utm_source=mealdeals_scraper,2026-08-07T20:58:15.360806+00:00
City Lodge Hotel,,,https://www.clhg.com/,"Discover modern comfort at City Lodge Hotels – offering stylish accommodations, prime urban locations, and exceptional service for business and leisure travelers. Book your stay today!",ZA,Port Elizabeth,https://www.clhg.com/?city=Port+Elizabeth&country=ZA&utm_source=mealdeals_scraper,2026-08-07T20:58:15.429083+00:00
City Lodge Hotel,,,https://www.clhg.com/,"Discover modern comfort at City Lodge Hotels – offering stylish accommodations, prime urban locations, and exceptional service for business and leisure travelers. Book your stay today!",ZA,Pretoria,https://www.clhg.com/?city=Pretoria&country=ZA&utm_source=mealdeals_scraper,2026-08-07T20:58:15.395559+00:00
City Lodge Hotel,,,https://www.clhg.com/,"Discover modern comfort at City Lodge Hotels – offering stylish accommodations, prime urban locations, and exceptional service for business and leisure travelers. Book your stay today!",ZA,Johannesburg,https://www.clhg.com/?city=Johannesburg&country=ZA&utm_source=mealdeals_scraper,2026-08-07T20:58:15.325487+00:00
City Lodge Hotel,,,https://www.clhg.com/,"Discover modern comfort at City Lodge Hotels – offering stylish accommodations, prime urban locations, and exceptional service for business and leisure travelers. Book your stay today!",ZA,Cape Town,https://www.clhg.com/?city=Cape+Town&country=ZA&utm_source=mealdeals_scraper,2026-08-07T20:58:15.290586+00:00
Nando's,,,https://www.nandos.co.za/,We have more than just Flame-Grilled PERi-PERi up our sleeves! You have some big decisions on your hands...,ZA,Cape Town,https://www.nandos.co.za/?city=Cape+Town&country=ZA&utm_source=mealdeals_scraper,2026-08-07T20:58:15.289487+00:00
Nando's,,,https://www.nandos.co.za/,We have more than just Flame-Grilled PERi-PERi up our sleeves! You have some big decisions on your hands...,ZA,Pretoria,https://www.nandos.co.za/?city=Pretoria&country=ZA&utm_source=mealdeals_scraper,2026-08-07T20:58:15.394426+00:00
Nando's,,,https://www.nandos.co.za/,We have more than just Flame-Grilled PERi-PERi up our sleeves! You have some big decisions on your hands...,ZA,Durban,https://www.nandos.co.za/?city=Durban&country=ZA&utm_source=mealdeals_scraper,2026-08-07T20:58:15.359782+00:00
Nando's,,,https://www.nandos.co.za/,We have more than just Flame-Grilled PERi-PERi up our sleeves! You have some big decisions on your hands...,ZA,Johannesburg,https://www.nandos.co.za/?city=Johannesburg&country=ZA&utm_source=mealdeals_scraper,2026-08-07T20:58:15.324407+00:00
Nando's,,,https://www.nandos.co.za/,We have more than just Flame-Grilled PERi-PERi up our sleeves! You have some big decisions on your hands...,ZA,Port Elizabeth,https://www.nandos.co.za/?city=Port+Elizabeth&country=ZA&utm_source=mealdeals_scraper,2026-08-07T20:58:15.428196+00:00
Ocean Basket Restaurant,,,https://www.oceanbasket.com/,The Ocean Basket menu features a range of fresh seafood options that are inspired by the Mediterranean lifestyle.,ZA,Johannesburg,https://www.oceanbasket.com/?city=Johannesburg&country=ZA&utm_source=mealdeals_scraper,2026-08-07T20:58:15.326364+00:00
Ocean Basket Restaurant,,,https://www.oceanbasket.com/,The Ocean Basket menu features a range of fresh seafood options that are inspired by the Mediterranean lifestyle.,ZA,Durban,https://www.oceanbasket.com/?city=Durban&country=ZA&utm_source=mealdeals_scraper,2026-08-07T20:58:15.361641+00:00
Ocean Basket Restaurant,,,https://www.oceanbasket.com/,The Ocean Basket menu features a range of fresh seafood options that are inspired by the Mediterranean lifestyle.,ZA,Pretoria,https://www.oceanbasket.com/?city=Pretoria&country=ZA&utm_source=mealdeals_scraper,2026-08-07T20:58:15.396569+00:00
Ocean Basket Restaurant,,,https://www.oceanbasket.com/,The Ocean Basket menu features a range of fresh seafood options that are inspired by the Mediterranean lifestyle.,ZA,Port Elizabeth,https://www.oceanbasket.com/?city=Port+Elizabeth&country=ZA&utm_source=mealdeals_scraper,2026-08-07T20:58:15.429926+00:00
Ocean Basket Restaurant,,,https://www.oceanbasket.com/,The Ocean Basket menu features a range of fresh seafood options that are inspired by the Mediterranean lifestyle.,ZA,Cape Town,https://www.oceanbasket.com/?city=Cape+Town&country=ZA&utm_source=mealdeals_scraper,2026-08-07T20:58:15.291574+00:00
Spier Wine Farm,,,https://www.spier.co.za/eat/,,ZA,Johannesburg,https://www.spier.co.za/eat/?city=Johannesburg&country=ZA&utm_source=mealdeals_scraper,2026-08-07T20:58:15.327233+00:00
Spier Wine Farm,,,https://www.spier.co.za/eat/,,ZA,Durban,https://www.spier.co.za/eat/?city=Durban&country=ZA&utm_source=mealdeals_scraper,2026-08-07T20:58:15.362471+00:00
Spier Wine Farm,,,https://www.spier.co.za/eat/,,ZA,Cape Town,https://www.spier.co.za/eat/?city=Cape+Town&country=ZA&utm_source=mealdeals_scraper,2026-08-07T20:58:15.292557+00:00
Spier Wine Farm,,,https://www.spier.co.za/eat/,,ZA,Pretoria,https://www.spier.co.za/eat/?city=Pretoria&country=ZA&utm_source=mealdeals_scraper,2026-08-07T20:58:15.397446+00:00
Spier Wine Farm,,,https://www.spier.co.za/eat/,,ZA,Port Elizabeth,https://www.spier.co.za/eat/?city=Port+Elizabeth&country=ZA&utm_source=mealdeals_scraper,2026-08-07T20:58:15.430746+00:00
Spur Restaurant,,,https://www.spursteakranches.com/,,ZA,Pretoria,https://www.spursteakranches.com/?city=Pretoria&country=ZA&utm_source=mealdeals_scraper,2026-08-07T20:58:15.396109+00:00
Spur Restaurant,,,https://www.spursteakranches.com/,,ZA,Durban,https://www.spursteakranches.com/?city=Durban&country=ZA&utm_source=mealdeals_scraper,2026-08-07T20:58:15.361241+00:00
Spur Restaurant,,,https://www.spursteakranches.com/,,ZA,Cape Town,https://www.spursteakranches.com/?city=Cape+Town&country=ZA&utm_source=mealdeals_scraper,2026-08-07T20:58:15.291066+00:00
Spur Restaurant,,,https://www.spursteakranches.com/,,ZA,Johannesburg,https://www.spursteakranches.com/?city=Johannesburg&country=ZA&utm_source=mealdeals_scraper,2026-08-07T20:58:15.325949+00:00
Spur Restaurant,,,https://www.spursteakranches.com/,,ZA,Port Elizabeth,https://www.spursteakranches.com/?city=Port+Elizabeth&country=ZA&utm_source=mealdeals_scraper,2026-08-07T20:58:15.429498+00:00
Tokara Wine Estate,,,https://www.tokarawinery.co.za/,,ZA,Durban,https://www.tokarawinery.co.za/?city=Durban&country=ZA&utm_source=mealdeals_scraper,2026-08-07T20:58:15.364063+00:00
Tokara Wine Estate,,,https://www.tokarawinery.co.za/,,ZA,Johannesburg,https://www.tokarawinery.co.za/?city=Johannesburg&country=ZA&utm_source=mealdeals_scraper,2026-08-07T20:58:15.328890+00:00
Tokara Wine Estate,,,https://www.tokarawinery.co.za/,,ZA,Pretoria,https://www.tokarawinery.co.za/?city=Pretoria&country=ZA&utm_source=mealdeals_scraper,2026-08-07T20:58:15.398984+00:00
Tokara Wine Estate,,,https://www.tokarawinery.co.za/,,ZA,Cape Town,https://www.tokarawinery.co.za/?city=Cape+Town&country=ZA&utm_source=mealdeals_scraper,2026-08-07T20:58:15.294260+00:00
Tokara Wine Estate,,,https://www.tokarawinery.co.za/,,ZA,Port Elizabeth,https://www.tokarawinery.co.za/?city=Port+Elizabeth&country=ZA&utm_source=mealdeals_scraper,2026-08-07T20:58:15.432261+00:00
Tsogo Sun Hotels,,,https://www.tsogosun.com/specials,,ZA,Durban,https://www.tsogosun.com/specials?city=Durban&country=ZA&utm_source=mealdeals_scraper,2026-08-07T20:58:15.360338+00:00
Tsogo Sun Hotels,,,https://www.tsogosun.com/specials,,ZA,Johannesburg,https://www.tsogosun.com/specials?city=Johannesburg&country=ZA&utm_source=mealdeals_scraper,2026-08-07T20:58:15.324996+00:00
Tsogo Sun Hotels,,,https://www.tsogosun.com/specials,,ZA,Pretoria,https://www.tsogosun.com/specials?city=Pretoria&country=ZA&utm_source=mealdeals_scraper,2026-08-07T20:58:15.395004+00:00
Tsogo Sun Hotels,,,https://www.tsogosun.com/specials,,ZA,Cape Town,https://www.tsogosun.com/specials?city=Cape+Town&country=ZA&utm_source=mealdeals_scraper,2026-08-07T20:58:15.290092+00:00
Tsogo Sun Hotels,,,https://www.tsogosun.com/specials,,ZA,Port Elizabeth,https://www.tsogosun.com/specials?city=Port+Elizabeth&country=ZA&utm_source=mealdeals_scraper,2026-08-07T20:58:15.428635+00:00
Vergelegen Wine Estate,+27 21 847 2111,info@vergelegen.co.za,https://www.vergelegen.co.za/,"Since 1700 and to this day, Vergelegen has been crafted by some of the world's great explorers and visionaries, who each in their own way have helped shape Vergelegen.",ZA,Cape Town,https://www.vergelegen.co.za/?city=Port+Elizabeth&country=ZA&utm_source=mealdeals_scraper,2026-08-07T20:58:15.431863+00:00
Warwick Wine Estate,+27218844410,wineclub@warwickwine.com,https://www.warwickwine.com/,Experience Warwick Wine Estate's finest wines from Stellenbosch. Explore our collection and savour the essence of South African terroir.,ZA,Cape Town,https://www.warwickwine.com/?city=Port+Elizabeth&country=ZA&utm_source=mealdeals_scraper,2026-08-07T20:58:15.431485+00:00
Woolworths SA,,,https://www.woolworths.co.za/,"Online shopping for homeware, fashion, food and beauty. Discover a world of quality and value on the Woolworths online store.",ZA,Pretoria,https://www.woolworths.co.za/?city=Pretoria&country=ZA&utm_source=mealdeals_scraper,2026-08-07T20:58:15.393845+00:00
Woolworths SA,,,https://www.woolworths.co.za/,"Online shopping for homeware, fashion, food and beauty. Discover a world of quality and value on the Woolworths online store.",ZA,Johannesburg,https://www.woolworths.co.za/?city=Johannesburg&country=ZA&utm_source=mealdeals_scraper,2026-08-07T20:58:15.323835+00:00
Woolworths SA,,,https://www.woolworths.co.za/,"Online shopping for homeware, fashion, food and beauty. Discover a world of quality and value on the Woolworths online store.",ZA,Durban,https://www.woolworths.co.za/?city=Durban&country=ZA&utm_source=mealdeals_scraper,2026-08-07T20:58:15.359184+00:00
Woolworths SA,,,https://www.woolworths.co.za/,"Online shopping for homeware, fashion, food and beauty. Discover a world of quality and value on the Woolworths online store.",ZA,Cape Town,https://www.woolworths.co.za/?city=Cape+Town&country=ZA&utm_source=mealdeals_scraper,2026-08-07T20:58:15.288873+00:00
Woolworths SA,,,https://www.woolworths.co.za/,"Online shopping for homeware, fashion, food and beauty. Discover a world of quality and value on the Woolworths online store.",ZA,Port Elizabeth,https://www.woolworths.co.za/?city=Port+Elizabeth&country=ZA&utm_source=mealdeals_scraper,2026-08-07T20:58:15.427724+00:00
City Lodge Hotel,,,https://www.clhg.com/,"Discover modern comfort at City Lodge Hotels – offering stylish accommodations, prime urban locations, and exceptional service for business and leisure travelers. Book your stay today!",ZM,Lusaka,https://www.clhg.com/?city=Lusaka&country=ZM&utm_source=mealdeals_scraper,2026-08-07T20:58:15.456057+00:00
City Lodge Hotel,,,https://www.clhg.com/,"Discover modern comfort at City Lodge Hotels – offering stylish accommodations, prime urban locations, and exceptional service for business and leisure travelers. Book your stay today!",ZM,Ndola,https://www.clhg.com/?city=Ndola&country=ZM&utm_source=mealdeals_scraper,2026-08-07T20:58:15.480216+00:00
City Lodge Hotel,,,https://www.clhg.com/,"Discover modern comfort at City Lodge Hotels – offering stylish accommodations, prime urban locations, and exceptional service for business and leisure travelers. Book your stay today!",ZM,Kitwe,https://www.clhg.com/?city=Kitwe&country=ZM&utm_source=mealdeals_scraper,2026-08-07T20:58:15.503871+00:00
Debonairs Pizza Restaurant,,,https://www.debonairspizza.co.za/,"Discover bold flavours, epic pizzas and unbeatable value at Debonairs Pizza. Order your favourites online now and enjoy fast delivery or easy pickup today.",ZM,Kitwe,https://www.debonairspizza.co.za/?city=Kitwe&country=ZM&utm_source=mealdeals_scraper,2026-08-07T20:58:15.504281+00:00
Debonairs Pizza Restaurant,,,https://www.debonairspizza.co.za/,"Discover bold flavours, epic pizzas and unbeatable value at Debonairs Pizza. Order your favourites online now and enjoy fast delivery or easy pickup today.",ZM,Ndola,https://www.debonairspizza.co.za/?city=Ndola&country=ZM&utm_source=mealdeals_scraper,2026-08-07T20:58:15.480622+00:00
Debonairs Pizza Restaurant,,,https://www.debonairspizza.co.za/,"Discover bold flavours, epic pizzas and unbeatable value at Debonairs Pizza. Order your favourites online now and enjoy fast delivery or easy pickup today.",ZM,Lusaka,https://www.debonairspizza.co.za/?city=Lusaka&country=ZM&utm_source=mealdeals_scraper,2026-08-07T20:58:15.456457+00:00
Hilton Hotels,+1-855-672-1138,,https://www.hilton.com/,"Take advantage of hotel offers, unique promotions, and exclusive online specials directly from Hilton Portfolio.",ZM,Lusaka,https://www.hilton.com/en/offers/?city=Lusaka&country=ZM&utm_source=mealdeals_scraper,2026-08-07T20:58:15.454190+00:00
Hilton Hotels,+1-855-672-1138,,https://www.hilton.com/,"Take advantage of hotel offers, unique promotions, and exclusive online specials directly from Hilton Portfolio.",ZM,Ndola,https://www.hilton.com/en/offers/?city=Ndola&country=ZM&utm_source=mealdeals_scraper,2026-08-07T20:58:15.478396+00:00
Hilton Hotels,+1-855-672-1138,,https://www.hilton.com/,"Take advantage of hotel offers, unique promotions, and exclusive online specials directly from Hilton Portfolio.",ZM,Kitwe,https://www.hilton.com/en/offers/?city=Kitwe&country=ZM&utm_source=mealdeals_scraper,2026-08-07T20:58:15.502094+00:00
Hungry Lion,,,https://www.hungrylion.co.zm/,FIND A STORE DOWNLOAD MENU OUR MENU ChickenMeals FAMILYMEALS BUCKETS WINGLETS BURGERS ZAM-BITES EXTRAS SWEETTREATS DRINKS ChickenMeals FAMILYMEALS BUCKETS WINGLETS BURGERS ZAM-BITES EXTRAS SWEETTREATS DRINKS JOIN OURTEAM Click here,ZM,Ndola,https://www.hungrylion.co.zm/?city=Ndola&country=ZM&utm_source=mealdeals_scraper,2026-08-07T20:58:15.477248+00:00
Hungry Lion,,,https://www.hungrylion.co.zm/,FIND A STORE DOWNLOAD MENU OUR MENU ChickenMeals FAMILYMEALS BUCKETS WINGLETS BURGERS ZAM-BITES EXTRAS SWEETTREATS DRINKS ChickenMeals FAMILYMEALS BUCKETS WINGLETS BURGERS ZAM-BITES EXTRAS SWEETTREATS DRINKS JOIN OURTEAM Click here,ZM,Lusaka,https://www.hungrylion.co.zm/?city=Lusaka&country=ZM&utm_source=mealdeals_scraper,2026-08-07T20:58:15.452987+00:00
Hungry Lion,,,https://www.hungrylion.co.zm/,FIND A STORE DOWNLOAD MENU OUR MENU ChickenMeals FAMILYMEALS BUCKETS WINGLETS BURGERS ZAM-BITES EXTRAS SWEETTREATS DRINKS ChickenMeals FAMILYMEALS BUCKETS WINGLETS BURGERS ZAM-BITES EXTRAS SWEETTREATS DRINKS JOIN OURTEAM Click here,ZM,Kitwe,https://www.hungrylion.co.zm/?city=Kitwe&country=ZM&utm_source=mealdeals_scraper,2026-08-07T20:58:15.500979+00:00
Ibis Hotel,,,https://all.accor.com/hotel/ibis/index.en.shtml,,ZM,Kitwe,https://all.accor.com/hotel/ibis/index.en.shtml?city=Kitwe&country=ZM&utm_source=mealdeals_scraper,2026-08-07T20:58:15.502551+00:00
Ibis Hotel,,,https://all.accor.com/hotel/ibis/index.en.shtml,,ZM,Lusaka,https://all.accor.com/hotel/ibis/index.en.shtml?city=Lusaka&country=ZM&utm_source=mealdeals_scraper,2026-08-07T20:58:15.454763+00:00
Ibis Hotel,,,https://all.accor.com/hotel/ibis/index.en.shtml,,ZM,Ndola,https://all.accor.com/hotel/ibis/index.en.shtml?city=Ndola&country=ZM&utm_source=mealdeals_scraper,2026-08-07T20:58:15.478904+00:00
Local Pub & Grill,,,https://www.tripadvisor.com/Restaurants,,ZM,Kitwe,https://www.tripadvisor.com/Restaurants?city=Kitwe&country=ZM&utm_source=mealdeals_scraper,2026-08-07T20:58:15.503437+00:00
Local Pub & Grill,,,https://www.tripadvisor.com/Restaurants,,ZM,Lusaka,https://www.tripadvisor.com/Restaurants?city=Lusaka&country=ZM&utm_source=mealdeals_scraper,2026-08-07T20:58:15.455632+00:00
Local Pub & Grill,,,https://www.tripadvisor.com/Restaurants,,ZM,Ndola,https://www.tripadvisor.com/Restaurants?city=Ndola&country=ZM&utm_source=mealdeals_scraper,2026-08-07T20:58:15.479781+00:00
Marriott Hotels,,,https://www.marriott.com/,Make the most of your next stay with hotel deals and promotional travel discounts from Marriott Bonvoy.,ZM,Kitwe,https://www.marriott.com/offers.mi?city=Kitwe&country=ZM&utm_source=mealdeals_scraper,2026-08-07T20:58:15.501544+00:00
Marriott Hotels,,,https://www.marriott.com/,Make the most of your next stay with hotel deals and promotional travel discounts from Marriott Bonvoy.,ZM,Lusaka,https://www.marriott.com/offers.mi?city=Lusaka&country=ZM&utm_source=mealdeals_scraper,2026-08-07T20:58:15.453572+00:00
Marriott Hotels,,,https://www.marriott.com/,Make the most of your next stay with hotel deals and promotional travel discounts from Marriott Bonvoy.,ZM,Ndola,https://www.marriott.com/offers.mi?city=Ndola&country=ZM&utm_source=mealdeals_scraper,2026-08-07T20:58:15.477831+00:00
Shoprite Zambia,,,https://www.shoprite.co.zm/,,ZM,Ndola,https://www.shoprite.co.zm/?city=Ndola&country=ZM&utm_source=mealdeals_scraper,2026-08-07T20:58:15.476615+00:00
Shoprite Zambia,,,https://www.shoprite.co.zm/,,ZM,Kitwe,https://www.shoprite.co.zm/?city=Kitwe&country=ZM&utm_source=mealdeals_scraper,2026-08-07T20:58:15.500348+00:00
Shoprite Zambia,,,https://www.shoprite.co.zm/,,ZM,Lusaka,https://www.shoprite.co.zm/?city=Lusaka&country=ZM&utm_source=mealdeals_scraper,2026-08-07T20:58:15.452339+00:00
Starbucks Coffee,,,https://www.starbucks.com/,,ZM,Ndola,https://www.starbucks.com/menu?city=Ndola&country=ZM&utm_source=mealdeals_scraper,2026-08-07T20:58:15.479336+00:00
Starbucks Coffee,,,https://www.starbucks.com/,,ZM,Lusaka,https://www.starbucks.com/menu?city=Lusaka&country=ZM&utm_source=mealdeals_scraper,2026-08-07T20:58:15.455223+00:00
Starbucks Coffee,,,https://www.starbucks.com/,,ZM,Kitwe,https://www.starbucks.com/menu?city=Kitwe&country=ZM&utm_source=mealdeals_scraper,2026-08-07T20:58:15.503017+00:00
Chicken Inn,,,https://www.chickeninn.co.zw/,,ZW,Bulawayo,https://www.chickeninn.co.zw/?city=Bulawayo&country=ZW&utm_source=mealdeals_scraper,2026-08-07T20:58:15.549492+00:00
Chicken Inn,,,https://www.chickeninn.co.zw/,,ZW,Harare,https://www.chickeninn.co.zw/?city=Harare&country=ZW&utm_source=mealdeals_scraper,2026-08-07T20:58:15.525329+00:00
City Lodge Hotel,,,https://www.clhg.com/,"Discover modern comfort at City Lodge Hotels – offering stylish accommodations, prime urban locations, and exceptional service for business and leisure travelers. Book your stay today!",ZW,Bulawayo,https://www.clhg.com/?city=Bulawayo&country=ZW&utm_source=mealdeals_scraper,2026-08-07T20:58:15.552063+00:00
City Lodge Hotel,,,https://www.clhg.com/,"Discover modern comfort at City Lodge Hotels – offering stylish accommodations, prime urban locations, and exceptional service for business and leisure travelers. Book your stay today!",ZW,Harare,https://www.clhg.com/?city=Harare&country=ZW&utm_source=mealdeals_scraper,2026-08-07T20:58:15.528106+00:00
Debonairs Pizza Restaurant,,,https://www.debonairspizza.co.za/,"Discover bold flavours, epic pizzas and unbeatable value at Debonairs Pizza. Order your favourites online now and enjoy fast delivery or easy pickup today.",ZW,Bulawayo,https://www.debonairspizza.co.za/?city=Bulawayo&country=ZW&utm_source=mealdeals_scraper,2026-08-07T20:58:15.552451+00:00
Debonairs Pizza Restaurant,,,https://www.debonairspizza.co.za/,"Discover bold flavours, epic pizzas and unbeatable value at Debonairs Pizza. Order your favourites online now and enjoy fast delivery or easy pickup today.",ZW,Harare,https://www.debonairspizza.co.za/?city=Harare&country=ZW&utm_source=mealdeals_scraper,2026-08-07T20:58:15.528505+00:00
Hilton Hotels,+1-855-672-1138,,https://www.hilton.com/,"Take advantage of hotel offers, unique promotions, and exclusive online specials directly from Hilton Portfolio.",ZW,Bulawayo,https://www.hilton.com/en/offers/?city=Bulawayo&country=ZW&utm_source=mealdeals_scraper,2026-08-07T20:58:15.550421+00:00
Hilton Hotels,+1-855-672-1138,,https://www.hilton.com/,"Take advantage of hotel offers, unique promotions, and exclusive online specials directly from Hilton Portfolio.",ZW,Harare,https://www.hilton.com/en/offers/?city=Harare&country=ZW&utm_source=mealdeals_scraper,2026-08-07T20:58:15.526357+00:00
Ibis Hotel,,,https://all.accor.com/hotel/ibis/index.en.shtml,,ZW,Harare,https://all.accor.com/hotel/ibis/index.en.shtml?city=Harare&country=ZW&utm_source=mealdeals_scraper,2026-08-07T20:58:15.526806+00:00
Ibis Hotel,,,https://all.accor.com/hotel/ibis/index.en.shtml,,ZW,Bulawayo,https://all.accor.com/hotel/ibis/index.en.shtml?city=Bulawayo&country=ZW&utm_source=mealdeals_scraper,2026-08-07T20:58:15.550860+00:00
Local Pub & Grill,,,https://www.tripadvisor.com/Restaurants,,ZW,Bulawayo,https://www.tripadvisor.com/Restaurants?city=Bulawayo&country=ZW&utm_source=mealdeals_scraper,2026-08-07T20:58:15.551647+00:00
Local Pub & Grill,,,https://www.tripadvisor.com/Restaurants,,ZW,Harare,https://www.tripadvisor.com/Restaurants?city=Harare&country=ZW&utm_source=mealdeals_scraper,2026-08-07T20:58:15.527683+00:00
Marriott Hotels,,,https://www.marriott.com/,Make the most of your next stay with hotel deals and promotional travel discounts from Marriott Bonvoy.,ZW,Harare,https://www.marriott.com/offers.mi?city=Harare&country=ZW&utm_source=mealdeals_scraper,2026-08-07T20:58:15.525897+00:00
Marriott Hotels,,,https://www.marriott.com/,Make the most of your next stay with hotel deals and promotional travel discounts from Marriott Bonvoy.,ZW,Bulawayo,https://www.marriott.com/offers.mi?city=Bulawayo&country=ZW&utm_source=mealdeals_scraper,2026-08-07T20:58:15.549987+00:00
OK Zimbabwe,,,https://www.okz.co.zw/,,ZW,Harare,https://www.okz.co.zw/?city=Harare&country=ZW&utm_source=mealdeals_scraper,2026-08-07T20:58:15.524713+00:00
OK Zimbabwe,,,https://www.okz.co.zw/,,ZW,Bulawayo,https://www.okz.co.zw/?city=Bulawayo&country=ZW&utm_source=mealdeals_scraper,2026-08-07T20:58:15.548873+00:00
Starbucks Coffee,,,https://www.starbucks.com/,,ZW,Bulawayo,https://www.starbucks.com/menu?city=Bulawayo&country=ZW&utm_source=mealdeals_scraper,2026-08-07T20:58:15.551263+00:00
Starbucks Coffee,,,https://www.starbucks.com/,,ZW,Harare,https://www.starbucks.com/menu?city=Harare&country=ZW&utm_source=mealdeals_scraper,2026-08-07T20:58:15.527259+00:00
